00000000: 23 45 58 54 4D 33 55 20 75 72 6C 2D 74 76 67 3D    #EXTM3U url-tvg=
00000010: 22 68 74 74 70 73 3A 2F 2F 67 69 74 68 75 62 2E    "https://github.
00000020: 63 6F 6D 2F 6D 61 74 74 68 75 69 73 6D 61 6E 2F    com/matthuisman/
00000030: 69 2E 6D 6A 68 2E 6E 7A 2F 72 61 77 2F 6D 61 73    i.mjh.nz/raw/mas
00000040: 74 65 72 2F 53 61 6D 73 75 6E 67 54 56 50 6C 75    ter/SamsungTVPlu
00000050: 73 2F 75 73 2E 78 6D 6C 2E 67 7A 22 0A 23 45 58    s/us.xml.gz".#EX
00000060: 54 49 4E 46 3A 2D 31 20 63 68 61 6E 6E 65 6C 2D    TINF:-1 channel-
00000070: 69 64 3D 22 55 53 42 42 33 32 30 30 30 30 33 39    id="USBB32000039
00000080: 37 22 20 74 76 67 2D 69 64 3D 22 55 53 42 42 33    7" tvg-id="USBB3
00000090: 32 30 30 30 30 33 39 37 22 20 74 76 67 2D 63 68    20000397" tvg-ch
000000a0: 6E 6F 3D 22 31 36 30 30 22 20 74 76 67 2D 6E 61    no="1600" tvg-na
000000b0: 6D 65 3D 22 32 31 20 4A 75 6D 70 20 53 74 72 65    me="21 Jump Stre
000000c0: 65 74 22 20 74 76 67 2D 6C 6F 67 6F 3D 22 68 74    et" tvg-logo="ht
000000d0: 74 70 73 3A 2F 2F 74 76 70 6E 6C 6F 67 6F 70 75    tps://tvpnlogopu
000000e0: 73 2E 73 61 6D 73 75 6E 67 63 6C 6F 75 64 2E 74    s.samsungcloud.t
000000f0: 76 2F 70 6C 61 74 66 6F 72 6D 2F 69 6D 61 67 65    v/platform/image
00000100: 2F 73 6F 75 72 63 65 6C 6F 67 6F 2F 76 63 2F 30    /sourcelogo/vc/0
00000110: 30 2F 30 32 2F 33 34 2F 55 53 42 42 33 32 30 30    0/02/34/USBB3200
00000120: 30 30 33 39 37 5F 32 30 32 34 31 31 30 35 54 30    00397_20241105T0
00000130: 32 34 32 35 37 53 51 55 41 52 45 2E 70 6E 67 22    24257SQUARE.png"
00000140: 20 67 72 6F 75 70 2D 74 69 74 6C 65 3D 22 41 63     group-title="Ac
00000150: 74 69 6F 6E 20 26 20 44 72 61 6D 61 22 2C 32 31    tion & Drama",21
00000160: 20 4A 75 6D 70 20 53 74 72 65 65 74 0A 68 74 74     Jump Street.htt
00000170: 70 73 3A 2F 2F 6A 6D 70 32 2E 75 6B 2F 73 74 76    ps://jmp2.uk/stv
00000180: 70 2D 55 53 42 42 33 32 30 30 30 30 33 39 37 0A    p-USBB320000397.
00000190: 23 45 58 54 49 4E 46 3A 2D 31 20 63 68 61 6E 6E    #EXTINF:-1 chann
000001a0: 65 6C 2D 69 64 3D 22 55 53 42 44 37 30 30 30 30    el-id="USBD70000
000001b0: 34 31 32 22 20 74 76 67 2D 69 64 3D 22 55 53 42    412" tvg-id="USB
000001c0: 44 37 30 30 30 30 34 31 32 22 20 74 76 67 2D 63    D70000412" tvg-c
000001d0: 68 6E 6F 3D 22 32 39 35 34 22 20 74 76 67 2D 6E    hno="2954" tvg-n
000001e0: 61 6D 65 3D 22 34 55 56 22 20 74 76 67 2D 6C 6F    ame="4UV" tvg-lo
000001f0: 67 6F 3D 22 68 74 74 70 73 3A 2F 2F 74 76 70 6E    go="https://tvpn
00000200: 6C 6F 67 6F 70 75 73 2E 73 61 6D 73 75 6E 67 63    logopus.samsungc
00000210: 6C 6F 75 64 2E 74 76 2F 70 6C 61 74 66 6F 72 6D    loud.tv/platform
00000220: 2F 69 6D 61 67 65 2F 73 6F 75 72 63 65 6C 6F 67    /image/sourcelog
00000230: 6F 2F 76 63 2F 30 30 2F 30 32 2F 33 34 2F 55 53    o/vc/00/02/34/US
00000240: 42 44 37 30 30 30 30 34 31 32 5F 32 30 32 35 30    BD70000412_20250
00000250: 35 32 30 54 32 31 31 33 33 32 53 51 55 41 52 45    520T211332SQUARE
00000260: 2E 70 6E 67 22 20 67 72 6F 75 70 2D 74 69 74 6C    .png" group-titl
00000270: 65 3D 22 4C 69 66 65 73 74 79 6C 65 20 26 20 50    e="Lifestyle & P
00000280: 6F 70 20 43 75 6C 74 75 72 65 22 2C 34 55 56 0A    op Culture",4UV.
00000290: 68 74 74 70 73 3A 2F 2F 6A 6D 70 32 2E 75 6B 2F    https://jmp2.uk/
000002a0: 73 74 76 70 2D 55 53 42 44 37 30 30 30 30 34 31    stvp-USBD7000041
000002b0: 32 0A 23 45 58 54 49 4E 46 3A 2D 31 20 63 68 61    2.#EXTINF:-1 cha
000002c0: 6E 6E 65 6C 2D 69 64 3D 22 55 53 42 44 34 32 30    nnel-id="USBD420
000002d0: 30 30 30 37 33 45 22 20 74 76 67 2D 69 64 3D 22    00073E" tvg-id="
000002e0: 55 53 42 44 34 32 30 30 30 30 37 33 45 22 20 74    USBD42000073E" t
000002f0: 76 67 2D 63 68 6E 6F 3D 22 31 38 33 31 22 20 74    vg-chno="1831" t
00000300: 76 67 2D 6E 61 6D 65 3D 22 36 30 20 44 61 79 73    vg-name="60 Days
00000310: 20 49 6E 20 62 79 20 41 26 45 22 20 74 76 67 2D     In by A&E" tvg-
00000320: 6C 6F 67 6F 3D 22 68 74 74 70 73 3A 2F 2F 74 76    logo="https://tv
00000330: 70 6E 6C 6F 67 6F 70 75 73 2E 73 61 6D 73 75 6E    pnlogopus.samsun
00000340: 67 63 6C 6F 75 64 2E 74 76 2F 70 6C 61 74 66 6F    gcloud.tv/platfo
00000350: 72 6D 2F 69 6D 61 67 65 2F 73 6F 75 72 63 65 6C    rm/image/sourcel
00000360: 6F 67 6F 2F 76 63 2F 30 30 2F 30 32 2F 33 34 2F    ogo/vc/00/02/34/
00000370: 55 53 42 44 34 32 30 30 30 30 37 33 45 5F 32 30    USBD42000073E_20
00000380: 32 35 30 35 32 30 54 32 31 31 33 33 34 53 51 55    250520T211334SQU
00000390: 41 52 45 2E 70 6E 67 22 20 67 72 6F 75 70 2D 74    ARE.png" group-t
000003a0: 69 74 6C 65 3D 22 43 72 69 6D 65 22 2C 36 30 20    itle="Crime",60 
000003b0: 44 61 79 73 20 49 6E 20 62 79 20 41 26 45 0A 68    Days In by A&E.h
000003c0: 74 74 70 73 3A 2F 2F 6A 6D 70 32 2E 75 6B 2F 73    ttps://jmp2.uk/s
000003d0: 74 76 70 2D 55 53 42 44 34 32 30 30 30 30 37 33    tvp-USBD42000073
000003e0: 45 0A 23 45 58 54 49 4E 46 3A 2D 31 20 63 68 61    E.#EXTINF:-1 cha
000003f0: 6E 6E 65 6C 2D 69 64 3D 22 55 53 34 38 30 30 30    nnel-id="US48000
00000400: 30 31 57 35 22 20 74 76 67 2D 69 64 3D 22 55 53    01W5" tvg-id="US
00000410: 34 38 30 30 30 30 31 57 35 22 20 74 76 67 2D 63    4800001W5" tvg-c
00000420: 68 6E 6F 3D 22 31 38 34 34 22 20 74 76 67 2D 6E    hno="1844" tvg-n
00000430: 61 6D 65 3D 22 41 42 43 20 32 30 2F 32 30 22 20    ame="ABC 20/20" 
00000440: 74 76 67 2D 6C 6F 67 6F 3D 22 68 74 74 70 73 3A    tvg-logo="https:
00000450: 2F 2F 74 76 70 6E 6C 6F 67 6F 70 75 73 2E 73 61    //tvpnlogopus.sa
00000460: 6D 73 75 6E 67 63 6C 6F 75 64 2E 74 76 2F 70 6C    msungcloud.tv/pl
00000470: 61 74 66 6F 72 6D 2F 69 6D 61 67 65 2F 73 6F 75    atform/image/sou
00000480: 72 63 65 6C 6F 67 6F 2F 76 63 2F 30 30 2F 30 32    rcelogo/vc/00/02
00000490: 2F 33 34 2F 55 53 34 38 30 30 30 30 31 57 35 5F    /34/US4800001W5_
000004a0: 32 30 32 35 30 38 31 32 54 30 30 33 34 34 32 53    20250812T003442S
000004b0: 51 55 41 52 45 2E 70 6E 67 22 20 67 72 6F 75 70    QUARE.png" group
000004c0: 2D 74 69 74 6C 65 3D 22 43 72 69 6D 65 22 2C 41    -title="Crime",A
000004d0: 42 43 20 32 30 2F 32 30 0A 68 74 74 70 73 3A 2F    BC 20/20.https:/
000004e0: 2F 6A 6D 70 32 2E 75 6B 2F 73 74 76 70 2D 55 53    /jmp2.uk/stvp-US
000004f0: 34 38 30 30 30 30 31 57 35 0A 23 45 58 54 49 4E    4800001W5.#EXTIN
00000500: 46 3A 2D 31 20 63 68 61 6E 6E 65 6C 2D 69 64 3D    F:-1 channel-id=
00000510: 22 55 53 42 43 33 39 30 30 30 31 37 31 47 22 20    "USBC39000171G" 
00000520: 74 76 67 2D 69 64 3D 22 55 53 42 43 33 39 30 30    tvg-id="USBC3900
00000530: 30 31 37 31 47 22 20 74 76 67 2D 63 68 6E 6F 3D    0171G" tvg-chno=
00000540: 22 31 31 31 32 22 20 74 76 67 2D 6E 61 6D 65 3D    "1112" tvg-name=
00000550: 22 41 42 43 20 4E 65 77 73 20 4C 69 76 65 22 20    "ABC News Live" 
00000560: 74 76 67 2D 6C 6F 67 6F 3D 22 68 74 74 70 73 3A    tvg-logo="https:
00000570: 2F 2F 74 76 70 6E 6C 6F 67 6F 70 75 73 2E 73 61    //tvpnlogopus.sa
00000580: 6D 73 75 6E 67 63 6C 6F 75 64 2E 74 76 2F 70 6C    msungcloud.tv/pl
00000590: 61 74 66 6F 72 6D 2F 69 6D 61 67 65 2F 73 6F 75    atform/image/sou
000005a0: 72 63 65 6C 6F 67 6F 2F 76 63 2F 30 30 2F 30 32    rcelogo/vc/00/02
000005b0: 2F 33 34 2F 55 53 42 43 33 39 30 30 30 31 37 31    /34/USBC39000171
000005c0: 47 5F 32 30 32 34 31 31 30 35 54 30 32 34 32 32    G_20241105T02422
000005d0: 39 53 51 55 41 52 45 2E 70 6E 67 22 20 67 72 6F    9SQUARE.png" gro
000005e0: 75 70 2D 74 69 74 6C 65 3D 22 4E 65 77 73 20 26    up-title="News &
000005f0: 20 4F 70 69 6E 69 6F 6E 22 2C 41 42 43 20 4E 65     Opinion",ABC Ne
00000600: 77 73 20 4C 69 76 65 0A 68 74 74 70 73 3A 2F 2F    ws Live.https://
00000610: 6A 6D 70 32 2E 75 6B 2F 73 74 76 70 2D 55 53 42    jmp2.uk/stvp-USB
00000620: 43 33 39 30 30 30 31 37 31 47 0A 23 45 58 54 49    C39000171G.#EXTI
00000630: 4E 46 3A 2D 31 20 63 68 61 6E 6E 65 6C 2D 69 64    NF:-1 channel-id
00000640: 3D 22 55 53 42 44 32 35 30 30 30 31 36 31 55 22    ="USBD25000161U"
00000650: 20 74 76 67 2D 69 64 3D 22 55 53 42 44 32 35 30     tvg-id="USBD250
00000660: 30 30 31 36 31 55 22 20 74 76 67 2D 63 68 6E 6F    00161U" tvg-chno
00000670: 3D 22 32 33 39 36 22 20 74 76 67 2D 6E 61 6D 65    ="2396" tvg-name
00000680: 3D 22 41 43 43 20 44 69 67 69 74 61 6C 20 4E 65    ="ACC Digital Ne
00000690: 74 77 6F 72 6B 22 20 74 76 67 2D 6C 6F 67 6F 3D    twork" tvg-logo=
000006a0: 22 68 74 74 70 73 3A 2F 2F 74 76 70 6E 6C 6F 67    "https://tvpnlog
000006b0: 6F 70 75 73 2E 73 61 6D 73 75 6E 67 63 6C 6F 75    opus.samsungclou
000006c0: 64 2E 74 76 2F 70 6C 61 74 66 6F 72 6D 2F 69 6D    d.tv/platform/im
000006d0: 61 67 65 2F 73 6F 75 72 63 65 6C 6F 67 6F 2F 76    age/sourcelogo/v
000006e0: 63 2F 30 30 2F 30 32 2F 33 34 2F 55 53 42 44 32    c/00/02/34/USBD2
000006f0: 35 30 30 30 31 36 31 55 5F 32 30 32 35 30 33 30    5000161U_2025030
00000700: 34 54 30 34 31 34 35 30 53 51 55 41 52 45 2E 70    4T041450SQUARE.p
00000710: 6E 67 22 20 67 72 6F 75 70 2D 74 69 74 6C 65 3D    ng" group-title=
00000720: 22 53 70 6F 72 74 73 20 26 20 4F 75 74 64 6F 6F    "Sports & Outdoo
00000730: 72 73 22 2C 41 43 43 20 44 69 67 69 74 61 6C 20    rs",ACC Digital 
00000740: 4E 65 74 77 6F 72 6B 0A 68 74 74 70 73 3A 2F 2F    Network.https://
00000750: 6A 6D 70 32 2E 75 6B 2F 73 74 76 70 2D 55 53 42    jmp2.uk/stvp-USB
00000760: 44 32 35 30 30 30 31 36 31 55 0A 23 45 58 54 49    D25000161U.#EXTI
00000770: 4E 46 3A 2D 31 20 63 68 61 6E 6E 65 6C 2D 69 64    NF:-1 channel-id
00000780: 3D 22 55 53 33 35 30 30 30 32 30 31 54 22 20 74    ="US35000201T" t
00000790: 76 67 2D 69 64 3D 22 55 53 33 35 30 30 30 32 30    vg-id="US3500020
000007a0: 31 54 22 20 74 76 67 2D 63 68 6E 6F 3D 22 31 35    1T" tvg-chno="15
000007b0: 32 37 22 20 74 76 67 2D 6E 61 6D 65 3D 22 41 63    27" tvg-name="Ac
000007c0: 6F 72 6E 20 54 56 20 4D 79 73 74 65 72 69 65 73    orn TV Mysteries
000007d0: 22 20 74 76 67 2D 6C 6F 67 6F 3D 22 68 74 74 70    " tvg-logo="http
000007e0: 73 3A 2F 2F 74 76 70 6E 6C 6F 67 6F 70 75 73 2E    s://tvpnlogopus.
000007f0: 73 61 6D 73 75 6E 67 63 6C 6F 75 64 2E 74 76 2F    samsungcloud.tv/
00000800: 70 6C 61 74 66 6F 72 6D 2F 69 6D 61 67 65 2F 73    platform/image/s
00000810: 6F 75 72 63 65 6C 6F 67 6F 2F 76 63 2F 30 30 2F    ourcelogo/vc/00/
00000820: 30 32 2F 33 34 2F 55 53 33 35 30 30 30 32 30 31    02/34/US35000201
00000830: 54 5F 32 30 32 35 31 31 31 30 54 32 33 35 30 33    T_20251110T23503
00000840: 39 53 51 55 41 52 45 2E 70 6E 67 22 20 67 72 6F    9SQUARE.png" gro
00000850: 75 70 2D 74 69 74 6C 65 3D 22 41 63 74 69 6F 6E    up-title="Action
00000860: 20 26 20 44 72 61 6D 61 22 2C 41 63 6F 72 6E 20     & Drama",Acorn 
00000870: 54 56 20 4D 79 73 74 65 72 69 65 73 0A 68 74 74    TV Mysteries.htt
00000880: 70 73 3A 2F 2F 6A 6D 70 32 2E 75 6B 2F 73 74 76    ps://jmp2.uk/stv
00000890: 70 2D 55 53 33 35 30 30 30 32 30 31 54 0A 23 45    p-US35000201T.#E
000008a0: 58 54 49 4E 46 3A 2D 31 20 63 68 61 6E 6E 65 6C    XTINF:-1 channel
000008b0: 2D 69 64 3D 22 55 53 34 31 30 30 30 33 38 52 39    -id="US4100038R9
000008c0: 22 20 74 76 67 2D 69 64 3D 22 55 53 34 31 30 30    " tvg-id="US4100
000008d0: 30 33 38 52 39 22 20 74 76 67 2D 63 68 6E 6F 3D    038R9" tvg-chno=
000008e0: 22 32 36 32 31 22 20 74 76 67 2D 6E 61 6D 65 3D    "2621" tvg-name=
000008f0: 22 41 46 56 20 77 69 74 68 20 41 6C 66 6F 6E 73    "AFV with Alfons
00000900: 6F 20 52 69 62 65 69 72 6F 22 20 74 76 67 2D 6C    o Ribeiro" tvg-l
00000910: 6F 67 6F 3D 22 68 74 74 70 73 3A 2F 2F 74 76 70    ogo="https://tvp
00000920: 6E 6C 6F 67 6F 70 75 73 2E 73 61 6D 73 75 6E 67    nlogopus.samsung
00000930: 63 6C 6F 75 64 2E 74 76 2F 70 6C 61 74 66 6F 72    cloud.tv/platfor
00000940: 6D 2F 69 6D 61 67 65 2F 73 6F 75 72 63 65 6C 6F    m/image/sourcelo
00000950: 67 6F 2F 76 63 2F 30 30 2F 30 32 2F 33 34 2F 55    go/vc/00/02/34/U
00000960: 53 34 31 30 30 30 33 38 52 39 5F 32 30 32 35 31    S4100038R9_20251
00000970: 32 30 32 54 30 30 35 39 30 34 53 51 55 41 52 45    202T005904SQUARE
00000980: 2E 70 6E 67 22 20 67 72 6F 75 70 2D 74 69 74 6C    .png" group-titl
00000990: 65 3D 22 43 6F 6D 65 64 79 22 2C 41 46 56 20 77    e="Comedy",AFV w
000009a0: 69 74 68 20 41 6C 66 6F 6E 73 6F 20 52 69 62 65    ith Alfonso Ribe
000009b0: 69 72 6F 0A 68 74 74 70 73 3A 2F 2F 6A 6D 70 32    iro.https://jmp2
000009c0: 2E 75 6B 2F 73 74 76 70 2D 55 53 34 31 30 30 30    .uk/stvp-US41000
000009d0: 33 38 52 39 0A 23 45 58 54 49 4E 46 3A 2D 31 20    38R9.#EXTINF:-1 
000009e0: 63 68 61 6E 6E 65 6C 2D 69 64 3D 22 55 53 31 38    channel-id="US18
000009f0: 30 30 30 31 34 43 47 22 20 74 76 67 2D 69 64 3D    00014CG" tvg-id=
00000a00: 22 55 53 31 38 30 30 30 31 34 43 47 22 20 74 76    "US1800014CG" tv
00000a10: 67 2D 63 68 6E 6F 3D 22 33 30 32 35 22 20 74 76    g-chno="3025" tv
00000a20: 67 2D 6E 61 6D 65 3D 22 41 6C 66 72 65 64 20 48    g-name="Alfred H
00000a30: 69 74 63 68 63 6F 63 6B 20 50 72 65 73 65 6E 74    itchcock Present
00000a40: 73 22 20 74 76 67 2D 6C 6F 67 6F 3D 22 68 74 74    s" tvg-logo="htt
00000a50: 70 73 3A 2F 2F 74 76 70 6E 6C 6F 67 6F 70 75 73    ps://tvpnlogopus
00000a60: 2E 73 61 6D 73 75 6E 67 63 6C 6F 75 64 2E 74 76    .samsungcloud.tv
00000a70: 2F 70 6C 61 74 66 6F 72 6D 2F 69 6D 61 67 65 2F    /platform/image/
00000a80: 73 6F 75 72 63 65 6C 6F 67 6F 2F 76 63 2F 30 30    sourcelogo/vc/00
00000a90: 2F 30 32 2F 33 34 2F 55 53 31 38 30 30 30 31 34    /02/34/US1800014
00000aa0: 43 47 5F 32 30 32 35 31 31 32 35 54 30 33 30 38    CG_20251125T0308
00000ab0: 35 39 53 51 55 41 52 45 2E 70 6E 67 22 20 67 72    59SQUARE.png" gr
00000ac0: 6F 75 70 2D 74 69 74 6C 65 3D 22 53 63 69 2D 46    oup-title="Sci-F
00000ad0: 69 20 26 20 48 6F 72 72 6F 72 22 2C 41 6C 66 72    i & Horror",Alfr
00000ae0: 65 64 20 48 69 74 63 68 63 6F 63 6B 20 50 72 65    ed Hitchcock Pre
00000af0: 73 65 6E 74 73 0A 68 74 74 70 73 3A 2F 2F 6A 6D    sents.https://jm
00000b00: 70 32 2E 75 6B 2F 73 74 76 70 2D 55 53 31 38 30    p2.uk/stvp-US180
00000b10: 30 30 31 34 43 47 0A 23 45 58 54 49 4E 46 3A 2D    0014CG.#EXTINF:-
00000b20: 31 20 63 68 61 6E 6E 65 6C 2D 69 64 3D 22 55 53    1 channel-id="US
00000b30: 42 43 31 30 30 30 30 30 36 33 30 22 20 74 76 67    BC100000630" tvg
00000b40: 2D 69 64 3D 22 55 53 42 43 31 30 30 30 30 30 36    -id="USBC1000006
00000b50: 33 30 22 20 74 76 67 2D 63 68 6E 6F 3D 22 33 30    30" tvg-chno="30
00000b60: 35 30 22 20 74 76 67 2D 6E 61 6D 65 3D 22 41 6C    50" tvg-name="Al
00000b70: 69 65 6E 20 4E 61 74 69 6F 6E 20 62 79 20 44 55    ien Nation by DU
00000b80: 53 54 22 20 74 76 67 2D 6C 6F 67 6F 3D 22 68 74    ST" tvg-logo="ht
00000b90: 74 70 73 3A 2F 2F 74 76 70 6E 6C 6F 67 6F 70 75    tps://tvpnlogopu
00000ba0: 73 2E 73 61 6D 73 75 6E 67 63 6C 6F 75 64 2E 74    s.samsungcloud.t
00000bb0: 76 2F 70 6C 61 74 66 6F 72 6D 2F 69 6D 61 67 65    v/platform/image
00000bc0: 2F 73 6F 75 72 63 65 6C 6F 67 6F 2F 76 63 2F 30    /sourcelogo/vc/0
00000bd0: 30 2F 30 32 2F 33 34 2F 55 53 42 43 31 30 30 30    0/02/34/USBC1000
00000be0: 30 30 36 33 30 5F 32 30 32 34 30 37 33 30 54 30    00630_20240730T0
00000bf0: 31 32 38 30 32 53 51 55 41 52 45 2E 70 6E 67 22    12802SQUARE.png"
00000c00: 20 67 72 6F 75 70 2D 74 69 74 6C 65 3D 22 53 63     group-title="Sc
00000c10: 69 2D 46 69 20 26 20 48 6F 72 72 6F 72 22 2C 41    i-Fi & Horror",A
00000c20: 6C 69 65 6E 20 4E 61 74 69 6F 6E 20 62 79 20 44    lien Nation by D
00000c30: 55 53 54 0A 68 74 74 70 73 3A 2F 2F 6A 6D 70 32    UST.https://jmp2
00000c40: 2E 75 6B 2F 73 74 76 70 2D 55 53 42 43 31 30 30    .uk/stvp-USBC100
00000c50: 30 30 30 36 33 30 0A 23 45 58 54 49 4E 46 3A 2D    000630.#EXTINF:-
00000c60: 31 20 63 68 61 6E 6E 65 6C 2D 69 64 3D 22 55 53    1 channel-id="US
00000c70: 42 42 32 33 30 30 30 30 31 51 50 22 20 74 76 67    BB2300001QP" tvg
00000c80: 2D 69 64 3D 22 55 53 42 42 32 33 30 30 30 30 31    -id="USBB2300001
00000c90: 51 50 22 20 74 76 67 2D 63 68 6E 6F 3D 22 31 35    QP" tvg-chno="15
00000ca0: 30 35 22 20 74 76 67 2D 6E 61 6D 65 3D 22 41 4C    05" tvg-name="AL
00000cb0: 4C 20 41 43 54 49 4F 4E 22 20 74 76 67 2D 6C 6F    L ACTION" tvg-lo
00000cc0: 67 6F 3D 22 68 74 74 70 73 3A 2F 2F 74 76 70 6E    go="https://tvpn
00000cd0: 6C 6F 67 6F 70 75 73 2E 73 61 6D 73 75 6E 67 63    logopus.samsungc
00000ce0: 6C 6F 75 64 2E 74 76 2F 70 6C 61 74 66 6F 72 6D    loud.tv/platform
00000cf0: 2F 69 6D 61 67 65 2F 73 6F 75 72 63 65 6C 6F 67    /image/sourcelog
00000d00: 6F 2F 76 63 2F 30 30 2F 30 32 2F 33 34 2F 55 53    o/vc/00/02/34/US
00000d10: 42 42 32 33 30 30 30 30 31 51 50 5F 32 30 32 35    BB2300001QP_2025
00000d20: 31 32 30 32 54 30 30 35 38 32 31 53 51 55 41 52    1202T005821SQUAR
00000d30: 45 2E 70 6E 67 22 20 67 72 6F 75 70 2D 74 69 74    E.png" group-tit
00000d40: 6C 65 3D 22 41 63 74 69 6F 6E 20 26 20 44 72 61    le="Action & Dra
00000d50: 6D 61 22 2C 41 4C 4C 20 41 43 54 49 4F 4E 0A 68    ma",ALL ACTION.h
00000d60: 74 74 70 73 3A 2F 2F 6A 6D 70 32 2E 75 6B 2F 73    ttps://jmp2.uk/s
00000d70: 74 76 70 2D 55 53 42 42 32 33 30 30 30 30 31 51    tvp-USBB2300001Q
00000d80: 50 0A 23 45 58 54 49 4E 46 3A 2D 31 20 63 68 61    P.#EXTINF:-1 cha
00000d90: 6E 6E 65 6C 2D 69 64 3D 22 55 53 42 44 33 33 30    nnel-id="USBD330
00000da0: 30 30 31 39 4F 55 22 20 74 76 67 2D 69 64 3D 22    0019OU" tvg-id="
00000db0: 55 53 42 44 33 33 30 30 30 31 39 4F 55 22 20 74    USBD3300019OU" t
00000dc0: 76 67 2D 63 68 6E 6F 3D 22 33 36 36 39 22 20 74    vg-chno="3669" t
00000dd0: 76 67 2D 6E 61 6D 65 3D 22 41 6C 6C 20 42 61 62    vg-name="All Bab
00000de0: 69 65 73 20 43 68 61 6E 6E 65 6C 22 20 74 76 67    ies Channel" tvg
00000df0: 2D 6C 6F 67 6F 3D 22 68 74 74 70 73 3A 2F 2F 74    -logo="https://t
00000e00: 76 70 6E 6C 6F 67 6F 70 75 73 2E 73 61 6D 73 75    vpnlogopus.samsu
00000e10: 6E 67 63 6C 6F 75 64 2E 74 76 2F 70 6C 61 74 66    ngcloud.tv/platf
00000e20: 6F 72 6D 2F 69 6D 61 67 65 2F 73 6F 75 72 63 65    orm/image/source
00000e30: 6C 6F 67 6F 2F 76 63 2F 30 30 2F 30 32 2F 33 34    logo/vc/00/02/34
00000e40: 2F 55 53 42 44 33 33 30 30 30 31 39 4F 55 5F 32    /USBD3300019OU_2
00000e50: 30 32 35 30 31 32 31 54 31 30 31 30 35 33 53 51    0250121T101053SQ
00000e60: 55 41 52 45 2E 70 6E 67 22 20 67 72 6F 75 70 2D    UARE.png" group-
00000e70: 74 69 74 6C 65 3D 22 4B 69 64 73 22 2C 41 6C 6C    title="Kids",All
00000e80: 20 42 61 62 69 65 73 20 43 68 61 6E 6E 65 6C 0A     Babies Channel.
00000e90: 68 74 74 70 73 3A 2F 2F 6A 6D 70 32 2E 75 6B 2F    https://jmp2.uk/
00000ea0: 73 74 76 70 2D 55 53 42 44 33 33 30 30 30 31 39    stvp-USBD3300019
00000eb0: 4F 55 0A 23 45 58 54 49 4E 46 3A 2D 31 20 63 68    OU.#EXTINF:-1 ch
00000ec0: 61 6E 6E 65 6C 2D 69 64 3D 22 55 53 42 44 31 32    annel-id="USBD12
00000ed0: 30 30 30 30 36 31 52 22 20 74 76 67 2D 69 64 3D    000061R" tvg-id=
00000ee0: 22 55 53 42 44 31 32 30 30 30 30 36 31 52 22 20    "USBD12000061R" 
00000ef0: 74 76 67 2D 63 68 6E 6F 3D 22 31 39 34 35 22 20    tvg-chno="1945" 
00000f00: 74 76 67 2D 6E 61 6D 65 3D 22 41 6C 6C 20 52 65    tvg-name="All Re
00000f10: 61 6C 69 74 79 20 57 65 20 54 56 22 20 74 76 67    ality We TV" tvg
00000f20: 2D 6C 6F 67 6F 3D 22 68 74 74 70 73 3A 2F 2F 74    -logo="https://t
00000f30: 76 70 6E 6C 6F 67 6F 70 75 73 2E 73 61 6D 73 75    vpnlogopus.samsu
00000f40: 6E 67 63 6C 6F 75 64 2E 74 76 2F 70 6C 61 74 66    ngcloud.tv/platf
00000f50: 6F 72 6D 2F 69 6D 61 67 65 2F 73 6F 75 72 63 65    orm/image/source
00000f60: 6C 6F 67 6F 2F 76 63 2F 30 30 2F 30 32 2F 33 34    logo/vc/00/02/34
00000f70: 2F 55 53 42 44 31 32 30 30 30 30 36 31 52 5F 32    /USBD12000061R_2
00000f80: 30 32 34 31 30 31 34 54 32 33 32 32 30 37 53 51    0241014T232207SQ
00000f90: 55 41 52 45 2E 70 6E 67 22 20 67 72 6F 75 70 2D    UARE.png" group-
00000fa0: 74 69 74 6C 65 3D 22 52 65 61 6C 69 74 79 20 54    title="Reality T
00000fb0: 56 22 2C 41 6C 6C 20 52 65 61 6C 69 74 79 20 57    V",All Reality W
00000fc0: 65 20 54 56 0A 68 74 74 70 73 3A 2F 2F 6A 6D 70    e TV.https://jmp
00000fd0: 32 2E 75 6B 2F 73 74 76 70 2D 55 53 42 44 31 32    2.uk/stvp-USBD12
00000fe0: 30 30 30 30 36 31 52 0A 23 45 58 54 49 4E 46 3A    000061R.#EXTINF:
00000ff0: 2D 31 20 63 68 61 6E 6E 65 6C 2D 69 64 3D 22 55    -1 channel-id="U
00001000: 53 42 44 31 32 30 30 30 30 35 58 52 22 20 74 76    SBD1200005XR" tv
00001010: 67 2D 69 64 3D 22 55 53 42 44 31 32 30 30 30 30    g-id="USBD120000
00001020: 35 58 52 22 20 74 76 67 2D 63 68 6E 6F 3D 22 31    5XR" tvg-chno="1
00001030: 39 34 36 22 20 74 76 67 2D 6E 61 6D 65 3D 22 41    946" tvg-name="A
00001040: 6C 6C 20 57 65 64 64 69 6E 67 73 20 57 65 20 54    ll Weddings We T
00001050: 56 22 20 74 76 67 2D 6C 6F 67 6F 3D 22 68 74 74    V" tvg-logo="htt
00001060: 70 73 3A 2F 2F 74 76 70 6E 6C 6F 67 6F 70 75 73    ps://tvpnlogopus
00001070: 2E 73 61 6D 73 75 6E 67 63 6C 6F 75 64 2E 74 76    .samsungcloud.tv
00001080: 2F 70 6C 61 74 66 6F 72 6D 2F 69 6D 61 67 65 2F    /platform/image/
00001090: 73 6F 75 72 63 65 6C 6F 67 6F 2F 76 63 2F 30 30    sourcelogo/vc/00
000010a0: 2F 30 32 2F 33 34 2F 55 53 42 44 31 32 30 30 30    /02/34/USBD12000
000010b0: 30 35 58 52 5F 32 30 32 35 31 31 32 35 54 30 33    05XR_20251125T03
000010c0: 30 38 33 38 53 51 55 41 52 45 2E 70 6E 67 22 20    0838SQUARE.png" 
000010d0: 67 72 6F 75 70 2D 74 69 74 6C 65 3D 22 52 65 61    group-title="Rea
000010e0: 6C 69 74 79 20 54 56 22 2C 41 6C 6C 20 57 65 64    lity TV",All Wed
000010f0: 64 69 6E 67 73 20 57 65 20 54 56 0A 68 74 74 70    dings We TV.http
00001100: 73 3A 2F 2F 6A 6D 70 32 2E 75 6B 2F 73 74 76 70    s://jmp2.uk/stvp
00001110: 2D 55 53 42 44 31 32 30 30 30 30 35 58 52 0A 23    -USBD1200005XR.#
00001120: 45 58 54 49 4E 46 3A 2D 31 20 63 68 61 6E 6E 65    EXTINF:-1 channe
00001130: 6C 2D 69 64 3D 22 55 53 42 42 34 34 30 30 30 31    l-id="USBB440001
00001140: 36 46 39 22 20 74 76 67 2D 69 64 3D 22 55 53 42    6F9" tvg-id="USB
00001150: 42 34 34 30 30 30 31 36 46 39 22 20 74 76 67 2D    B4400016F9" tvg-
00001160: 63 68 6E 6F 3D 22 31 39 30 34 22 20 74 76 67 2D    chno="1904" tvg-
00001170: 6E 61 6D 65 3D 22 41 6C 6C 2D 4F 75 74 20 52 65    name="All-Out Re
00001180: 61 6C 69 74 79 22 20 74 76 67 2D 6C 6F 67 6F 3D    ality" tvg-logo=
00001190: 22 68 74 74 70 73 3A 2F 2F 74 76 70 6E 6C 6F 67    "https://tvpnlog
000011a0: 6F 70 75 73 2E 73 61 6D 73 75 6E 67 63 6C 6F 75    opus.samsungclou
000011b0: 64 2E 74 76 2F 70 6C 61 74 66 6F 72 6D 2F 69 6D    d.tv/platform/im
000011c0: 61 67 65 2F 73 6F 75 72 63 65 6C 6F 67 6F 2F 76    age/sourcelogo/v
000011d0: 63 2F 30 30 2F 30 32 2F 33 34 2F 55 53 42 42 34    c/00/02/34/USBB4
000011e0: 34 30 30 30 31 36 46 39 5F 32 30 32 35 30 37 31    400016F9_2025071
000011f0: 34 54 32 32 33 31 32 32 53 51 55 41 52 45 2E 70    4T223122SQUARE.p
00001200: 6E 67 22 20 67 72 6F 75 70 2D 74 69 74 6C 65 3D    ng" group-title=
00001210: 22 52 65 61 6C 69 74 79 20 54 56 22 2C 41 6C 6C    "Reality TV",All
00001220: 2D 4F 75 74 20 52 65 61 6C 69 74 79 0A 68 74 74    -Out Reality.htt
00001230: 70 73 3A 2F 2F 6A 6D 70 32 2E 75 6B 2F 73 74 76    ps://jmp2.uk/stv
00001240: 70 2D 55 53 42 42 34 34 30 30 30 31 36 46 39 0A    p-USBB4400016F9.
00001250: 23 45 58 54 49 4E 46 3A 2D 31 20 63 68 61 6E 6E    #EXTINF:-1 chann
00001260: 65 6C 2D 69 64 3D 22 55 53 42 44 33 30 30 30 32    el-id="USBD30002
00001270: 32 46 48 22 20 74 76 67 2D 69 64 3D 22 55 53 42    2FH" tvg-id="USB
00001280: 44 33 30 30 30 32 32 46 48 22 20 74 76 67 2D 63    D300022FH" tvg-c
00001290: 68 6E 6F 3D 22 31 35 34 35 22 20 74 76 67 2D 6E    hno="1545" tvg-n
000012a0: 61 6D 65 3D 22 41 4C 4C 42 4C 4B 20 47 65 6D 73    ame="ALLBLK Gems
000012b0: 22 20 74 76 67 2D 6C 6F 67 6F 3D 22 68 74 74 70    " tvg-logo="http
000012c0: 73 3A 2F 2F 74 76 70 6E 6C 6F 67 6F 70 75 73 2E    s://tvpnlogopus.
000012d0: 73 61 6D 73 75 6E 67 63 6C 6F 75 64 2E 74 76 2F    samsungcloud.tv/
000012e0: 70 6C 61 74 66 6F 72 6D 2F 69 6D 61 67 65 2F 73    platform/image/s
000012f0: 6F 75 72 63 65 6C 6F 67 6F 2F 76 63 2F 30 30 2F    ourcelogo/vc/00/
00001300: 30 32 2F 33 34 2F 55 53 42 44 33 30 30 30 32 32    02/34/USBD300022
00001310: 46 48 5F 32 30 32 35 30 33 30 34 54 30 34 31 34    FH_20250304T0414
00001320: 34 33 53 51 55 41 52 45 2E 70 6E 67 22 20 67 72    43SQUARE.png" gr
00001330: 6F 75 70 2D 74 69 74 6C 65 3D 22 41 63 74 69 6F    oup-title="Actio
00001340: 6E 20 26 20 44 72 61 6D 61 22 2C 41 4C 4C 42 4C    n & Drama",ALLBL
00001350: 4B 20 47 65 6D 73 0A 68 74 74 70 73 3A 2F 2F 6A    K Gems.https://j
00001360: 6D 70 32 2E 75 6B 2F 73 74 76 70 2D 55 53 42 44    mp2.uk/stvp-USBD
00001370: 33 30 30 30 32 32 46 48 0A 23 45 58 54 49 4E 46    300022FH.#EXTINF
00001380: 3A 2D 31 20 63 68 61 6E 6E 65 6C 2D 69 64 3D 22    :-1 channel-id="
00001390: 55 53 42 44 32 37 30 30 30 31 35 36 49 22 20 74    USBD27000156I" t
000013a0: 76 67 2D 69 64 3D 22 55 53 42 44 32 37 30 30 30    vg-id="USBD27000
000013b0: 31 35 36 49 22 20 74 76 67 2D 63 68 6E 6F 3D 22    156I" tvg-chno="
000013c0: 32 37 34 39 22 20 74 76 67 2D 6E 61 6D 65 3D 22    2749" tvg-name="
000013d0: 41 6C 6F 6E 65 20 42 79 20 48 69 73 74 6F 72 79    Alone By History
000013e0: 22 20 74 76 67 2D 6C 6F 67 6F 3D 22 68 74 74 70    " tvg-logo="http
000013f0: 73 3A 2F 2F 74 76 70 6E 6C 6F 67 6F 70 75 73 2E    s://tvpnlogopus.
00001400: 73 61 6D 73 75 6E 67 63 6C 6F 75 64 2E 74 76 2F    samsungcloud.tv/
00001410: 70 6C 61 74 66 6F 72 6D 2F 69 6D 61 67 65 2F 73    platform/image/s
00001420: 6F 75 72 63 65 6C 6F 67 6F 2F 76 63 2F 30 30 2F    ourcelogo/vc/00/
00001430: 30 32 2F 33 34 2F 55 53 42 44 32 37 30 30 30 31    02/34/USBD270001
00001440: 35 36 49 5F 32 30 32 35 30 35 32 30 54 32 31 31    56I_20250520T211
00001450: 33 33 37 53 51 55 41 52 45 2E 70 6E 67 22 20 67    337SQUARE.png" g
00001460: 72 6F 75 70 2D 74 69 74 6C 65 3D 22 52 65 61 6C    roup-title="Real
00001470: 69 74 79 20 43 6F 6D 70 65 74 69 74 69 6F 6E 22    ity Competition"
00001480: 2C 41 6C 6F 6E 65 20 42 79 20 48 69 73 74 6F 72    ,Alone By Histor
00001490: 79 0A 68 74 74 70 73 3A 2F 2F 6A 6D 70 32 2E 75    y.https://jmp2.u
000014a0: 6B 2F 73 74 76 70 2D 55 53 42 44 32 37 30 30 30    k/stvp-USBD27000
000014b0: 31 35 36 49 0A 23 45 58 54 49 4E 46 3A 2D 31 20    156I.#EXTINF:-1 
000014c0: 63 68 61 6E 6E 65 6C 2D 69 64 3D 22 55 53 42 41    channel-id="USBA
000014d0: 31 36 30 30 30 30 31 58 4D 22 20 74 76 67 2D 69    1600001XM" tvg-i
000014e0: 64 3D 22 55 53 42 41 31 36 30 30 30 30 31 58 4D    d="USBA1600001XM
000014f0: 22 20 74 76 67 2D 63 68 6E 6F 3D 22 32 36 38 34    " tvg-chno="2684
00001500: 22 20 74 76 67 2D 6E 61 6D 65 3D 22 41 6C 77 61    " tvg-name="Alwa
00001510: 79 73 20 46 75 6E 6E 79 20 56 69 64 65 6F 73 22    ys Funny Videos"
00001520: 20 74 76 67 2D 6C 6F 67 6F 3D 22 68 74 74 70 73     tvg-logo="https
00001530: 3A 2F 2F 74 76 70 6E 6C 6F 67 6F 70 75 73 2E 73    ://tvpnlogopus.s
00001540: 61 6D 73 75 6E 67 63 6C 6F 75 64 2E 74 76 2F 70    amsungcloud.tv/p
00001550: 6C 61 74 66 6F 72 6D 2F 69 6D 61 67 65 2F 73 6F    latform/image/so
00001560: 75 72 63 65 6C 6F 67 6F 2F 76 63 2F 30 30 2F 30    urcelogo/vc/00/0
00001570: 32 2F 33 34 2F 55 53 42 41 31 36 30 30 30 30 31    2/34/USBA1600001
00001580: 58 4D 5F 32 30 32 34 30 35 32 30 54 32 31 35 38    XM_20240520T2158
00001590: 30 34 53 51 55 41 52 45 2E 70 6E 67 22 20 67 72    04SQUARE.png" gr
000015a0: 6F 75 70 2D 74 69 74 6C 65 3D 22 43 6F 6D 65 64    oup-title="Comed
000015b0: 79 22 2C 41 6C 77 61 79 73 20 46 75 6E 6E 79 20    y",Always Funny 
000015c0: 56 69 64 65 6F 73 0A 68 74 74 70 73 3A 2F 2F 6A    Videos.https://j
000015d0: 6D 70 32 2E 75 6B 2F 73 74 76 70 2D 55 53 42 41    mp2.uk/stvp-USBA
000015e0: 31 36 30 30 30 30 31 58 4D 0A 23 45 58 54 49 4E    1600001XM.#EXTIN
000015f0: 46 3A 2D 31 20 63 68 61 6E 6E 65 6C 2D 69 64 3D    F:-1 channel-id=
00001600: 22 55 53 42 44 37 30 30 30 30 31 37 4C 22 20 74    "USBD7000017L" t
00001610: 76 67 2D 69 64 3D 22 55 53 42 44 37 30 30 30 30    vg-id="USBD70000
00001620: 31 37 4C 22 20 74 76 67 2D 63 68 6E 6F 3D 22 33    17L" tvg-chno="3
00001630: 38 30 39 22 20 74 76 67 2D 6E 61 6D 65 3D 22 41    809" tvg-name="A
00001640: 4D 43 20 65 6E 20 45 73 70 61 F1 6F 6C 22 20 74    MC en Espa.ol" t
00001650: 76 67 2D 6C 6F 67 6F 3D 22 68 74 74 70 73 3A 2F    vg-logo="https:/
00001660: 2F 74 76 70 6E 6C 6F 67 6F 70 75 73 2E 73 61 6D    /tvpnlogopus.sam
00001670: 73 75 6E 67 63 6C 6F 75 64 2E 74 76 2F 70 6C 61    sungcloud.tv/pla
00001680: 74 66 6F 72 6D 2F 69 6D 61 67 65 2F 73 6F 75 72    tform/image/sour
00001690: 63 65 6C 6F 67 6F 2F 76 63 2F 30 30 2F 30 32 2F    celogo/vc/00/02/
000016a0: 33 34 2F 55 53 42 44 37 30 30 30 30 31 37 4C 5F    34/USBD7000017L_
000016b0: 32 30 32 35 31 31 32 35 54 30 33 30 38 35 33 53    20251125T030853S
000016c0: 51 55 41 52 45 2E 70 6E 67 22 20 67 72 6F 75 70    QUARE.png" group
000016d0: 2D 74 69 74 6C 65 3D 22 4C 61 74 69 6E 6F 22 2C    -title="Latino",
000016e0: 41 4D 43 20 65 6E 20 45 73 70 61 F1 6F 6C 0A 68    AMC en Espa.ol.h
000016f0: 74 74 70 73 3A 2F 2F 6A 6D 70 32 2E 75 6B 2F 73    ttps://jmp2.uk/s
00001700: 74 76 70 2D 55 53 42 44 37 30 30 30 30 31 37 4C    tvp-USBD7000017L
00001710: 0A 23 45 58 54 49 4E 46 3A 2D 31 20 63 68 61 6E    .#EXTINF:-1 chan
00001720: 6E 65 6C 2D 69 64 3D 22 55 53 33 35 30 30 30 30    nel-id="US350000
00001730: 36 56 46 22 20 74 76 67 2D 69 64 3D 22 55 53 33    6VF" tvg-id="US3
00001740: 35 30 30 30 30 36 56 46 22 20 74 76 67 2D 63 68    500006VF" tvg-ch
00001750: 6E 6F 3D 22 32 37 32 37 22 20 74 76 67 2D 6E 61    no="2727" tvg-na
00001760: 6D 65 3D 22 41 6D 65 72 69 63 61 27 73 20 47 6F    me="America's Go
00001770: 74 20 54 61 6C 65 6E 74 22 20 74 76 67 2D 6C 6F    t Talent" tvg-lo
00001780: 67 6F 3D 22 68 74 74 70 73 3A 2F 2F 74 76 70 6E    go="https://tvpn
00001790: 6C 6F 67 6F 70 75 73 2E 73 61 6D 73 75 6E 67 63    logopus.samsungc
000017a0: 6C 6F 75 64 2E 74 76 2F 70 6C 61 74 66 6F 72 6D    loud.tv/platform
000017b0: 2F 69 6D 61 67 65 2F 73 6F 75 72 63 65 6C 6F 67    /image/sourcelog
000017c0: 6F 2F 76 63 2F 30 30 2F 30 32 2F 33 34 2F 55 53    o/vc/00/02/34/US
000017d0: 33 35 30 30 30 30 36 56 46 5F 32 30 32 35 31 31    3500006VF_202511
000017e0: 32 35 54 30 33 30 39 30 38 53 51 55 41 52 45 2E    25T030908SQUARE.
000017f0: 70 6E 67 22 20 67 72 6F 75 70 2D 74 69 74 6C 65    png" group-title
00001800: 3D 22 52 65 61 6C 69 74 79 20 43 6F 6D 70 65 74    ="Reality Compet
00001810: 69 74 69 6F 6E 22 2C 41 6D 65 72 69 63 61 27 73    ition",America's
00001820: 20 47 6F 74 20 54 61 6C 65 6E 74 0A 68 74 74 70     Got Talent.http
00001830: 73 3A 2F 2F 6A 6D 70 32 2E 75 6B 2F 73 74 76 70    s://jmp2.uk/stvp
00001840: 2D 55 53 33 35 30 30 30 30 36 56 46 0A 23 45 58    -US3500006VF.#EX
00001850: 54 49 4E 46 3A 2D 31 20 63 68 61 6E 6E 65 6C 2D    TINF:-1 channel-
00001860: 69 64 3D 22 55 53 42 41 33 38 30 30 30 30 32 4B    id="USBA3800002K
00001870: 49 22 20 74 76 67 2D 69 64 3D 22 55 53 42 41 33    I" tvg-id="USBA3
00001880: 38 30 30 30 30 32 4B 49 22 20 74 76 67 2D 63 68    800002KI" tvg-ch
00001890: 6E 6F 3D 22 32 31 31 30 22 20 74 76 67 2D 6E 61    no="2110" tvg-na
000018a0: 6D 65 3D 22 41 6D 65 72 69 63 61 27 73 20 54 65    me="America's Te
000018b0: 73 74 20 4B 69 74 63 68 65 6E 22 20 74 76 67 2D    st Kitchen" tvg-
000018c0: 6C 6F 67 6F 3D 22 68 74 74 70 73 3A 2F 2F 74 76    logo="https://tv
000018d0: 70 6E 6C 6F 67 6F 70 75 73 2E 73 61 6D 73 75 6E    pnlogopus.samsun
000018e0: 67 63 6C 6F 75 64 2E 74 76 2F 70 6C 61 74 66 6F    gcloud.tv/platfo
000018f0: 72 6D 2F 69 6D 61 67 65 2F 73 6F 75 72 63 65 6C    rm/image/sourcel
00001900: 6F 67 6F 2F 76 63 2F 30 30 2F 30 32 2F 33 34 2F    ogo/vc/00/02/34/
00001910: 55 53 42 41 33 38 30 30 30 30 32 4B 49 5F 32 30    USBA3800002KI_20
00001920: 32 35 31 31 32 35 54 30 33 30 38 32 33 53 51 55    251125T030823SQU
00001930: 41 52 45 2E 70 6E 67 22 20 67 72 6F 75 70 2D 74    ARE.png" group-t
00001940: 69 74 6C 65 3D 22 48 6F 6D 65 20 26 20 46 6F 6F    itle="Home & Foo
00001950: 64 22 2C 41 6D 65 72 69 63 61 27 73 20 54 65 73    d",America's Tes
00001960: 74 20 4B 69 74 63 68 65 6E 0A 68 74 74 70 73 3A    t Kitchen.https:
00001970: 2F 2F 6A 6D 70 32 2E 75 6B 2F 73 74 76 70 2D 55    //jmp2.uk/stvp-U
00001980: 53 42 41 33 38 30 30 30 30 32 4B 49 0A 23 45 58    SBA3800002KI.#EX
00001990: 54 49 4E 46 3A 2D 31 20 63 68 61 6E 6E 65 6C 2D    TINF:-1 channel-
000019a0: 69 64 3D 22 55 53 42 44 34 32 30 30 30 32 35 30    id="USBD42000250
000019b0: 51 22 20 74 76 67 2D 69 64 3D 22 55 53 42 44 34    Q" tvg-id="USBD4
000019c0: 32 30 30 30 32 35 30 51 22 20 74 76 67 2D 63 68    2000250Q" tvg-ch
000019d0: 6E 6F 3D 22 31 38 34 38 22 20 74 76 67 2D 6E 61    no="1848" tvg-na
000019e0: 6D 65 3D 22 41 6D 65 72 69 63 61 6E 20 43 72 69    me="American Cri
000019f0: 6D 65 73 22 20 74 76 67 2D 6C 6F 67 6F 3D 22 68    mes" tvg-logo="h
00001a00: 74 74 70 73 3A 2F 2F 74 76 70 6E 6C 6F 67 6F 70    ttps://tvpnlogop
00001a10: 75 73 2E 73 61 6D 73 75 6E 67 63 6C 6F 75 64 2E    us.samsungcloud.
00001a20: 74 76 2F 70 6C 61 74 66 6F 72 6D 2F 69 6D 61 67    tv/platform/imag
00001a30: 65 2F 73 6F 75 72 63 65 6C 6F 67 6F 2F 76 63 2F    e/sourcelogo/vc/
00001a40: 30 30 2F 30 32 2F 33 34 2F 55 53 42 44 34 32 30    00/02/34/USBD420
00001a50: 30 30 32 35 30 51 5F 32 30 32 35 31 32 30 32 54    00250Q_20251202T
00001a60: 30 30 35 38 35 38 53 51 55 41 52 45 2E 70 6E 67    005858SQUARE.png
00001a70: 22 20 67 72 6F 75 70 2D 74 69 74 6C 65 3D 22 43    " group-title="C
00001a80: 72 69 6D 65 22 2C 41 6D 65 72 69 63 61 6E 20 43    rime",American C
00001a90: 72 69 6D 65 73 0A 68 74 74 70 73 3A 2F 2F 6A 6D    rimes.https://jm
00001aa0: 70 32 2E 75 6B 2F 73 74 76 70 2D 55 53 42 44 34    p2.uk/stvp-USBD4
00001ab0: 32 30 30 30 32 35 30 51 0A 23 45 58 54 49 4E 46    2000250Q.#EXTINF
00001ac0: 3A 2D 31 20 63 68 61 6E 6E 65 6C 2D 69 64 3D 22    :-1 channel-id="
00001ad0: 55 53 31 39 30 30 30 30 31 37 41 22 20 74 76 67    US19000017A" tvg
00001ae0: 2D 69 64 3D 22 55 53 31 39 30 30 30 30 31 37 41    -id="US19000017A
00001af0: 22 20 74 76 67 2D 63 68 6E 6F 3D 22 32 37 31 38    " tvg-chno="2718
00001b00: 22 20 74 76 67 2D 6E 61 6D 65 3D 22 41 6D 65 72    " tvg-name="Amer
00001b10: 69 63 61 6E 20 4E 69 6E 6A 61 20 57 61 72 72 69    ican Ninja Warri
00001b20: 6F 72 22 20 74 76 67 2D 6C 6F 67 6F 3D 22 68 74    or" tvg-logo="ht
00001b30: 74 70 73 3A 2F 2F 74 76 70 6E 6C 6F 67 6F 70 75    tps://tvpnlogopu
00001b40: 73 2E 73 61 6D 73 75 6E 67 63 6C 6F 75 64 2E 74    s.samsungcloud.t
00001b50: 76 2F 70 6C 61 74 66 6F 72 6D 2F 69 6D 61 67 65    v/platform/image
00001b60: 2F 73 6F 75 72 63 65 6C 6F 67 6F 2F 76 63 2F 30    /sourcelogo/vc/0
00001b70: 30 2F 30 32 2F 33 34 2F 55 53 31 39 30 30 30 30    0/02/34/US190000
00001b80: 31 37 41 5F 32 30 32 35 31 31 32 35 54 30 33 30    17A_20251125T030
00001b90: 39 30 32 53 51 55 41 52 45 2E 70 6E 67 22 20 67    902SQUARE.png" g
00001ba0: 72 6F 75 70 2D 74 69 74 6C 65 3D 22 52 65 61 6C    roup-title="Real
00001bb0: 69 74 79 20 43 6F 6D 70 65 74 69 74 69 6F 6E 22    ity Competition"
00001bc0: 2C 41 6D 65 72 69 63 61 6E 20 4E 69 6E 6A 61 20    ,American Ninja 
00001bd0: 57 61 72 72 69 6F 72 0A 68 74 74 70 73 3A 2F 2F    Warrior.https://
00001be0: 6A 6D 70 32 2E 75 6B 2F 73 74 76 70 2D 55 53 31    jmp2.uk/stvp-US1
00001bf0: 39 30 30 30 30 31 37 41 0A 23 45 58 54 49 4E 46    9000017A.#EXTINF
00001c00: 3A 2D 31 20 63 68 61 6E 6E 65 6C 2D 69 64 3D 22    :-1 channel-id="
00001c10: 55 53 42 44 33 35 30 30 30 34 31 5A 46 22 20 74    USBD3500041ZF" t
00001c20: 76 67 2D 69 64 3D 22 55 53 42 44 33 35 30 30 30    vg-id="USBD35000
00001c30: 34 31 5A 46 22 20 74 76 67 2D 63 68 6E 6F 3D 22    41ZF" tvg-chno="
00001c40: 32 37 32 39 22 20 74 76 67 2D 6E 61 6D 65 3D 22    2729" tvg-name="
00001c50: 41 6D 65 72 69 63 61 6E 20 50 69 63 6B 65 72 73    American Pickers
00001c60: 20 62 79 20 48 69 73 74 6F 72 79 22 20 74 76 67     by History" tvg
00001c70: 2D 6C 6F 67 6F 3D 22 68 74 74 70 73 3A 2F 2F 74    -logo="https://t
00001c80: 76 70 6E 6C 6F 67 6F 70 75 73 2E 73 61 6D 73 75    vpnlogopus.samsu
00001c90: 6E 67 63 6C 6F 75 64 2E 74 76 2F 70 6C 61 74 66    ngcloud.tv/platf
00001ca0: 6F 72 6D 2F 69 6D 61 67 65 2F 73 6F 75 72 63 65    orm/image/source
00001cb0: 6C 6F 67 6F 2F 76 63 2F 30 30 2F 30 32 2F 33 34    logo/vc/00/02/34
00001cc0: 2F 55 53 42 44 33 35 30 30 30 34 31 5A 46 5F 32    /USBD3500041ZF_2
00001cd0: 30 32 35 30 35 32 36 54 32 33 30 34 30 31 53 51    0250526T230401SQ
00001ce0: 55 41 52 45 2E 70 6E 67 22 20 67 72 6F 75 70 2D    UARE.png" group-
00001cf0: 74 69 74 6C 65 3D 22 52 65 61 6C 69 74 79 20 43    title="Reality C
00001d00: 6F 6D 70 65 74 69 74 69 6F 6E 22 2C 41 6D 65 72    ompetition",Amer
00001d10: 69 63 61 6E 20 50 69 63 6B 65 72 73 20 62 79 20    ican Pickers by 
00001d20: 48 69 73 74 6F 72 79 0A 68 74 74 70 73 3A 2F 2F    History.https://
00001d30: 6A 6D 70 32 2E 75 6B 2F 73 74 76 70 2D 55 53 42    jmp2.uk/stvp-USB
00001d40: 44 33 35 30 30 30 34 31 5A 46 0A 23 45 58 54 49    D3500041ZF.#EXTI
00001d50: 4E 46 3A 2D 31 20 63 68 61 6E 6E 65 6C 2D 69 64    NF:-1 channel-id
00001d60: 3D 22 55 53 34 31 30 30 30 33 39 50 4F 22 20 74    ="US4100039PO" t
00001d70: 76 67 2D 69 64 3D 22 55 53 34 31 30 30 30 33 39    vg-id="US4100039
00001d80: 50 4F 22 20 74 76 67 2D 63 68 6E 6F 3D 22 32 36    PO" tvg-chno="26
00001d90: 38 33 22 20 74 76 67 2D 6E 61 6D 65 3D 22 41 6D    83" tvg-name="Am
00001da0: 65 72 69 63 61 92 73 20 46 75 6E 6E 69 65 73 74    erica.s Funniest
00001db0: 20 48 6F 6D 65 20 56 69 64 65 6F 73 22 20 74 76     Home Videos" tv
00001dc0: 67 2D 6C 6F 67 6F 3D 22 68 74 74 70 73 3A 2F 2F    g-logo="https://
00001dd0: 74 76 70 6E 6C 6F 67 6F 70 75 73 2E 73 61 6D 73    tvpnlogopus.sams
00001de0: 75 6E 67 63 6C 6F 75 64 2E 74 76 2F 70 6C 61 74    ungcloud.tv/plat
00001df0: 66 6F 72 6D 2F 69 6D 61 67 65 2F 73 6F 75 72 63    form/image/sourc
00001e00: 65 6C 6F 67 6F 2F 76 63 2F 30 30 2F 30 32 2F 33    elogo/vc/00/02/3
00001e10: 34 2F 55 53 34 31 30 30 30 33 39 50 4F 5F 32 30    4/US4100039PO_20
00001e20: 32 35 31 31 32 35 54 30 33 30 39 31 30 53 51 55    251125T030910SQU
00001e30: 41 52 45 2E 70 6E 67 22 20 67 72 6F 75 70 2D 74    ARE.png" group-t
00001e40: 69 74 6C 65 3D 22 43 6F 6D 65 64 79 22 2C 41 6D    itle="Comedy",Am
00001e50: 65 72 69 63 61 92 73 20 46 75 6E 6E 69 65 73 74    erica.s Funniest
00001e60: 20 48 6F 6D 65 20 56 69 64 65 6F 73 0A 68 74 74     Home Videos.htt
00001e70: 70 73 3A 2F 2F 6A 6D 70 32 2E 75 6B 2F 73 74 76    ps://jmp2.uk/stv
00001e80: 70 2D 55 53 34 31 30 30 30 33 39 50 4F 0A 23 45    p-US4100039PO.#E
00001e90: 58 54 49 4E 46 3A 2D 31 20 63 68 61 6E 6E 65 6C    XTINF:-1 channel
00001ea0: 2D 69 64 3D 22 55 53 33 33 30 30 30 31 30 46 35    -id="US3300010F5
00001eb0: 22 20 74 76 67 2D 69 64 3D 22 55 53 33 33 30 30    " tvg-id="US3300
00001ec0: 30 31 30 46 35 22 20 74 76 67 2D 63 68 6E 6F 3D    010F5" tvg-chno=
00001ed0: 22 33 30 36 35 22 20 74 76 67 2D 6E 61 6D 65 3D    "3065" tvg-name=
00001ee0: 22 41 6E 63 69 65 6E 74 20 41 6C 69 65 6E 73 22    "Ancient Aliens"
00001ef0: 20 74 76 67 2D 6C 6F 67 6F 3D 22 68 74 74 70 73     tvg-logo="https
00001f00: 3A 2F 2F 74 76 70 6E 6C 6F 67 6F 70 75 73 2E 73    ://tvpnlogopus.s
00001f10: 61 6D 73 75 6E 67 63 6C 6F 75 64 2E 74 76 2F 70    amsungcloud.tv/p
00001f20: 6C 61 74 66 6F 72 6D 2F 69 6D 61 67 65 2F 73 6F    latform/image/so
00001f30: 75 72 63 65 6C 6F 67 6F 2F 76 63 2F 30 30 2F 30    urcelogo/vc/00/0
00001f40: 32 2F 33 34 2F 55 53 33 33 30 30 30 31 30 46 35    2/34/US3300010F5
00001f50: 5F 32 30 32 35 30 39 32 33 54 30 32 30 35 33 39    _20250923T020539
00001f60: 53 51 55 41 52 45 2E 70 6E 67 22 20 67 72 6F 75    SQUARE.png" grou
00001f70: 70 2D 74 69 74 6C 65 3D 22 53 63 69 2D 46 69 20    p-title="Sci-Fi 
00001f80: 26 20 48 6F 72 72 6F 72 22 2C 41 6E 63 69 65 6E    & Horror",Ancien
00001f90: 74 20 41 6C 69 65 6E 73 0A 68 74 74 70 73 3A 2F    t Aliens.https:/
00001fa0: 2F 6A 6D 70 32 2E 75 6B 2F 73 74 76 70 2D 55 53    /jmp2.uk/stvp-US
00001fb0: 33 33 30 30 30 31 30 46 35 0A 23 45 58 54 49 4E    3300010F5.#EXTIN
00001fc0: 46 3A 2D 31 20 63 68 61 6E 6E 65 6C 2D 69 64 3D    F:-1 channel-id=
00001fd0: 22 55 53 32 32 30 30 30 30 34 48 44 22 20 74 76    "US2200004HD" tv
00001fe0: 67 2D 69 64 3D 22 55 53 32 32 30 30 30 30 34 48    g-id="US2200004H
00001ff0: 44 22 20 74 76 67 2D 63 68 6E 6F 3D 22 33 39 32    D" tvg-chno="392
00002000: 35 22 20 74 76 67 2D 6E 61 6D 65 3D 22 41 6E 67    5" tvg-name="Ang
00002010: 65 6C 69 71 75 65 22 20 74 76 67 2D 6C 6F 67 6F    elique" tvg-logo
00002020: 3D 22 68 74 74 70 73 3A 2F 2F 74 76 70 6E 6C 6F    ="https://tvpnlo
00002030: 67 6F 70 75 73 2E 73 61 6D 73 75 6E 67 63 6C 6F    gopus.samsungclo
00002040: 75 64 2E 74 76 2F 70 6C 61 74 66 6F 72 6D 2F 69    ud.tv/platform/i
00002050: 6D 61 67 65 2F 73 6F 75 72 63 65 6C 6F 67 6F 2F    mage/sourcelogo/
00002060: 76 63 2F 30 30 2F 30 32 2F 33 34 2F 55 53 32 32    vc/00/02/34/US22
00002070: 30 30 30 30 34 48 44 5F 32 30 32 34 31 31 31 32    00004HD_20241112
00002080: 54 30 30 30 39 34 38 53 51 55 41 52 45 2E 70 6E    T000948SQUARE.pn
00002090: 67 22 20 67 72 6F 75 70 2D 74 69 74 6C 65 3D 22    g" group-title="
000020a0: 4C 61 74 69 6E 6F 22 2C 41 6E 67 65 6C 69 71 75    Latino",Angeliqu
000020b0: 65 0A 68 74 74 70 73 3A 2F 2F 6A 6D 70 32 2E 75    e.https://jmp2.u
000020c0: 6B 2F 73 74 76 70 2D 55 53 32 32 30 30 30 30 34    k/stvp-US2200004
000020d0: 48 44 0A 23 45 58 54 49 4E 46 3A 2D 31 20 63 68    HD.#EXTINF:-1 ch
000020e0: 61 6E 6E 65 6C 2D 69 64 3D 22 55 53 31 39 30 30    annel-id="US1900
000020f0: 30 31 35 46 52 22 20 74 76 67 2D 69 64 3D 22 55    015FR" tvg-id="U
00002100: 53 31 39 30 30 30 31 35 46 52 22 20 74 76 67 2D    S1900015FR" tvg-
00002110: 63 68 6E 6F 3D 22 32 36 34 39 22 20 74 76 67 2D    chno="2649" tvg-
00002120: 6E 61 6D 65 3D 22 41 6E 67 65 72 20 4D 61 6E 61    name="Anger Mana
00002130: 67 65 6D 65 6E 74 22 20 74 76 67 2D 6C 6F 67 6F    gement" tvg-logo
00002140: 3D 22 68 74 74 70 73 3A 2F 2F 74 76 70 6E 6C 6F    ="https://tvpnlo
00002150: 67 6F 70 75 73 2E 73 61 6D 73 75 6E 67 63 6C 6F    gopus.samsungclo
00002160: 75 64 2E 74 76 2F 70 6C 61 74 66 6F 72 6D 2F 69    ud.tv/platform/i
00002170: 6D 61 67 65 2F 73 6F 75 72 63 65 6C 6F 67 6F 2F    mage/sourcelogo/
00002180: 76 63 2F 30 30 2F 30 32 2F 33 34 2F 55 53 31 39    vc/00/02/34/US19
00002190: 30 30 30 31 35 46 52 5F 32 30 32 35 31 32 30 32    00015FR_20251202
000021a0: 54 30 30 35 39 30 37 53 51 55 41 52 45 2E 70 6E    T005907SQUARE.pn
000021b0: 67 22 20 67 72 6F 75 70 2D 74 69 74 6C 65 3D 22    g" group-title="
000021c0: 43 6F 6D 65 64 79 22 2C 41 6E 67 65 72 20 4D 61    Comedy",Anger Ma
000021d0: 6E 61 67 65 6D 65 6E 74 0A 68 74 74 70 73 3A 2F    nagement.https:/
000021e0: 2F 6A 6D 70 32 2E 75 6B 2F 73 74 76 70 2D 55 53    /jmp2.uk/stvp-US
000021f0: 31 39 30 30 30 31 35 46 52 0A 23 45 58 54 49 4E    1900015FR.#EXTIN
00002200: 46 3A 2D 31 20 63 68 61 6E 6E 65 6C 2D 69 64 3D    F:-1 channel-id=
00002210: 22 55 53 34 30 30 30 30 32 50 53 22 20 74 76 67    "US400002PS" tvg
00002220: 2D 69 64 3D 22 55 53 34 30 30 30 30 32 50 53 22    -id="US400002PS"
00002230: 20 74 76 67 2D 63 68 6E 6F 3D 22 32 36 30 35 22     tvg-chno="2605"
00002240: 20 74 76 67 2D 6E 61 6D 65 3D 22 41 6E 69 6D 61     tvg-name="Anima
00002250: 74 69 6F 6E 2B 22 20 74 76 67 2D 6C 6F 67 6F 3D    tion+" tvg-logo=
00002260: 22 68 74 74 70 73 3A 2F 2F 74 76 70 6E 6C 6F 67    "https://tvpnlog
00002270: 6F 70 75 73 2E 73 61 6D 73 75 6E 67 63 6C 6F 75    opus.samsungclou
00002280: 64 2E 74 76 2F 70 6C 61 74 66 6F 72 6D 2F 69 6D    d.tv/platform/im
00002290: 61 67 65 2F 73 6F 75 72 63 65 6C 6F 67 6F 2F 76    age/sourcelogo/v
000022a0: 63 2F 30 30 2F 30 32 2F 33 34 2F 55 53 34 30 30    c/00/02/34/US400
000022b0: 30 30 32 50 53 5F 32 30 32 35 30 39 30 32 54 32    002PS_20250902T2
000022c0: 32 35 38 35 31 53 51 55 41 52 45 2E 70 6E 67 22    25851SQUARE.png"
000022d0: 20 67 72 6F 75 70 2D 74 69 74 6C 65 3D 22 43 6F     group-title="Co
000022e0: 6D 65 64 79 22 2C 41 6E 69 6D 61 74 69 6F 6E 2B    medy",Animation+
000022f0: 0A 68 74 74 70 73 3A 2F 2F 6A 6D 70 32 2E 75 6B    .https://jmp2.uk
00002300: 2F 73 74 76 70 2D 55 53 34 30 30 30 30 32 50 53    /stvp-US400002PS
00002310: 0A 23 45 58 54 49 4E 46 3A 2D 31 20 63 68 61 6E    .#EXTINF:-1 chan
00002320: 6E 65 6C 2D 69 64 3D 22 55 53 41 4A 33 35 30 34    nel-id="USAJ3504
00002330: 35 30 32 41 22 20 74 76 67 2D 69 64 3D 22 55 53    502A" tvg-id="US
00002340: 41 4A 33 35 30 34 35 30 32 41 22 20 74 76 67 2D    AJ3504502A" tvg-
00002350: 63 68 6E 6F 3D 22 33 32 30 35 22 20 74 76 67 2D    chno="3205" tvg-
00002360: 6E 61 6D 65 3D 22 41 6E 69 6D 65 20 41 6C 6C 20    name="Anime All 
00002370: 64 61 79 22 20 74 76 67 2D 6C 6F 67 6F 3D 22 68    day" tvg-logo="h
00002380: 74 74 70 73 3A 2F 2F 74 76 70 6E 6C 6F 67 6F 70    ttps://tvpnlogop
00002390: 75 73 2E 73 61 6D 73 75 6E 67 63 6C 6F 75 64 2E    us.samsungcloud.
000023a0: 74 76 2F 70 6C 61 74 66 6F 72 6D 2F 69 6D 61 67    tv/platform/imag
000023b0: 65 2F 73 6F 75 72 63 65 6C 6F 67 6F 2F 76 63 2F    e/sourcelogo/vc/
000023c0: 30 30 2F 30 32 2F 33 34 2F 55 53 41 4A 33 35 30    00/02/34/USAJ350
000023d0: 34 35 30 32 41 5F 32 30 32 35 30 37 30 31 54 32    4502A_20250701T2
000023e0: 32 34 35 32 30 53 51 55 41 52 45 2E 70 6E 67 22    24520SQUARE.png"
000023f0: 20 67 72 6F 75 70 2D 74 69 74 6C 65 3D 22 41 6E     group-title="An
00002400: 69 6D 65 20 26 20 47 61 6D 69 6E 67 22 2C 41 6E    ime & Gaming",An
00002410: 69 6D 65 20 41 6C 6C 20 64 61 79 0A 68 74 74 70    ime All day.http
00002420: 73 3A 2F 2F 6A 6D 70 32 2E 75 6B 2F 73 74 76 70    s://jmp2.uk/stvp
00002430: 2D 55 53 41 4A 33 35 30 34 35 30 32 41 0A 23 45    -USAJ3504502A.#E
00002440: 58 54 49 4E 46 3A 2D 31 20 63 68 61 6E 6E 65 6C    XTINF:-1 channel
00002450: 2D 69 64 3D 22 55 53 31 35 30 30 30 30 33 32 49    -id="US15000032I
00002460: 22 20 74 76 67 2D 69 64 3D 22 55 53 31 35 30 30    " tvg-id="US1500
00002470: 30 30 33 32 49 22 20 74 76 67 2D 63 68 6E 6F 3D    0032I" tvg-chno=
00002480: 22 33 32 30 39 22 20 74 76 67 2D 6E 61 6D 65 3D    "3209" tvg-name=
00002490: 22 41 4E 49 4D 45 20 78 20 48 49 44 49 56 45 22    "ANIME x HIDIVE"
000024a0: 20 74 76 67 2D 6C 6F 67 6F 3D 22 68 74 74 70 73     tvg-logo="https
000024b0: 3A 2F 2F 74 76 70 6E 6C 6F 67 6F 70 75 73 2E 73    ://tvpnlogopus.s
000024c0: 61 6D 73 75 6E 67 63 6C 6F 75 64 2E 74 76 2F 70    amsungcloud.tv/p
000024d0: 6C 61 74 66 6F 72 6D 2F 69 6D 61 67 65 2F 73 6F    latform/image/so
000024e0: 75 72 63 65 6C 6F 67 6F 2F 76 63 2F 30 30 2F 30    urcelogo/vc/00/0
000024f0: 32 2F 33 34 2F 55 53 31 35 30 30 30 30 33 32 49    2/34/US15000032I
00002500: 5F 32 30 32 35 31 31 31 30 54 32 33 35 30 33 36    _20251110T235036
00002510: 53 51 55 41 52 45 2E 70 6E 67 22 20 67 72 6F 75    SQUARE.png" grou
00002520: 70 2D 74 69 74 6C 65 3D 22 41 6E 69 6D 65 20 26    p-title="Anime &
00002530: 20 47 61 6D 69 6E 67 22 2C 41 4E 49 4D 45 20 78     Gaming",ANIME x
00002540: 20 48 49 44 49 56 45 0A 68 74 74 70 73 3A 2F 2F     HIDIVE.https://
00002550: 6A 6D 70 32 2E 75 6B 2F 73 74 76 70 2D 55 53 31    jmp2.uk/stvp-US1
00002560: 35 30 30 30 30 33 32 49 0A 23 45 58 54 49 4E 46    5000032I.#EXTINF
00002570: 3A 2D 31 20 63 68 61 6E 6E 65 6C 2D 69 64 3D 22    :-1 channel-id="
00002580: 55 53 42 43 36 30 30 30 31 38 43 46 22 20 74 76    USBC600018CF" tv
00002590: 67 2D 69 64 3D 22 55 53 42 43 36 30 30 30 31 38    g-id="USBC600018
000025a0: 43 46 22 20 74 76 67 2D 63 68 6E 6F 3D 22 32 30    CF" tvg-chno="20
000025b0: 34 34 22 20 74 76 67 2D 6E 61 6D 65 3D 22 41 6E    44" tvg-name="An
000025c0: 74 69 71 75 65 73 20 52 6F 61 64 73 68 6F 77 22    tiques Roadshow"
000025d0: 20 74 76 67 2D 6C 6F 67 6F 3D 22 68 74 74 70 73     tvg-logo="https
000025e0: 3A 2F 2F 74 76 70 6E 6C 6F 67 6F 70 75 73 2E 73    ://tvpnlogopus.s
000025f0: 61 6D 73 75 6E 67 63 6C 6F 75 64 2E 74 76 2F 70    amsungcloud.tv/p
00002600: 6C 61 74 66 6F 72 6D 2F 69 6D 61 67 65 2F 73 6F    latform/image/so
00002610: 75 72 63 65 6C 6F 67 6F 2F 76 63 2F 30 30 2F 30    urcelogo/vc/00/0
00002620: 32 2F 33 34 2F 55 53 42 43 36 30 30 30 31 38 43    2/34/USBC600018C
00002630: 46 5F 32 30 32 34 30 35 32 30 54 32 32 31 34 30    F_20240520T22140
00002640: 38 53 51 55 41 52 45 2E 70 6E 67 22 20 67 72 6F    8SQUARE.png" gro
00002650: 75 70 2D 74 69 74 6C 65 3D 22 48 6F 6D 65 20 26    up-title="Home &
00002660: 20 46 6F 6F 64 22 2C 41 6E 74 69 71 75 65 73 20     Food",Antiques 
00002670: 52 6F 61 64 73 68 6F 77 0A 68 74 74 70 73 3A 2F    Roadshow.https:/
00002680: 2F 6A 6D 70 32 2E 75 6B 2F 73 74 76 70 2D 55 53    /jmp2.uk/stvp-US
00002690: 42 43 36 30 30 30 31 38 43 46 0A 23 45 58 54 49    BC600018CF.#EXTI
000026a0: 4E 46 3A 2D 31 20 63 68 61 6E 6E 65 6C 2D 69 64    NF:-1 channel-id
000026b0: 3D 22 55 53 42 44 31 37 30 30 30 31 35 4A 31 22    ="USBD1700015J1"
000026c0: 20 74 76 67 2D 69 64 3D 22 55 53 42 44 31 37 30     tvg-id="USBD170
000026d0: 30 30 31 35 4A 31 22 20 74 76 67 2D 63 68 6E 6F    0015J1" tvg-chno
000026e0: 3D 22 33 39 38 35 22 20 74 76 67 2D 6E 61 6D 65    ="3985" tvg-name
000026f0: 3D 22 41 71 75 ED 20 79 20 41 68 6F 72 61 22 20    ="Aqu. y Ahora" 
00002700: 74 76 67 2D 6C 6F 67 6F 3D 22 68 74 74 70 73 3A    tvg-logo="https:
00002710: 2F 2F 74 76 70 6E 6C 6F 67 6F 70 75 73 2E 73 61    //tvpnlogopus.sa
00002720: 6D 73 75 6E 67 63 6C 6F 75 64 2E 74 76 2F 70 6C    msungcloud.tv/pl
00002730: 61 74 66 6F 72 6D 2F 69 6D 61 67 65 2F 73 6F 75    atform/image/sou
00002740: 72 63 65 6C 6F 67 6F 2F 76 63 2F 30 30 2F 30 32    rcelogo/vc/00/02
00002750: 2F 33 34 2F 55 53 42 44 31 37 30 30 30 31 35 4A    /34/USBD1700015J
00002760: 31 5F 32 30 32 34 31 32 32 38 54 30 31 31 34 35    1_20241228T01145
00002770: 36 53 51 55 41 52 45 2E 70 6E 67 22 20 67 72 6F    6SQUARE.png" gro
00002780: 75 70 2D 74 69 74 6C 65 3D 22 4C 61 74 69 6E 6F    up-title="Latino
00002790: 22 2C 41 71 75 ED 20 79 20 41 68 6F 72 61 0A 68    ",Aqu. y Ahora.h
000027a0: 74 74 70 73 3A 2F 2F 6A 6D 70 32 2E 75 6B 2F 73    ttps://jmp2.uk/s
000027b0: 74 76 70 2D 55 53 42 44 31 37 30 30 30 31 35 4A    tvp-USBD1700015J
000027c0: 31 0A 23 45 58 54 49 4E 46 3A 2D 31 20 63 68 61    1.#EXTINF:-1 cha
000027d0: 6E 6E 65 6C 2D 69 64 3D 22 55 53 31 39 30 30 30    nnel-id="US19000
000027e0: 31 31 5A 4E 22 20 74 76 67 2D 69 64 3D 22 55 53    11ZN" tvg-id="US
000027f0: 31 39 30 30 30 31 31 5A 4E 22 20 74 76 67 2D 63    1900011ZN" tvg-c
00002800: 68 6E 6F 3D 22 32 36 33 33 22 20 74 76 67 2D 6E    hno="2633" tvg-n
00002810: 61 6D 65 3D 22 41 72 65 20 57 65 20 54 68 65 72    ame="Are We Ther
00002820: 65 20 59 65 74 3F 22 20 74 76 67 2D 6C 6F 67 6F    e Yet?" tvg-logo
00002830: 3D 22 68 74 74 70 73 3A 2F 2F 74 76 70 6E 6C 6F    ="https://tvpnlo
00002840: 67 6F 70 75 73 2E 73 61 6D 73 75 6E 67 63 6C 6F    gopus.samsungclo
00002850: 75 64 2E 74 76 2F 70 6C 61 74 66 6F 72 6D 2F 69    ud.tv/platform/i
00002860: 6D 61 67 65 2F 73 6F 75 72 63 65 6C 6F 67 6F 2F    mage/sourcelogo/
00002870: 76 63 2F 30 30 2F 30 32 2F 33 34 2F 55 53 31 39    vc/00/02/34/US19
00002880: 30 30 30 31 31 5A 4E 5F 32 30 32 35 31 31 31 30    00011ZN_20251110
00002890: 54 32 33 35 30 34 32 53 51 55 41 52 45 2E 70 6E    T235042SQUARE.pn
000028a0: 67 22 20 67 72 6F 75 70 2D 74 69 74 6C 65 3D 22    g" group-title="
000028b0: 43 6F 6D 65 64 79 22 2C 41 72 65 20 57 65 20 54    Comedy",Are We T
000028c0: 68 65 72 65 20 59 65 74 3F 0A 68 74 74 70 73 3A    here Yet?.https:
000028d0: 2F 2F 6A 6D 70 32 2E 75 6B 2F 73 74 76 70 2D 55    //jmp2.uk/stvp-U
000028e0: 53 31 39 30 30 30 31 31 5A 4E 0A 23 45 58 54 49    S1900011ZN.#EXTI
000028f0: 4E 46 3A 2D 31 20 63 68 61 6E 6E 65 6C 2D 69 64    NF:-1 channel-id
00002900: 3D 22 55 53 42 44 32 35 30 30 30 31 33 38 59 22    ="USBD25000138Y"
00002910: 20 74 76 67 2D 69 64 3D 22 55 53 42 44 32 35 30     tvg-id="USBD250
00002920: 30 30 31 33 38 59 22 20 74 76 67 2D 63 68 6E 6F    00138Y" tvg-chno
00002930: 3D 22 32 30 32 36 22 20 74 76 67 2D 6E 61 6D 65    ="2026" tvg-name
00002940: 3D 22 41 74 20 48 6F 6D 65 20 77 69 74 68 20 46    ="At Home with F
00002950: 61 6D 69 6C 79 20 48 61 6E 64 79 6D 61 6E 22 20    amily Handyman" 
00002960: 74 76 67 2D 6C 6F 67 6F 3D 22 68 74 74 70 73 3A    tvg-logo="https:
00002970: 2F 2F 74 76 70 6E 6C 6F 67 6F 70 75 73 2E 73 61    //tvpnlogopus.sa
00002980: 6D 73 75 6E 67 63 6C 6F 75 64 2E 74 76 2F 70 6C    msungcloud.tv/pl
00002990: 61 74 66 6F 72 6D 2F 69 6D 61 67 65 2F 73 6F 75    atform/image/sou
000029a0: 72 63 65 6C 6F 67 6F 2F 76 63 2F 30 30 2F 30 32    rcelogo/vc/00/02
000029b0: 2F 33 34 2F 55 53 42 44 32 35 30 30 30 31 33 38    /34/USBD25000138
000029c0: 59 5F 32 30 32 34 30 35 32 30 54 32 32 31 34 31    Y_20240520T22141
000029d0: 30 53 51 55 41 52 45 2E 70 6E 67 22 20 67 72 6F    0SQUARE.png" gro
000029e0: 75 70 2D 74 69 74 6C 65 3D 22 48 6F 6D 65 20 26    up-title="Home &
000029f0: 20 46 6F 6F 64 22 2C 41 74 20 48 6F 6D 65 20 77     Food",At Home w
00002a00: 69 74 68 20 46 61 6D 69 6C 79 20 48 61 6E 64 79    ith Family Handy
00002a10: 6D 61 6E 0A 68 74 74 70 73 3A 2F 2F 6A 6D 70 32    man.https://jmp2
00002a20: 2E 75 6B 2F 73 74 76 70 2D 55 53 42 44 32 35 30    .uk/stvp-USBD250
00002a30: 30 30 31 33 38 59 0A 23 45 58 54 49 4E 46 3A 2D    00138Y.#EXTINF:-
00002a40: 31 20 63 68 61 6E 6E 65 6C 2D 69 64 3D 22 55 53    1 channel-id="US
00002a50: 42 42 35 32 30 30 30 32 30 5A 30 22 20 74 76 67    BB5200020Z0" tvg
00002a60: 2D 69 64 3D 22 55 53 42 42 35 32 30 30 30 32 30    -id="USBB5200020
00002a70: 5A 30 22 20 74 76 67 2D 63 68 6E 6F 3D 22 32 37    Z0" tvg-chno="27
00002a80: 34 34 22 20 74 76 67 2D 6E 61 6D 65 3D 22 41 78    44" tvg-name="Ax
00002a90: 20 4D 65 6E 22 20 74 76 67 2D 6C 6F 67 6F 3D 22     Men" tvg-logo="
00002aa0: 68 74 74 70 73 3A 2F 2F 74 76 70 6E 6C 6F 67 6F    https://tvpnlogo
00002ab0: 70 75 73 2E 73 61 6D 73 75 6E 67 63 6C 6F 75 64    pus.samsungcloud
00002ac0: 2E 74 76 2F 70 6C 61 74 66 6F 72 6D 2F 69 6D 61    .tv/platform/ima
00002ad0: 67 65 2F 73 6F 75 72 63 65 6C 6F 67 6F 2F 76 63    ge/sourcelogo/vc
00002ae0: 2F 30 30 2F 30 32 2F 33 34 2F 55 53 42 42 35 32    /00/02/34/USBB52
00002af0: 30 30 30 32 30 5A 30 5F 32 30 32 35 30 38 32 36    00020Z0_20250826
00002b00: 54 32 33 34 35 31 34 53 51 55 41 52 45 2E 70 6E    T234514SQUARE.pn
00002b10: 67 22 20 67 72 6F 75 70 2D 74 69 74 6C 65 3D 22    g" group-title="
00002b20: 52 65 61 6C 69 74 79 20 43 6F 6D 70 65 74 69 74    Reality Competit
00002b30: 69 6F 6E 22 2C 41 78 20 4D 65 6E 0A 68 74 74 70    ion",Ax Men.http
00002b40: 73 3A 2F 2F 6A 6D 70 32 2E 75 6B 2F 73 74 76 70    s://jmp2.uk/stvp
00002b50: 2D 55 53 42 42 35 32 30 30 30 32 30 5A 30 0A 23    -USBB5200020Z0.#
00002b60: 45 58 54 49 4E 46 3A 2D 31 20 63 68 61 6E 6E 65    EXTINF:-1 channe
00002b70: 6C 2D 69 64 3D 22 55 53 42 44 33 35 30 30 30 32    l-id="USBD350002
00002b80: 33 33 38 22 20 74 76 67 2D 69 64 3D 22 55 53 42    338" tvg-id="USB
00002b90: 44 33 35 30 30 30 32 33 33 38 22 20 74 76 67 2D    D350002338" tvg-
00002ba0: 63 68 6E 6F 3D 22 33 36 33 39 22 20 74 76 67 2D    chno="3639" tvg-
00002bb0: 6E 61 6D 65 3D 22 42 61 62 79 20 45 69 6E 73 74    name="Baby Einst
00002bc0: 65 69 6E 22 20 74 76 67 2D 6C 6F 67 6F 3D 22 68    ein" tvg-logo="h
00002bd0: 74 74 70 73 3A 2F 2F 74 76 70 6E 6C 6F 67 6F 70    ttps://tvpnlogop
00002be0: 75 73 2E 73 61 6D 73 75 6E 67 63 6C 6F 75 64 2E    us.samsungcloud.
00002bf0: 74 76 2F 70 6C 61 74 66 6F 72 6D 2F 69 6D 61 67    tv/platform/imag
00002c00: 65 2F 73 6F 75 72 63 65 6C 6F 67 6F 2F 76 63 2F    e/sourcelogo/vc/
00002c10: 30 30 2F 30 32 2F 33 34 2F 55 53 42 44 33 35 30    00/02/34/USBD350
00002c20: 30 30 32 33 33 38 5F 32 30 32 34 31 31 30 35 54    002338_20241105T
00002c30: 31 38 35 37 31 31 53 51 55 41 52 45 2E 70 6E 67    185711SQUARE.png
00002c40: 22 20 67 72 6F 75 70 2D 74 69 74 6C 65 3D 22 4B    " group-title="K
00002c50: 69 64 73 22 2C 42 61 62 79 20 45 69 6E 73 74 65    ids",Baby Einste
00002c60: 69 6E 0A 68 74 74 70 73 3A 2F 2F 6A 6D 70 32 2E    in.https://jmp2.
00002c70: 75 6B 2F 73 74 76 70 2D 55 53 42 44 33 35 30 30    uk/stvp-USBD3500
00002c80: 30 32 33 33 38 0A 23 45 58 54 49 4E 46 3A 2D 31    02338.#EXTINF:-1
00002c90: 20 63 68 61 6E 6E 65 6C 2D 69 64 3D 22 55 53 31     channel-id="US1
00002ca0: 37 30 30 30 32 30 38 48 22 20 74 76 67 2D 69 64    7000208H" tvg-id
00002cb0: 3D 22 55 53 31 37 30 30 30 32 30 38 48 22 20 74    ="US17000208H" t
00002cc0: 76 67 2D 63 68 6E 6F 3D 22 33 36 33 32 22 20 74    vg-chno="3632" t
00002cd0: 76 67 2D 6E 61 6D 65 3D 22 42 41 42 59 20 53 48    vg-name="BABY SH
00002ce0: 41 52 4B 20 54 56 22 20 74 76 67 2D 6C 6F 67 6F    ARK TV" tvg-logo
00002cf0: 3D 22 68 74 74 70 73 3A 2F 2F 74 76 70 6E 6C 6F    ="https://tvpnlo
00002d00: 67 6F 70 75 73 2E 73 61 6D 73 75 6E 67 63 6C 6F    gopus.samsungclo
00002d10: 75 64 2E 74 76 2F 70 6C 61 74 66 6F 72 6D 2F 69    ud.tv/platform/i
00002d20: 6D 61 67 65 2F 73 6F 75 72 63 65 6C 6F 67 6F 2F    mage/sourcelogo/
00002d30: 76 63 2F 30 30 2F 30 32 2F 33 34 2F 55 53 31 37    vc/00/02/34/US17
00002d40: 30 30 30 32 30 38 48 5F 32 30 32 35 31 30 31 33    000208H_20251013
00002d50: 54 32 33 35 36 35 32 53 51 55 41 52 45 2E 70 6E    T235652SQUARE.pn
00002d60: 67 22 20 67 72 6F 75 70 2D 74 69 74 6C 65 3D 22    g" group-title="
00002d70: 4B 69 64 73 22 2C 42 41 42 59 20 53 48 41 52 4B    Kids",BABY SHARK
00002d80: 20 54 56 0A 68 74 74 70 73 3A 2F 2F 6A 6D 70 32     TV.https://jmp2
00002d90: 2E 75 6B 2F 73 74 76 70 2D 55 53 31 37 30 30 30    .uk/stvp-US17000
00002da0: 32 30 38 48 0A 23 45 58 54 49 4E 46 3A 2D 31 20    208H.#EXTINF:-1 
00002db0: 63 68 61 6E 6E 65 6C 2D 69 64 3D 22 55 53 42 43    channel-id="USBC
00002dc0: 31 30 30 30 30 31 32 39 52 22 20 74 76 67 2D 69    10000129R" tvg-i
00002dd0: 64 3D 22 55 53 42 43 31 30 30 30 30 31 32 39 52    d="USBC10000129R
00002de0: 22 20 74 76 67 2D 63 68 6E 6F 3D 22 32 39 34 32    " tvg-chno="2942
00002df0: 22 20 74 76 67 2D 6E 61 6D 65 3D 22 42 61 63 6B    " tvg-name="Back
00002e00: 73 74 61 67 65 22 20 74 76 67 2D 6C 6F 67 6F 3D    stage" tvg-logo=
00002e10: 22 68 74 74 70 73 3A 2F 2F 74 76 70 6E 6C 6F 67    "https://tvpnlog
00002e20: 6F 70 75 73 2E 73 61 6D 73 75 6E 67 63 6C 6F 75    opus.samsungclou
00002e30: 64 2E 74 76 2F 70 6C 61 74 66 6F 72 6D 2F 69 6D    d.tv/platform/im
00002e40: 61 67 65 2F 73 6F 75 72 63 65 6C 6F 67 6F 2F 76    age/sourcelogo/v
00002e50: 63 2F 30 30 2F 30 32 2F 33 34 2F 55 53 42 43 31    c/00/02/34/USBC1
00002e60: 30 30 30 30 31 32 39 52 5F 32 30 32 35 30 34 31    0000129R_2025041
00002e70: 35 54 30 30 35 39 33 36 53 51 55 41 52 45 2E 70    5T005936SQUARE.p
00002e80: 6E 67 22 20 67 72 6F 75 70 2D 74 69 74 6C 65 3D    ng" group-title=
00002e90: 22 4C 69 66 65 73 74 79 6C 65 20 26 20 50 6F 70    "Lifestyle & Pop
00002ea0: 20 43 75 6C 74 75 72 65 22 2C 42 61 63 6B 73 74     Culture",Backst
00002eb0: 61 67 65 0A 68 74 74 70 73 3A 2F 2F 6A 6D 70 32    age.https://jmp2
00002ec0: 2E 75 6B 2F 73 74 76 70 2D 55 53 42 43 31 30 30    .uk/stvp-USBC100
00002ed0: 30 30 31 32 39 52 0A 23 45 58 54 49 4E 46 3A 2D    00129R.#EXTINF:-
00002ee0: 31 20 63 68 61 6E 6E 65 6C 2D 69 64 3D 22 55 53    1 channel-id="US
00002ef0: 31 38 30 30 30 30 38 50 5A 22 20 74 76 67 2D 69    1800008PZ" tvg-i
00002f00: 64 3D 22 55 53 31 38 30 30 30 30 38 50 5A 22 20    d="US1800008PZ" 
00002f10: 74 76 67 2D 63 68 6E 6F 3D 22 31 39 34 30 22 20    tvg-chno="1940" 
00002f20: 74 76 67 2D 6E 61 6D 65 3D 22 42 61 64 20 47 69    tvg-name="Bad Gi
00002f30: 72 6C 73 20 43 6C 75 62 22 20 74 76 67 2D 6C 6F    rls Club" tvg-lo
00002f40: 67 6F 3D 22 68 74 74 70 73 3A 2F 2F 74 76 70 6E    go="https://tvpn
00002f50: 6C 6F 67 6F 70 75 73 2E 73 61 6D 73 75 6E 67 63    logopus.samsungc
00002f60: 6C 6F 75 64 2E 74 76 2F 70 6C 61 74 66 6F 72 6D    loud.tv/platform
00002f70: 2F 69 6D 61 67 65 2F 73 6F 75 72 63 65 6C 6F 67    /image/sourcelog
00002f80: 6F 2F 76 63 2F 30 30 2F 30 32 2F 33 34 2F 55 53    o/vc/00/02/34/US
00002f90: 31 38 30 30 30 30 38 50 5A 5F 32 30 32 34 30 39    1800008PZ_202409
00002fa0: 31 39 54 32 32 32 34 30 37 53 51 55 41 52 45 2E    19T222407SQUARE.
00002fb0: 70 6E 67 22 20 67 72 6F 75 70 2D 74 69 74 6C 65    png" group-title
00002fc0: 3D 22 52 65 61 6C 69 74 79 20 54 56 22 2C 42 61    ="Reality TV",Ba
00002fd0: 64 20 47 69 72 6C 73 20 43 6C 75 62 0A 68 74 74    d Girls Club.htt
00002fe0: 70 73 3A 2F 2F 6A 6D 70 32 2E 75 6B 2F 73 74 76    ps://jmp2.uk/stv
00002ff0: 70 2D 55 53 31 38 30 30 30 30 38 50 5A 0A 23 45    p-US1800008PZ.#E
00003000: 58 54 49 4E 46 3A 2D 31 20 63 68 61 6E 6E 65 6C    XTINF:-1 channel
00003010: 2D 69 64 3D 22 55 53 42 44 34 39 30 30 30 30 32    -id="USBD4900002
00003020: 30 39 22 20 74 76 67 2D 69 64 3D 22 55 53 42 44    09" tvg-id="USBD
00003030: 34 39 30 30 30 30 32 30 39 22 20 74 76 67 2D 63    490000209" tvg-c
00003040: 68 6E 6F 3D 22 33 36 31 33 22 20 74 76 67 2D 6E    hno="3613" tvg-n
00003050: 61 6D 65 3D 22 42 61 72 62 69 65 20 61 6E 64 20    ame="Barbie and 
00003060: 46 72 69 65 6E 64 73 22 20 74 76 67 2D 6C 6F 67    Friends" tvg-log
00003070: 6F 3D 22 68 74 74 70 73 3A 2F 2F 74 76 70 6E 6C    o="https://tvpnl
00003080: 6F 67 6F 70 75 73 2E 73 61 6D 73 75 6E 67 63 6C    ogopus.samsungcl
00003090: 6F 75 64 2E 74 76 2F 70 6C 61 74 66 6F 72 6D 2F    oud.tv/platform/
000030a0: 69 6D 61 67 65 2F 73 6F 75 72 63 65 6C 6F 67 6F    image/sourcelogo
000030b0: 2F 76 63 2F 30 30 2F 30 32 2F 33 34 2F 55 53 42    /vc/00/02/34/USB
000030c0: 44 34 39 30 30 30 30 32 30 39 5F 32 30 32 34 31    D490000209_20241
000030d0: 31 30 34 54 31 36 33 35 33 38 53 51 55 41 52 45    104T163538SQUARE
000030e0: 2E 70 6E 67 22 20 67 72 6F 75 70 2D 74 69 74 6C    .png" group-titl
000030f0: 65 3D 22 4B 69 64 73 22 2C 42 61 72 62 69 65 20    e="Kids",Barbie 
00003100: 61 6E 64 20 46 72 69 65 6E 64 73 0A 68 74 74 70    and Friends.http
00003110: 73 3A 2F 2F 6A 6D 70 32 2E 75 6B 2F 73 74 76 70    s://jmp2.uk/stvp
00003120: 2D 55 53 42 44 34 39 30 30 30 30 32 30 39 0A 23    -USBD490000209.#
00003130: 45 58 54 49 4E 46 3A 2D 31 20 63 68 61 6E 6E 65    EXTINF:-1 channe
00003140: 6C 2D 69 64 3D 22 55 53 33 30 30 30 30 31 55 4F    l-id="US300001UO
00003150: 22 20 74 76 67 2D 69 64 3D 22 55 53 33 30 30 30    " tvg-id="US3000
00003160: 30 31 55 4F 22 20 74 76 67 2D 63 68 6E 6F 3D 22    01UO" tvg-chno="
00003170: 33 36 34 35 22 20 74 76 67 2D 6E 61 6D 65 3D 22    3645" tvg-name="
00003180: 42 61 72 6E 65 79 20 61 6E 64 20 46 72 69 65 6E    Barney and Frien
00003190: 64 73 22 20 74 76 67 2D 6C 6F 67 6F 3D 22 68 74    ds" tvg-logo="ht
000031a0: 74 70 73 3A 2F 2F 74 76 70 6E 6C 6F 67 6F 70 75    tps://tvpnlogopu
000031b0: 73 2E 73 61 6D 73 75 6E 67 63 6C 6F 75 64 2E 74    s.samsungcloud.t
000031c0: 76 2F 70 6C 61 74 66 6F 72 6D 2F 69 6D 61 67 65    v/platform/image
000031d0: 2F 73 6F 75 72 63 65 6C 6F 67 6F 2F 76 63 2F 30    /sourcelogo/vc/0
000031e0: 30 2F 30 32 2F 33 34 2F 55 53 33 30 30 30 30 31    0/02/34/US300001
000031f0: 55 4F 5F 32 30 32 35 30 31 32 31 54 31 30 31 31    UO_20250121T1011
00003200: 33 34 53 51 55 41 52 45 2E 70 6E 67 22 20 67 72    34SQUARE.png" gr
00003210: 6F 75 70 2D 74 69 74 6C 65 3D 22 4B 69 64 73 22    oup-title="Kids"
00003220: 2C 42 61 72 6E 65 79 20 61 6E 64 20 46 72 69 65    ,Barney and Frie
00003230: 6E 64 73 0A 68 74 74 70 73 3A 2F 2F 6A 6D 70 32    nds.https://jmp2
00003240: 2E 75 6B 2F 73 74 76 70 2D 55 53 33 30 30 30 30    .uk/stvp-US30000
00003250: 31 55 4F 0A 23 45 58 54 49 4E 46 3A 2D 31 20 63    1UO.#EXTINF:-1 c
00003260: 68 61 6E 6E 65 6C 2D 69 64 3D 22 55 53 42 44 33    hannel-id="USBD3
00003270: 33 30 30 30 31 32 56 58 22 20 74 76 67 2D 69 64    300012VX" tvg-id
00003280: 3D 22 55 53 42 44 33 33 30 30 30 31 32 56 58 22    ="USBD3300012VX"
00003290: 20 74 76 67 2D 63 68 6E 6F 3D 22 33 37 31 34 22     tvg-chno="3714"
000032a0: 20 74 76 67 2D 6E 61 6D 65 3D 22 62 61 74 74 65     tvg-name="batte
000032b0: 72 79 50 4F 50 22 20 74 76 67 2D 6C 6F 67 6F 3D    ryPOP" tvg-logo=
000032c0: 22 68 74 74 70 73 3A 2F 2F 74 76 70 6E 6C 6F 67    "https://tvpnlog
000032d0: 6F 70 75 73 2E 73 61 6D 73 75 6E 67 63 6C 6F 75    opus.samsungclou
000032e0: 64 2E 74 76 2F 70 6C 61 74 66 6F 72 6D 2F 69 6D    d.tv/platform/im
000032f0: 61 67 65 2F 73 6F 75 72 63 65 6C 6F 67 6F 2F 76    age/sourcelogo/v
00003300: 63 2F 30 30 2F 30 32 2F 33 34 2F 55 53 42 44 33    c/00/02/34/USBD3
00003310: 33 30 30 30 31 32 56 58 5F 32 30 32 35 30 32 31    300012VX_2025021
00003320: 31 54 30 32 31 36 35 33 53 51 55 41 52 45 2E 70    1T021653SQUARE.p
00003330: 6E 67 22 20 67 72 6F 75 70 2D 74 69 74 6C 65 3D    ng" group-title=
00003340: 22 4B 69 64 73 22 2C 62 61 74 74 65 72 79 50 4F    "Kids",batteryPO
00003350: 50 0A 68 74 74 70 73 3A 2F 2F 6A 6D 70 32 2E 75    P.https://jmp2.u
00003360: 6B 2F 73 74 76 70 2D 55 53 42 44 33 33 30 30 30    k/stvp-USBD33000
00003370: 31 32 56 58 0A 23 45 58 54 49 4E 46 3A 2D 31 20    12VX.#EXTINF:-1 
00003380: 63 68 61 6E 6E 65 6C 2D 69 64 3D 22 55 53 42 41    channel-id="USBA
00003390: 32 30 30 30 30 30 31 42 52 22 20 74 76 67 2D 69    2000001BR" tvg-i
000033a0: 64 3D 22 55 53 42 41 32 30 30 30 30 30 31 42 52    d="USBA2000001BR
000033b0: 22 20 74 76 67 2D 63 68 6E 6F 3D 22 31 35 39 30    " tvg-chno="1590
000033c0: 22 20 74 76 67 2D 6E 61 6D 65 3D 22 42 61 79 77    " tvg-name="Bayw
000033d0: 61 74 63 68 22 20 74 76 67 2D 6C 6F 67 6F 3D 22    atch" tvg-logo="
000033e0: 68 74 74 70 73 3A 2F 2F 74 76 70 6E 6C 6F 67 6F    https://tvpnlogo
000033f0: 70 75 73 2E 73 61 6D 73 75 6E 67 63 6C 6F 75 64    pus.samsungcloud
00003400: 2E 74 76 2F 70 6C 61 74 66 6F 72 6D 2F 69 6D 61    .tv/platform/ima
00003410: 67 65 2F 73 6F 75 72 63 65 6C 6F 67 6F 2F 76 63    ge/sourcelogo/vc
00003420: 2F 30 30 2F 30 32 2F 33 34 2F 55 53 42 41 32 30    /00/02/34/USBA20
00003430: 30 30 30 30 31 42 52 5F 32 30 32 35 30 37 30 37    00001BR_20250707
00003440: 54 32 33 34 33 33 37 53 51 55 41 52 45 2E 70 6E    T234337SQUARE.pn
00003450: 67 22 20 67 72 6F 75 70 2D 74 69 74 6C 65 3D 22    g" group-title="
00003460: 41 63 74 69 6F 6E 20 26 20 44 72 61 6D 61 22 2C    Action & Drama",
00003470: 42 61 79 77 61 74 63 68 0A 68 74 74 70 73 3A 2F    Baywatch.https:/
00003480: 2F 6A 6D 70 32 2E 75 6B 2F 73 74 76 70 2D 55 53    /jmp2.uk/stvp-US
00003490: 42 41 32 30 30 30 30 30 31 42 52 0A 23 45 58 54    BA2000001BR.#EXT
000034a0: 49 4E 46 3A 2D 31 20 63 68 61 6E 6E 65 6C 2D 69    INF:-1 channel-i
000034b0: 64 3D 22 55 53 34 35 30 30 30 30 39 56 56 22 20    d="US4500009VV" 
000034c0: 74 76 67 2D 69 64 3D 22 55 53 34 35 30 30 30 30    tvg-id="US450000
000034d0: 39 56 56 22 20 74 76 67 2D 63 68 6E 6F 3D 22 32    9VV" tvg-chno="2
000034e0: 36 34 34 22 20 74 76 67 2D 6E 61 6D 65 3D 22 42    644" tvg-name="B
000034f0: 42 43 20 43 6F 6D 65 64 79 22 20 74 76 67 2D 6C    BC Comedy" tvg-l
00003500: 6F 67 6F 3D 22 68 74 74 70 73 3A 2F 2F 74 76 70    ogo="https://tvp
00003510: 6E 6C 6F 67 6F 70 75 73 2E 73 61 6D 73 75 6E 67    nlogopus.samsung
00003520: 63 6C 6F 75 64 2E 74 76 2F 70 6C 61 74 66 6F 72    cloud.tv/platfor
00003530: 6D 2F 69 6D 61 67 65 2F 73 6F 75 72 63 65 6C 6F    m/image/sourcelo
00003540: 67 6F 2F 76 63 2F 30 30 2F 30 32 2F 33 34 2F 55    go/vc/00/02/34/U
00003550: 53 34 35 30 30 30 30 39 56 56 5F 32 30 32 35 30    S4500009VV_20250
00003560: 34 30 38 54 30 32 30 37 35 36 53 51 55 41 52 45    408T020756SQUARE
00003570: 2E 70 6E 67 22 20 67 72 6F 75 70 2D 74 69 74 6C    .png" group-titl
00003580: 65 3D 22 43 6F 6D 65 64 79 22 2C 42 42 43 20 43    e="Comedy",BBC C
00003590: 6F 6D 65 64 79 0A 68 74 74 70 73 3A 2F 2F 6A 6D    omedy.https://jm
000035a0: 70 32 2E 75 6B 2F 73 74 76 70 2D 55 53 34 35 30    p2.uk/stvp-US450
000035b0: 30 30 30 39 56 56 0A 23 45 58 54 49 4E 46 3A 2D    0009VV.#EXTINF:-
000035c0: 31 20 63 68 61 6E 6E 65 6C 2D 69 64 3D 22 55 53    1 channel-id="US
000035d0: 33 37 30 30 30 30 35 47 50 22 20 74 76 67 2D 69    3700005GP" tvg-i
000035e0: 64 3D 22 55 53 33 37 30 30 30 30 35 47 50 22 20    d="US3700005GP" 
000035f0: 74 76 67 2D 63 68 6E 6F 3D 22 31 35 32 34 22 20    tvg-chno="1524" 
00003600: 74 76 67 2D 6E 61 6D 65 3D 22 42 42 43 20 44 72    tvg-name="BBC Dr
00003610: 61 6D 61 22 20 74 76 67 2D 6C 6F 67 6F 3D 22 68    ama" tvg-logo="h
00003620: 74 74 70 73 3A 2F 2F 74 76 70 6E 6C 6F 67 6F 70    ttps://tvpnlogop
00003630: 75 73 2E 73 61 6D 73 75 6E 67 63 6C 6F 75 64 2E    us.samsungcloud.
00003640: 74 76 2F 70 6C 61 74 66 6F 72 6D 2F 69 6D 61 67    tv/platform/imag
00003650: 65 2F 73 6F 75 72 63 65 6C 6F 67 6F 2F 76 63 2F    e/sourcelogo/vc/
00003660: 30 30 2F 30 32 2F 33 34 2F 55 53 33 37 30 30 30    00/02/34/US37000
00003670: 30 35 47 50 5F 32 30 32 34 31 31 31 39 54 30 32    05GP_20241119T02
00003680: 30 34 30 35 53 51 55 41 52 45 2E 70 6E 67 22 20    0405SQUARE.png" 
00003690: 67 72 6F 75 70 2D 74 69 74 6C 65 3D 22 41 63 74    group-title="Act
000036a0: 69 6F 6E 20 26 20 44 72 61 6D 61 22 2C 42 42 43    ion & Drama",BBC
000036b0: 20 44 72 61 6D 61 0A 68 74 74 70 73 3A 2F 2F 6A     Drama.https://j
000036c0: 6D 70 32 2E 75 6B 2F 73 74 76 70 2D 55 53 33 37    mp2.uk/stvp-US37
000036d0: 30 30 30 30 35 47 50 0A 23 45 58 54 49 4E 46 3A    00005GP.#EXTINF:
000036e0: 2D 31 20 63 68 61 6E 6E 65 6C 2D 69 64 3D 22 55    -1 channel-id="U
000036f0: 53 42 44 31 37 30 30 30 30 31 52 57 22 20 74 76    SBD1700001RW" tv
00003700: 67 2D 69 64 3D 22 55 53 42 44 31 37 30 30 30 30    g-id="USBD170000
00003710: 31 52 57 22 20 74 76 67 2D 63 68 6E 6F 3D 22 33    1RW" tvg-chno="3
00003720: 35 32 36 22 20 74 76 67 2D 6E 61 6D 65 3D 22 42    526" tvg-name="B
00003730: 42 43 20 45 61 72 74 68 22 20 74 76 67 2D 6C 6F    BC Earth" tvg-lo
00003740: 67 6F 3D 22 68 74 74 70 73 3A 2F 2F 74 76 70 6E    go="https://tvpn
00003750: 6C 6F 67 6F 70 75 73 2E 73 61 6D 73 75 6E 67 63    logopus.samsungc
00003760: 6C 6F 75 64 2E 74 76 2F 70 6C 61 74 66 6F 72 6D    loud.tv/platform
00003770: 2F 69 6D 61 67 65 2F 73 6F 75 72 63 65 6C 6F 67    /image/sourcelog
00003780: 6F 2F 76 63 2F 30 30 2F 30 32 2F 33 34 2F 55 53    o/vc/00/02/34/US
00003790: 42 44 31 37 30 30 30 30 31 52 57 5F 32 30 32 35    BD1700001RW_2025
000037a0: 30 34 32 31 54 32 33 34 39 30 35 53 51 55 41 52    0421T234905SQUAR
000037b0: 45 2E 70 6E 67 22 20 67 72 6F 75 70 2D 74 69 74    E.png" group-tit
000037c0: 6C 65 3D 22 4E 61 74 75 72 65 2C 20 48 69 73 74    le="Nature, Hist
000037d0: 6F 72 79 20 26 20 53 63 69 65 6E 63 65 22 2C 42    ory & Science",B
000037e0: 42 43 20 45 61 72 74 68 0A 68 74 74 70 73 3A 2F    BC Earth.https:/
000037f0: 2F 6A 6D 70 32 2E 75 6B 2F 73 74 76 70 2D 55 53    /jmp2.uk/stvp-US
00003800: 42 44 31 37 30 30 30 30 31 52 57 0A 23 45 58 54    BD1700001RW.#EXT
00003810: 49 4E 46 3A 2D 31 20 63 68 61 6E 6E 65 6C 2D 69    INF:-1 channel-i
00003820: 64 3D 22 55 53 42 43 36 30 30 30 31 30 38 5A 22    d="USBC6000108Z"
00003830: 20 74 76 67 2D 69 64 3D 22 55 53 42 43 36 30 30     tvg-id="USBC600
00003840: 30 31 30 38 5A 22 20 74 76 67 2D 63 68 6E 6F 3D    0108Z" tvg-chno=
00003850: 22 32 31 30 30 22 20 74 76 67 2D 6E 61 6D 65 3D    "2100" tvg-name=
00003860: 22 42 42 43 20 46 6F 6F 64 22 20 74 76 67 2D 6C    "BBC Food" tvg-l
00003870: 6F 67 6F 3D 22 68 74 74 70 73 3A 2F 2F 74 76 70    ogo="https://tvp
00003880: 6E 6C 6F 67 6F 70 75 73 2E 73 61 6D 73 75 6E 67    nlogopus.samsung
00003890: 63 6C 6F 75 64 2E 74 76 2F 70 6C 61 74 66 6F 72    cloud.tv/platfor
000038a0: 6D 2F 69 6D 61 67 65 2F 73 6F 75 72 63 65 6C 6F    m/image/sourcelo
000038b0: 67 6F 2F 76 63 2F 30 30 2F 30 32 2F 33 34 2F 55    go/vc/00/02/34/U
000038c0: 53 42 43 36 30 30 30 31 30 38 5A 5F 32 30 32 34    SBC6000108Z_2024
000038d0: 31 31 30 35 54 30 32 34 32 31 36 53 51 55 41 52    1105T024216SQUAR
000038e0: 45 2E 70 6E 67 22 20 67 72 6F 75 70 2D 74 69 74    E.png" group-tit
000038f0: 6C 65 3D 22 48 6F 6D 65 20 26 20 46 6F 6F 64 22    le="Home & Food"
00003900: 2C 42 42 43 20 46 6F 6F 64 0A 68 74 74 70 73 3A    ,BBC Food.https:
00003910: 2F 2F 6A 6D 70 32 2E 75 6B 2F 73 74 76 70 2D 55    //jmp2.uk/stvp-U
00003920: 53 42 43 36 30 30 30 31 30 38 5A 0A 23 45 58 54    SBC6000108Z.#EXT
00003930: 49 4E 46 3A 2D 31 20 63 68 61 6E 6E 65 6C 2D 69    INF:-1 channel-i
00003940: 64 3D 22 55 53 42 43 36 30 30 30 31 37 46 47 22    d="USBC600017FG"
00003950: 20 74 76 67 2D 69 64 3D 22 55 53 42 43 36 30 30     tvg-id="USBC600
00003960: 30 31 37 46 47 22 20 74 76 67 2D 63 68 6E 6F 3D    017FG" tvg-chno=
00003970: 22 32 30 39 39 22 20 74 76 67 2D 6E 61 6D 65 3D    "2099" tvg-name=
00003980: 22 42 42 43 20 48 6F 6D 65 20 26 20 47 61 72 64    "BBC Home & Gard
00003990: 65 6E 22 20 74 76 67 2D 6C 6F 67 6F 3D 22 68 74    en" tvg-logo="ht
000039a0: 74 70 73 3A 2F 2F 74 76 70 6E 6C 6F 67 6F 70 75    tps://tvpnlogopu
000039b0: 73 2E 73 61 6D 73 75 6E 67 63 6C 6F 75 64 2E 74    s.samsungcloud.t
000039c0: 76 2F 70 6C 61 74 66 6F 72 6D 2F 69 6D 61 67 65    v/platform/image
000039d0: 2F 73 6F 75 72 63 65 6C 6F 67 6F 2F 76 63 2F 30    /sourcelogo/vc/0
000039e0: 30 2F 30 32 2F 33 34 2F 55 53 42 43 36 30 30 30    0/02/34/USBC6000
000039f0: 31 37 46 47 5F 32 30 32 34 30 37 32 32 54 32 33    17FG_20240722T23
00003a00: 30 38 35 39 53 51 55 41 52 45 2E 70 6E 67 22 20    0859SQUARE.png" 
00003a10: 67 72 6F 75 70 2D 74 69 74 6C 65 3D 22 48 6F 6D    group-title="Hom
00003a20: 65 20 26 20 46 6F 6F 64 22 2C 42 42 43 20 48 6F    e & Food",BBC Ho
00003a30: 6D 65 20 26 20 47 61 72 64 65 6E 0A 68 74 74 70    me & Garden.http
00003a40: 73 3A 2F 2F 6A 6D 70 32 2E 75 6B 2F 73 74 76 70    s://jmp2.uk/stvp
00003a50: 2D 55 53 42 43 36 30 30 30 31 37 46 47 0A 23 45    -USBC600017FG.#E
00003a60: 58 54 49 4E 46 3A 2D 31 20 63 68 61 6E 6E 65 6C    XTINF:-1 channel
00003a70: 2D 69 64 3D 22 55 53 38 30 30 30 30 33 4A 4D 22    -id="US800003JM"
00003a80: 20 74 76 67 2D 69 64 3D 22 55 53 38 30 30 30 30     tvg-id="US80000
00003a90: 33 4A 4D 22 20 74 76 67 2D 63 68 6E 6F 3D 22 33    3JM" tvg-chno="3
00003aa0: 37 32 34 22 20 74 76 67 2D 6E 61 6D 65 3D 22 42    724" tvg-name="B
00003ab0: 42 43 20 4B 69 64 73 22 20 74 76 67 2D 6C 6F 67    BC Kids" tvg-log
00003ac0: 6F 3D 22 68 74 74 70 73 3A 2F 2F 74 76 70 6E 6C    o="https://tvpnl
00003ad0: 6F 67 6F 70 75 73 2E 73 61 6D 73 75 6E 67 63 6C    ogopus.samsungcl
00003ae0: 6F 75 64 2E 74 76 2F 70 6C 61 74 66 6F 72 6D 2F    oud.tv/platform/
00003af0: 69 6D 61 67 65 2F 73 6F 75 72 63 65 6C 6F 67 6F    image/sourcelogo
00003b00: 2F 76 63 2F 30 30 2F 30 32 2F 33 34 2F 55 53 38    /vc/00/02/34/US8
00003b10: 30 30 30 30 33 4A 4D 5F 32 30 32 34 30 37 30 39    00003JM_20240709
00003b20: 54 30 30 32 31 32 32 53 51 55 41 52 45 2E 70 6E    T002122SQUARE.pn
00003b30: 67 22 20 67 72 6F 75 70 2D 74 69 74 6C 65 3D 22    g" group-title="
00003b40: 4B 69 64 73 22 2C 42 42 43 20 4B 69 64 73 0A 68    Kids",BBC Kids.h
00003b50: 74 74 70 73 3A 2F 2F 6A 6D 70 32 2E 75 6B 2F 73    ttps://jmp2.uk/s
00003b60: 74 76 70 2D 55 53 38 30 30 30 30 33 4A 4D 0A 23    tvp-US800003JM.#
00003b70: 45 58 54 49 4E 46 3A 2D 31 20 63 68 61 6E 6E 65    EXTINF:-1 channe
00003b80: 6C 2D 69 64 3D 22 55 53 34 30 30 30 30 33 33 4C    l-id="US4000033L
00003b90: 22 20 74 76 67 2D 69 64 3D 22 55 53 34 30 30 30    " tvg-id="US4000
00003ba0: 30 33 33 4C 22 20 74 76 67 2D 63 68 6E 6F 3D 22    033L" tvg-chno="
00003bb0: 31 31 34 30 22 20 74 76 67 2D 6E 61 6D 65 3D 22    1140" tvg-name="
00003bc0: 42 42 43 20 4E 65 77 73 22 20 74 76 67 2D 6C 6F    BBC News" tvg-lo
00003bd0: 67 6F 3D 22 68 74 74 70 73 3A 2F 2F 74 76 70 6E    go="https://tvpn
00003be0: 6C 6F 67 6F 70 75 73 2E 73 61 6D 73 75 6E 67 63    logopus.samsungc
00003bf0: 6C 6F 75 64 2E 74 76 2F 70 6C 61 74 66 6F 72 6D    loud.tv/platform
00003c00: 2F 69 6D 61 67 65 2F 73 6F 75 72 63 65 6C 6F 67    /image/sourcelog
00003c10: 6F 2F 76 63 2F 30 30 2F 30 32 2F 33 34 2F 55 53    o/vc/00/02/34/US
00003c20: 34 30 30 30 30 33 33 4C 5F 32 30 32 35 30 33 32    4000033L_2025032
00003c30: 35 54 30 31 35 31 31 30 53 51 55 41 52 45 2E 70    5T015110SQUARE.p
00003c40: 6E 67 22 20 67 72 6F 75 70 2D 74 69 74 6C 65 3D    ng" group-title=
00003c50: 22 4E 65 77 73 20 26 20 4F 70 69 6E 69 6F 6E 22    "News & Opinion"
00003c60: 2C 42 42 43 20 4E 65 77 73 0A 68 74 74 70 73 3A    ,BBC News.https:
00003c70: 2F 2F 6A 6D 70 32 2E 75 6B 2F 73 74 76 70 2D 55    //jmp2.uk/stvp-U
00003c80: 53 34 30 30 30 30 33 33 4C 0A 23 45 58 54 49 4E    S4000033L.#EXTIN
00003c90: 46 3A 2D 31 20 63 68 61 6E 6E 65 6C 2D 69 64 3D    F:-1 channel-id=
00003ca0: 22 55 53 31 34 30 30 30 31 31 39 51 22 20 74 76    "US14000119Q" tv
00003cb0: 67 2D 69 64 3D 22 55 53 31 34 30 30 30 31 31 39    g-id="US14000119
00003cc0: 51 22 20 74 76 67 2D 63 68 6E 6F 3D 22 34 35 38    Q" tvg-chno="458
00003cd0: 31 22 20 74 76 67 2D 6E 61 6D 65 3D 22 42 65 61    1" tvg-name="Bea
00003ce0: 63 68 20 42 6F 6E 66 69 72 65 20 56 69 62 65 73    ch Bonfire Vibes
00003cf0: 22 20 74 76 67 2D 6C 6F 67 6F 3D 22 68 74 74 70    " tvg-logo="http
00003d00: 73 3A 2F 2F 74 76 70 6E 6C 6F 67 6F 70 75 73 2E    s://tvpnlogopus.
00003d10: 73 61 6D 73 75 6E 67 63 6C 6F 75 64 2E 74 76 2F    samsungcloud.tv/
00003d20: 70 6C 61 74 66 6F 72 6D 2F 69 6D 61 67 65 2F 73    platform/image/s
00003d30: 6F 75 72 63 65 6C 6F 67 6F 2F 76 63 2F 30 30 2F    ourcelogo/vc/00/
00003d40: 30 32 2F 33 34 2F 55 53 31 34 30 30 30 31 31 39    02/34/US14000119
00003d50: 51 5F 32 30 32 34 31 32 31 30 54 30 31 33 38 34    Q_20241210T01384
00003d60: 31 53 51 55 41 52 45 2E 70 6E 67 22 20 67 72 6F    1SQUARE.png" gro
00003d70: 75 70 2D 74 69 74 6C 65 3D 22 41 6D 62 69 61 6E    up-title="Ambian
00003d80: 63 65 22 2C 42 65 61 63 68 20 42 6F 6E 66 69 72    ce",Beach Bonfir
00003d90: 65 20 56 69 62 65 73 0A 68 74 74 70 73 3A 2F 2F    e Vibes.https://
00003da0: 6A 6D 70 32 2E 75 6B 2F 73 74 76 70 2D 55 53 31    jmp2.uk/stvp-US1
00003db0: 34 30 30 30 31 31 39 51 0A 23 45 58 54 49 4E 46    4000119Q.#EXTINF
00003dc0: 3A 2D 31 20 63 68 61 6E 6E 65 6C 2D 69 64 3D 22    :-1 channel-id="
00003dd0: 55 53 41 4A 34 33 30 30 30 30 31 51 37 22 20 74    USAJ4300001Q7" t
00003de0: 76 67 2D 69 64 3D 22 55 53 41 4A 34 33 30 30 30    vg-id="USAJ43000
00003df0: 30 31 51 37 22 20 74 76 67 2D 63 68 6E 6F 3D 22    01Q7" tvg-chno="
00003e00: 32 33 37 32 22 20 74 76 67 2D 6E 61 6D 65 3D 22    2372" tvg-name="
00003e10: 62 65 49 4E 20 53 50 4F 52 54 53 20 58 54 52 41    beIN SPORTS XTRA
00003e20: 22 20 74 76 67 2D 6C 6F 67 6F 3D 22 68 74 74 70    " tvg-logo="http
00003e30: 73 3A 2F 2F 74 76 70 6E 6C 6F 67 6F 70 75 73 2E    s://tvpnlogopus.
00003e40: 73 61 6D 73 75 6E 67 63 6C 6F 75 64 2E 74 76 2F    samsungcloud.tv/
00003e50: 70 6C 61 74 66 6F 72 6D 2F 69 6D 61 67 65 2F 73    platform/image/s
00003e60: 6F 75 72 63 65 6C 6F 67 6F 2F 76 63 2F 30 30 2F    ourcelogo/vc/00/
00003e70: 30 32 2F 33 34 2F 55 53 41 4A 34 33 30 30 30 30    02/34/USAJ430000
00003e80: 31 51 37 5F 32 30 32 34 31 31 30 35 54 30 32 34    1Q7_20241105T024
00003e90: 32 34 30 53 51 55 41 52 45 2E 70 6E 67 22 20 67    240SQUARE.png" g
00003ea0: 72 6F 75 70 2D 74 69 74 6C 65 3D 22 53 70 6F 72    roup-title="Spor
00003eb0: 74 73 20 26 20 4F 75 74 64 6F 6F 72 73 22 2C 62    ts & Outdoors",b
00003ec0: 65 49 4E 20 53 50 4F 52 54 53 20 58 54 52 41 0A    eIN SPORTS XTRA.
00003ed0: 68 74 74 70 73 3A 2F 2F 6A 6D 70 32 2E 75 6B 2F    https://jmp2.uk/
00003ee0: 73 74 76 70 2D 55 53 41 4A 34 33 30 30 30 30 31    stvp-USAJ4300001
00003ef0: 51 37 0A 23 45 58 54 49 4E 46 3A 2D 31 20 63 68    Q7.#EXTINF:-1 ch
00003f00: 61 6E 6E 65 6C 2D 69 64 3D 22 55 53 32 37 30 30    annel-id="US2700
00003f10: 30 30 34 44 58 22 20 74 76 67 2D 69 64 3D 22 55    004DX" tvg-id="U
00003f20: 53 32 37 30 30 30 30 34 44 58 22 20 74 76 67 2D    S2700004DX" tvg-
00003f30: 63 68 6E 6F 3D 22 33 38 32 32 22 20 74 76 67 2D    chno="3822" tvg-
00003f40: 6E 61 6D 65 3D 22 62 65 49 4E 20 53 70 6F 72 74    name="beIN Sport
00003f50: 73 20 58 54 52 41 20 F1 22 20 74 76 67 2D 6C 6F    s XTRA ." tvg-lo
00003f60: 67 6F 3D 22 68 74 74 70 73 3A 2F 2F 74 76 70 6E    go="https://tvpn
00003f70: 6C 6F 67 6F 70 75 73 2E 73 61 6D 73 75 6E 67 63    logopus.samsungc
00003f80: 6C 6F 75 64 2E 74 76 2F 70 6C 61 74 66 6F 72 6D    loud.tv/platform
00003f90: 2F 69 6D 61 67 65 2F 73 6F 75 72 63 65 6C 6F 67    /image/sourcelog
00003fa0: 6F 2F 76 63 2F 30 30 2F 30 32 2F 33 34 2F 55 53    o/vc/00/02/34/US
00003fb0: 32 37 30 30 30 30 34 44 58 5F 32 30 32 34 30 38    2700004DX_202408
00003fc0: 32 36 54 32 33 35 36 30 38 53 51 55 41 52 45 2E    26T235608SQUARE.
00003fd0: 70 6E 67 22 20 67 72 6F 75 70 2D 74 69 74 6C 65    png" group-title
00003fe0: 3D 22 4C 61 74 69 6E 6F 22 2C 62 65 49 4E 20 53    ="Latino",beIN S
00003ff0: 70 6F 72 74 73 20 58 54 52 41 20 F1 0A 68 74 74    ports XTRA ..htt

00000000: 70 73 3A 2F 2F 6A 6D 70 32 2E 75 6B 2F 73 74 76    ps://jmp2.uk/stv
00000010: 70 2D 55 53 32 37 30 30 30 30 34 44 58 0A 23 45    p-US2700004DX.#E
00000020: 58 54 49 4E 46 3A 2D 31 20 63 68 61 6E 6E 65 6C    XTINF:-1 channel
00000030: 2D 69 64 3D 22 55 53 42 43 34 35 30 30 30 30 31    -id="USBC4500001
00000040: 33 30 22 20 74 76 67 2D 69 64 3D 22 55 53 42 43    30" tvg-id="USBC
00000050: 34 35 30 30 30 30 31 33 30 22 20 74 76 67 2D 63    450000130" tvg-c
00000060: 68 6E 6F 3D 22 31 35 35 35 22 20 74 76 67 2D 6E    hno="1555" tvg-n
00000070: 61 6D 65 3D 22 42 45 54 20 50 6C 75 74 6F 20 54    ame="BET Pluto T
00000080: 56 22 20 74 76 67 2D 6C 6F 67 6F 3D 22 68 74 74    V" tvg-logo="htt
00000090: 70 73 3A 2F 2F 74 76 70 6E 6C 6F 67 6F 70 75 73    ps://tvpnlogopus
000000a0: 2E 73 61 6D 73 75 6E 67 63 6C 6F 75 64 2E 74 76    .samsungcloud.tv
000000b0: 2F 70 6C 61 74 66 6F 72 6D 2F 69 6D 61 67 65 2F    /platform/image/
000000c0: 73 6F 75 72 63 65 6C 6F 67 6F 2F 76 63 2F 30 30    sourcelogo/vc/00
000000d0: 2F 30 32 2F 33 34 2F 55 53 42 43 34 35 30 30 30    /02/34/USBC45000
000000e0: 30 31 33 30 5F 32 30 32 34 31 31 31 32 54 30 30    0130_20241112T00
000000f0: 30 39 35 34 53 51 55 41 52 45 2E 70 6E 67 22 20    0954SQUARE.png" 
00000100: 67 72 6F 75 70 2D 74 69 74 6C 65 3D 22 41 63 74    group-title="Act
00000110: 69 6F 6E 20 26 20 44 72 61 6D 61 22 2C 42 45 54    ion & Drama",BET
00000120: 20 50 6C 75 74 6F 20 54 56 0A 68 74 74 70 73 3A     Pluto TV.https:
00000130: 2F 2F 6A 6D 70 32 2E 75 6B 2F 73 74 76 70 2D 55    //jmp2.uk/stvp-U
00000140: 53 42 43 34 35 30 30 30 30 31 33 30 0A 23 45 58    SBC450000130.#EX
00000150: 54 49 4E 46 3A 2D 31 20 63 68 61 6E 6E 65 6C 2D    TINF:-1 channel-
00000160: 69 64 3D 22 55 53 32 35 30 30 30 30 39 50 51 22    id="US2500009PQ"
00000170: 20 74 76 67 2D 69 64 3D 22 55 53 32 35 30 30 30     tvg-id="US25000
00000180: 30 39 50 51 22 20 74 76 67 2D 63 68 6E 6F 3D 22    09PQ" tvg-chno="
00000190: 32 36 33 32 22 20 74 76 67 2D 6E 61 6D 65 3D 22    2632" tvg-name="
000001a0: 42 45 54 20 78 20 54 79 6C 65 72 20 50 65 72 72    BET x Tyler Perr
000001b0: 79 20 43 6F 6D 65 64 79 22 20 74 76 67 2D 6C 6F    y Comedy" tvg-lo
000001c0: 67 6F 3D 22 68 74 74 70 73 3A 2F 2F 74 76 70 6E    go="https://tvpn
000001d0: 6C 6F 67 6F 70 75 73 2E 73 61 6D 73 75 6E 67 63    logopus.samsungc
000001e0: 6C 6F 75 64 2E 74 76 2F 70 6C 61 74 66 6F 72 6D    loud.tv/platform
000001f0: 2F 69 6D 61 67 65 2F 73 6F 75 72 63 65 6C 6F 67    /image/sourcelog
00000200: 6F 2F 76 63 2F 30 30 2F 30 32 2F 33 34 2F 55 53    o/vc/00/02/34/US
00000210: 32 35 30 30 30 30 39 50 51 5F 32 30 32 35 30 39    2500009PQ_202509
00000220: 32 33 54 30 32 30 35 34 32 53 51 55 41 52 45 2E    23T020542SQUARE.
00000230: 70 6E 67 22 20 67 72 6F 75 70 2D 74 69 74 6C 65    png" group-title
00000240: 3D 22 43 6F 6D 65 64 79 22 2C 42 45 54 20 78 20    ="Comedy",BET x 
00000250: 54 79 6C 65 72 20 50 65 72 72 79 20 43 6F 6D 65    Tyler Perry Come
00000260: 64 79 0A 68 74 74 70 73 3A 2F 2F 6A 6D 70 32 2E    dy.https://jmp2.
00000270: 75 6B 2F 73 74 76 70 2D 55 53 32 35 30 30 30 30    uk/stvp-US250000
00000280: 39 50 51 0A 23 45 58 54 49 4E 46 3A 2D 31 20 63    9PQ.#EXTINF:-1 c
00000290: 68 61 6E 6E 65 6C 2D 69 64 3D 22 55 53 32 35 30    hannel-id="US250
000002a0: 30 30 30 38 43 56 22 20 74 76 67 2D 69 64 3D 22    0008CV" tvg-id="
000002b0: 55 53 32 35 30 30 30 30 38 43 56 22 20 74 76 67    US2500008CV" tvg
000002c0: 2D 63 68 6E 6F 3D 22 31 35 35 33 22 20 74 76 67    -chno="1553" tvg
000002d0: 2D 6E 61 6D 65 3D 22 42 45 54 20 78 20 54 79 6C    -name="BET x Tyl
000002e0: 65 72 20 50 65 72 72 79 20 44 72 61 6D 61 22 20    er Perry Drama" 
000002f0: 74 76 67 2D 6C 6F 67 6F 3D 22 68 74 74 70 73 3A    tvg-logo="https:
00000300: 2F 2F 74 76 70 6E 6C 6F 67 6F 70 75 73 2E 73 61    //tvpnlogopus.sa
00000310: 6D 73 75 6E 67 63 6C 6F 75 64 2E 74 76 2F 70 6C    msungcloud.tv/pl
00000320: 61 74 66 6F 72 6D 2F 69 6D 61 67 65 2F 73 6F 75    atform/image/sou
00000330: 72 63 65 6C 6F 67 6F 2F 76 63 2F 30 30 2F 30 32    rcelogo/vc/00/02
00000340: 2F 33 34 2F 55 53 32 35 30 30 30 30 38 43 56 5F    /34/US2500008CV_
00000350: 32 30 32 35 30 39 32 33 54 30 32 30 35 34 34 53    20250923T020544S
00000360: 51 55 41 52 45 2E 70 6E 67 22 20 67 72 6F 75 70    QUARE.png" group
00000370: 2D 74 69 74 6C 65 3D 22 41 63 74 69 6F 6E 20 26    -title="Action &
00000380: 20 44 72 61 6D 61 22 2C 42 45 54 20 78 20 54 79     Drama",BET x Ty
00000390: 6C 65 72 20 50 65 72 72 79 20 44 72 61 6D 61 0A    ler Perry Drama.
000003a0: 68 74 74 70 73 3A 2F 2F 6A 6D 70 32 2E 75 6B 2F    https://jmp2.uk/
000003b0: 73 74 76 70 2D 55 53 32 35 30 30 30 30 38 43 56    stvp-US2500008CV
000003c0: 0A 23 45 58 54 49 4E 46 3A 2D 31 20 63 68 61 6E    .#EXTINF:-1 chan
000003d0: 6E 65 6C 2D 69 64 3D 22 55 53 33 37 30 30 30 30    nel-id="US370000
000003e0: 31 37 41 22 20 74 76 67 2D 69 64 3D 22 55 53 33    17A" tvg-id="US3
000003f0: 37 30 30 30 30 31 37 41 22 20 74 76 67 2D 63 68    7000017A" tvg-ch
00000400: 6E 6F 3D 22 32 33 39 30 22 20 74 76 67 2D 6E 61    no="2390" tvg-na
00000410: 6D 65 3D 22 42 69 67 20 31 32 20 53 74 75 64 69    me="Big 12 Studi
00000420: 6F 73 22 20 74 76 67 2D 6C 6F 67 6F 3D 22 68 74    os" tvg-logo="ht
00000430: 74 70 73 3A 2F 2F 74 76 70 6E 6C 6F 67 6F 70 75    tps://tvpnlogopu
00000440: 73 2E 73 61 6D 73 75 6E 67 63 6C 6F 75 64 2E 74    s.samsungcloud.t
00000450: 76 2F 70 6C 61 74 66 6F 72 6D 2F 69 6D 61 67 65    v/platform/image
00000460: 2F 73 6F 75 72 63 65 6C 6F 67 6F 2F 76 63 2F 30    /sourcelogo/vc/0
00000470: 30 2F 30 32 2F 33 34 2F 55 53 33 37 30 30 30 30    0/02/34/US370000
00000480: 31 37 41 5F 32 30 32 34 31 32 31 30 54 30 31 33    17A_20241210T013
00000490: 38 34 33 53 51 55 41 52 45 2E 70 6E 67 22 20 67    843SQUARE.png" g
000004a0: 72 6F 75 70 2D 74 69 74 6C 65 3D 22 53 70 6F 72    roup-title="Spor
000004b0: 74 73 20 26 20 4F 75 74 64 6F 6F 72 73 22 2C 42    ts & Outdoors",B
000004c0: 69 67 20 31 32 20 53 74 75 64 69 6F 73 0A 68 74    ig 12 Studios.ht
000004d0: 74 70 73 3A 2F 2F 6A 6D 70 32 2E 75 6B 2F 73 74    tps://jmp2.uk/st
000004e0: 76 70 2D 55 53 33 37 30 30 30 30 31 37 41 0A 23    vp-US37000017A.#
000004f0: 45 58 54 49 4E 46 3A 2D 31 20 63 68 61 6E 6E 65    EXTINF:-1 channe
00000500: 6C 2D 69 64 3D 22 55 53 31 33 30 30 30 30 33 53    l-id="US1300003S
00000510: 57 22 20 74 76 67 2D 69 64 3D 22 55 53 31 33 30    W" tvg-id="US130
00000520: 30 30 30 33 53 57 22 20 74 76 67 2D 63 68 6E 6F    0003SW" tvg-chno
00000530: 3D 22 32 39 34 34 22 20 74 76 67 2D 6E 61 6D 65    ="2944" tvg-name
00000540: 3D 22 42 69 6C 6C 62 6F 61 72 64 20 54 56 22 20    ="Billboard TV" 
00000550: 74 76 67 2D 6C 6F 67 6F 3D 22 68 74 74 70 73 3A    tvg-logo="https:
00000560: 2F 2F 74 76 70 6E 6C 6F 67 6F 70 75 73 2E 73 61    //tvpnlogopus.sa
00000570: 6D 73 75 6E 67 63 6C 6F 75 64 2E 74 76 2F 70 6C    msungcloud.tv/pl
00000580: 61 74 66 6F 72 6D 2F 69 6D 61 67 65 2F 73 6F 75    atform/image/sou
00000590: 72 63 65 6C 6F 67 6F 2F 76 63 2F 30 30 2F 30 32    rcelogo/vc/00/02
000005a0: 2F 33 34 2F 55 53 31 33 30 30 30 30 33 53 57 5F    /34/US1300003SW_
000005b0: 32 30 32 35 31 30 31 33 54 32 33 35 36 35 35 53    20251013T235655S
000005c0: 51 55 41 52 45 2E 70 6E 67 22 20 67 72 6F 75 70    QUARE.png" group
000005d0: 2D 74 69 74 6C 65 3D 22 4C 69 66 65 73 74 79 6C    -title="Lifestyl
000005e0: 65 20 26 20 50 6F 70 20 43 75 6C 74 75 72 65 22    e & Pop Culture"
000005f0: 2C 42 69 6C 6C 62 6F 61 72 64 20 54 56 0A 68 74    ,Billboard TV.ht
00000600: 74 70 73 3A 2F 2F 6A 6D 70 32 2E 75 6B 2F 73 74    tps://jmp2.uk/st
00000610: 76 70 2D 55 53 31 33 30 30 30 30 33 53 57 0A 23    vp-US1300003SW.#
00000620: 45 58 54 49 4E 46 3A 2D 31 20 63 68 61 6E 6E 65    EXTINF:-1 channe
00000630: 6C 2D 69 64 3D 22 55 53 42 44 31 32 30 30 30 31    l-id="USBD120001
00000640: 38 33 58 22 20 74 76 67 2D 69 64 3D 22 55 53 42    83X" tvg-id="USB
00000650: 44 31 32 30 30 30 31 38 33 58 22 20 74 76 67 2D    D12000183X" tvg-
00000660: 63 68 6E 6F 3D 22 32 34 34 36 22 20 74 76 67 2D    chno="2446" tvg-
00000670: 6E 61 6D 65 3D 22 42 69 6C 6C 69 61 72 64 20 54    name="Billiard T
00000680: 56 22 20 74 76 67 2D 6C 6F 67 6F 3D 22 68 74 74    V" tvg-logo="htt
00000690: 70 73 3A 2F 2F 74 76 70 6E 6C 6F 67 6F 70 75 73    ps://tvpnlogopus
000006a0: 2E 73 61 6D 73 75 6E 67 63 6C 6F 75 64 2E 74 76    .samsungcloud.tv
000006b0: 2F 70 6C 61 74 66 6F 72 6D 2F 69 6D 61 67 65 2F    /platform/image/
000006c0: 73 6F 75 72 63 65 6C 6F 67 6F 2F 76 63 2F 30 30    sourcelogo/vc/00
000006d0: 2F 30 32 2F 33 34 2F 55 53 42 44 31 32 30 30 30    /02/34/USBD12000
000006e0: 31 38 33 58 5F 32 30 32 35 30 34 32 38 54 32 32    183X_20250428T22
000006f0: 33 34 31 35 53 51 55 41 52 45 2E 70 6E 67 22 20    3415SQUARE.png" 
00000700: 67 72 6F 75 70 2D 74 69 74 6C 65 3D 22 53 70 6F    group-title="Spo
00000710: 72 74 73 20 26 20 4F 75 74 64 6F 6F 72 73 22 2C    rts & Outdoors",
00000720: 42 69 6C 6C 69 61 72 64 20 54 56 0A 68 74 74 70    Billiard TV.http
00000730: 73 3A 2F 2F 6A 6D 70 32 2E 75 6B 2F 73 74 76 70    s://jmp2.uk/stvp
00000740: 2D 55 53 42 44 31 32 30 30 30 31 38 33 58 0A 23    -USBD12000183X.#
00000750: 45 58 54 49 4E 46 3A 2D 31 20 63 68 61 6E 6E 65    EXTINF:-1 channe
00000760: 6C 2D 69 64 3D 22 55 53 32 36 30 30 30 32 30 31    l-id="US26000201
00000770: 4E 22 20 74 76 67 2D 69 64 3D 22 55 53 32 36 30    N" tvg-id="US260
00000780: 30 30 32 30 31 4E 22 20 74 76 67 2D 63 68 6E 6F    00201N" tvg-chno
00000790: 3D 22 32 39 30 33 22 20 74 76 67 2D 6E 61 6D 65    ="2903" tvg-name
000007a0: 3D 22 42 69 6F 67 72 61 70 68 79 3A 20 54 68 65    ="Biography: The
000007b0: 20 49 63 6F 6E 73 22 20 74 76 67 2D 6C 6F 67 6F     Icons" tvg-logo
000007c0: 3D 22 68 74 74 70 73 3A 2F 2F 74 76 70 6E 6C 6F    ="https://tvpnlo
000007d0: 67 6F 70 75 73 2E 73 61 6D 73 75 6E 67 63 6C 6F    gopus.samsungclo
000007e0: 75 64 2E 74 76 2F 70 6C 61 74 66 6F 72 6D 2F 69    ud.tv/platform/i
000007f0: 6D 61 67 65 2F 73 6F 75 72 63 65 6C 6F 67 6F 2F    mage/sourcelogo/
00000800: 76 63 2F 30 30 2F 30 32 2F 33 34 2F 55 53 32 36    vc/00/02/34/US26
00000810: 30 30 30 32 30 31 4E 5F 32 30 32 35 30 34 32 38    000201N_20250428
00000820: 54 32 32 33 34 33 38 53 51 55 41 52 45 2E 70 6E    T223438SQUARE.pn
00000830: 67 22 20 67 72 6F 75 70 2D 74 69 74 6C 65 3D 22    g" group-title="
00000840: 4C 69 66 65 73 74 79 6C 65 20 26 20 50 6F 70 20    Lifestyle & Pop 
00000850: 43 75 6C 74 75 72 65 22 2C 42 69 6F 67 72 61 70    Culture",Biograp
00000860: 68 79 3A 20 54 68 65 20 49 63 6F 6E 73 0A 68 74    hy: The Icons.ht
00000870: 74 70 73 3A 2F 2F 6A 6D 70 32 2E 75 6B 2F 73 74    tps://jmp2.uk/st
00000880: 76 70 2D 55 53 32 36 30 30 30 32 30 31 4E 0A 23    vp-US26000201N.#
00000890: 45 58 54 49 4E 46 3A 2D 31 20 63 68 61 6E 6E 65    EXTINF:-1 channe
000008a0: 6C 2D 69 64 3D 22 55 53 31 37 30 30 30 32 37 4A    l-id="US1700027J
000008b0: 49 22 20 74 76 67 2D 69 64 3D 22 55 53 31 37 30    I" tvg-id="US170
000008c0: 30 30 32 37 4A 49 22 20 74 76 67 2D 63 68 6E 6F    0027JI" tvg-chno
000008d0: 3D 22 33 32 30 38 22 20 74 76 67 2D 6E 61 6D 65    ="3208" tvg-name
000008e0: 3D 22 42 69 7A 61 61 72 54 56 22 20 74 76 67 2D    ="BizaarTV" tvg-
000008f0: 6C 6F 67 6F 3D 22 68 74 74 70 73 3A 2F 2F 74 76    logo="https://tv
00000900: 70 6E 6C 6F 67 6F 70 75 73 2E 73 61 6D 73 75 6E    pnlogopus.samsun
00000910: 67 63 6C 6F 75 64 2E 74 76 2F 70 6C 61 74 66 6F    gcloud.tv/platfo
00000920: 72 6D 2F 69 6D 61 67 65 2F 73 6F 75 72 63 65 6C    rm/image/sourcel
00000930: 6F 67 6F 2F 76 63 2F 30 30 2F 30 32 2F 33 34 2F    ogo/vc/00/02/34/
00000940: 55 53 31 37 30 30 30 32 37 4A 49 5F 32 30 32 35    US1700027JI_2025
00000950: 31 30 31 33 54 32 33 35 36 35 37 53 51 55 41 52    1013T235657SQUAR
00000960: 45 2E 70 6E 67 22 20 67 72 6F 75 70 2D 74 69 74    E.png" group-tit
00000970: 6C 65 3D 22 41 6E 69 6D 65 20 26 20 47 61 6D 69    le="Anime & Gami
00000980: 6E 67 22 2C 42 69 7A 61 61 72 54 56 0A 68 74 74    ng",BizaarTV.htt
00000990: 70 73 3A 2F 2F 6A 6D 70 32 2E 75 6B 2F 73 74 76    ps://jmp2.uk/stv
000009a0: 70 2D 55 53 31 37 30 30 30 32 37 4A 49 0A 23 45    p-US1700027JI.#E
000009b0: 58 54 49 4E 46 3A 2D 31 20 63 68 61 6E 6E 65 6C    XTINF:-1 channel
000009c0: 2D 69 64 3D 22 55 53 39 30 30 30 30 33 32 4A 22    -id="US9000032J"
000009d0: 20 74 76 67 2D 69 64 3D 22 55 53 39 30 30 30 30     tvg-id="US90000
000009e0: 33 32 4A 22 20 74 76 67 2D 63 68 6E 6F 3D 22 33    32J" tvg-chno="3
000009f0: 36 33 30 22 20 74 76 67 2D 6E 61 6D 65 3D 22 42    630" tvg-name="B
00000a00: 6C 69 70 70 69 22 20 74 76 67 2D 6C 6F 67 6F 3D    lippi" tvg-logo=
00000a10: 22 68 74 74 70 73 3A 2F 2F 74 76 70 6E 6C 6F 67    "https://tvpnlog
00000a20: 6F 70 75 73 2E 73 61 6D 73 75 6E 67 63 6C 6F 75    opus.samsungclou
00000a30: 64 2E 74 76 2F 70 6C 61 74 66 6F 72 6D 2F 69 6D    d.tv/platform/im
00000a40: 61 67 65 2F 73 6F 75 72 63 65 6C 6F 67 6F 2F 76    age/sourcelogo/v
00000a50: 63 2F 30 30 2F 30 32 2F 33 34 2F 55 53 39 30 30    c/00/02/34/US900
00000a60: 30 30 33 32 4A 5F 32 30 32 34 31 30 30 31 54 31    0032J_20241001T1
00000a70: 34 31 36 30 39 53 51 55 41 52 45 2E 70 6E 67 22    41609SQUARE.png"
00000a80: 20 67 72 6F 75 70 2D 74 69 74 6C 65 3D 22 4B 69     group-title="Ki
00000a90: 64 73 22 2C 42 6C 69 70 70 69 0A 68 74 74 70 73    ds",Blippi.https
00000aa0: 3A 2F 2F 6A 6D 70 32 2E 75 6B 2F 73 74 76 70 2D    ://jmp2.uk/stvp-
00000ab0: 55 53 39 30 30 30 30 33 32 4A 0A 23 45 58 54 49    US9000032J.#EXTI
00000ac0: 4E 46 3A 2D 31 20 63 68 61 6E 6E 65 6C 2D 69 64    NF:-1 channel-id
00000ad0: 3D 22 55 53 41 4A 33 30 30 30 30 30 34 31 57 22    ="USAJ30000041W"
00000ae0: 20 74 76 67 2D 69 64 3D 22 55 53 41 4A 33 30 30     tvg-id="USAJ300
00000af0: 30 30 30 34 31 57 22 20 74 76 67 2D 63 68 6E 6F    00041W" tvg-chno
00000b00: 3D 22 31 31 36 30 22 20 74 76 67 2D 6E 61 6D 65    ="1160" tvg-name
00000b10: 3D 22 42 6C 6F 6F 6D 62 65 72 67 20 4F 72 69 67    ="Bloomberg Orig
00000b20: 69 6E 61 6C 73 22 20 74 76 67 2D 6C 6F 67 6F 3D    inals" tvg-logo=
00000b30: 22 68 74 74 70 73 3A 2F 2F 74 76 70 6E 6C 6F 67    "https://tvpnlog
00000b40: 6F 70 75 73 2E 73 61 6D 73 75 6E 67 63 6C 6F 75    opus.samsungclou
00000b50: 64 2E 74 76 2F 70 6C 61 74 66 6F 72 6D 2F 69 6D    d.tv/platform/im
00000b60: 61 67 65 2F 73 6F 75 72 63 65 6C 6F 67 6F 2F 76    age/sourcelogo/v
00000b70: 63 2F 30 30 2F 30 32 2F 33 34 2F 55 53 41 4A 33    c/00/02/34/USAJ3
00000b80: 30 30 30 30 30 34 31 57 5F 32 30 32 34 30 39 32    0000041W_2024092
00000b90: 34 54 32 32 35 30 30 38 53 51 55 41 52 45 2E 70    4T225008SQUARE.p
00000ba0: 6E 67 22 20 67 72 6F 75 70 2D 74 69 74 6C 65 3D    ng" group-title=
00000bb0: 22 4E 65 77 73 20 26 20 4F 70 69 6E 69 6F 6E 22    "News & Opinion"
00000bc0: 2C 42 6C 6F 6F 6D 62 65 72 67 20 4F 72 69 67 69    ,Bloomberg Origi
00000bd0: 6E 61 6C 73 0A 68 74 74 70 73 3A 2F 2F 6A 6D 70    nals.https://jmp
00000be0: 32 2E 75 6B 2F 73 74 76 70 2D 55 53 41 4A 33 30    2.uk/stvp-USAJ30
00000bf0: 30 30 30 30 34 31 57 0A 23 45 58 54 49 4E 46 3A    000041W.#EXTINF:
00000c00: 2D 31 20 63 68 61 6E 6E 65 6C 2D 69 64 3D 22 55    -1 channel-id="U
00000c10: 53 41 4A 33 34 30 30 30 31 31 41 38 22 20 74 76    SAJ3400011A8" tv
00000c20: 67 2D 69 64 3D 22 55 53 41 4A 33 34 30 30 30 31    g-id="USAJ340001
00000c30: 31 41 38 22 20 74 76 67 2D 63 68 6E 6F 3D 22 31    1A8" tvg-chno="1
00000c40: 31 35 35 22 20 74 76 67 2D 6E 61 6D 65 3D 22 42    155" tvg-name="B
00000c50: 6C 6F 6F 6D 62 65 72 67 20 54 56 2B 22 20 74 76    loomberg TV+" tv
00000c60: 67 2D 6C 6F 67 6F 3D 22 68 74 74 70 73 3A 2F 2F    g-logo="https://
00000c70: 74 76 70 6E 6C 6F 67 6F 70 75 73 2E 73 61 6D 73    tvpnlogopus.sams
00000c80: 75 6E 67 63 6C 6F 75 64 2E 74 76 2F 70 6C 61 74    ungcloud.tv/plat
00000c90: 66 6F 72 6D 2F 69 6D 61 67 65 2F 73 6F 75 72 63    form/image/sourc
00000ca0: 65 6C 6F 67 6F 2F 76 63 2F 30 30 2F 30 32 2F 33    elogo/vc/00/02/3
00000cb0: 34 2F 55 53 41 4A 33 34 30 30 30 31 31 41 38 5F    4/USAJ3400011A8_
00000cc0: 32 30 32 34 31 32 30 33 54 32 33 31 35 30 34 53    20241203T231504S
00000cd0: 51 55 41 52 45 2E 70 6E 67 22 20 67 72 6F 75 70    QUARE.png" group
00000ce0: 2D 74 69 74 6C 65 3D 22 4E 65 77 73 20 26 20 4F    -title="News & O
00000cf0: 70 69 6E 69 6F 6E 22 2C 42 6C 6F 6F 6D 62 65 72    pinion",Bloomber
00000d00: 67 20 54 56 2B 0A 68 74 74 70 73 3A 2F 2F 6A 6D    g TV+.https://jm
00000d10: 70 32 2E 75 6B 2F 73 74 76 70 2D 55 53 41 4A 33    p2.uk/stvp-USAJ3
00000d20: 34 30 30 30 31 31 41 38 0A 23 45 58 54 49 4E 46    400011A8.#EXTINF
00000d30: 3A 2D 31 20 63 68 61 6E 6E 65 6C 2D 69 64 3D 22    :-1 channel-id="
00000d40: 55 53 42 43 34 34 30 30 30 31 33 52 37 22 20 74    USBC4400013R7" t
00000d50: 76 67 2D 69 64 3D 22 55 53 42 43 34 34 30 30 30    vg-id="USBC44000
00000d60: 31 33 52 37 22 20 74 76 67 2D 63 68 6E 6F 3D 22    13R7" tvg-chno="
00000d70: 33 36 34 38 22 20 74 76 67 2D 6E 61 6D 65 3D 22    3648" tvg-name="
00000d80: 42 6F 62 20 74 68 65 20 42 75 69 6C 64 65 72 22    Bob the Builder"
00000d90: 20 74 76 67 2D 6C 6F 67 6F 3D 22 68 74 74 70 73     tvg-logo="https
00000da0: 3A 2F 2F 74 76 70 6E 6C 6F 67 6F 70 75 73 2E 73    ://tvpnlogopus.s
00000db0: 61 6D 73 75 6E 67 63 6C 6F 75 64 2E 74 76 2F 70    amsungcloud.tv/p
00000dc0: 6C 61 74 66 6F 72 6D 2F 69 6D 61 67 65 2F 73 6F    latform/image/so
00000dd0: 75 72 63 65 6C 6F 67 6F 2F 76 63 2F 30 30 2F 30    urcelogo/vc/00/0
00000de0: 32 2F 33 34 2F 55 53 42 43 34 34 30 30 30 31 33    2/34/USBC4400013
00000df0: 52 37 5F 32 30 32 35 30 31 32 31 54 31 30 31 31    R7_20250121T1011
00000e00: 30 35 53 51 55 41 52 45 2E 70 6E 67 22 20 67 72    05SQUARE.png" gr
00000e10: 6F 75 70 2D 74 69 74 6C 65 3D 22 4B 69 64 73 22    oup-title="Kids"
00000e20: 2C 42 6F 62 20 74 68 65 20 42 75 69 6C 64 65 72    ,Bob the Builder
00000e30: 0A 68 74 74 70 73 3A 2F 2F 6A 6D 70 32 2E 75 6B    .https://jmp2.uk
00000e40: 2F 73 74 76 70 2D 55 53 42 43 34 34 30 30 30 31    /stvp-USBC440001
00000e50: 33 52 37 0A 23 45 58 54 49 4E 46 3A 2D 31 20 63    3R7.#EXTINF:-1 c
00000e60: 68 61 6E 6E 65 6C 2D 69 64 3D 22 55 53 42 43 34    hannel-id="USBC4
00000e70: 34 30 30 30 32 32 36 52 22 20 74 76 67 2D 69 64    4000226R" tvg-id
00000e80: 3D 22 55 53 42 43 34 34 30 30 30 32 32 36 52 22    ="USBC44000226R"
00000e90: 20 74 76 67 2D 63 68 6E 6F 3D 22 32 31 31 32 22     tvg-chno="2112"
00000ea0: 20 74 76 67 2D 6E 61 6D 65 3D 22 42 6F 6E 20 41     tvg-name="Bon A
00000eb0: 70 70 E9 74 69 74 22 20 74 76 67 2D 6C 6F 67 6F    pp.tit" tvg-logo
00000ec0: 3D 22 68 74 74 70 73 3A 2F 2F 74 76 70 6E 6C 6F    ="https://tvpnlo
00000ed0: 67 6F 70 75 73 2E 73 61 6D 73 75 6E 67 63 6C 6F    gopus.samsungclo
00000ee0: 75 64 2E 74 76 2F 70 6C 61 74 66 6F 72 6D 2F 69    ud.tv/platform/i
00000ef0: 6D 61 67 65 2F 73 6F 75 72 63 65 6C 6F 67 6F 2F    mage/sourcelogo/
00000f00: 76 63 2F 30 30 2F 30 32 2F 33 34 2F 55 53 42 43    vc/00/02/34/USBC
00000f10: 34 34 30 30 30 32 32 36 52 5F 32 30 32 34 30 36    44000226R_202406
00000f20: 32 35 54 30 31 31 33 31 33 53 51 55 41 52 45 2E    25T011313SQUARE.
00000f30: 70 6E 67 22 20 67 72 6F 75 70 2D 74 69 74 6C 65    png" group-title
00000f40: 3D 22 48 6F 6D 65 20 26 20 46 6F 6F 64 22 2C 42    ="Home & Food",B
00000f50: 6F 6E 20 41 70 70 E9 74 69 74 0A 68 74 74 70 73    on App.tit.https
00000f60: 3A 2F 2F 6A 6D 70 32 2E 75 6B 2F 73 74 76 70 2D    ://jmp2.uk/stvp-
00000f70: 55 53 42 43 34 34 30 30 30 32 32 36 52 0A 23 45    USBC44000226R.#E
00000f80: 58 54 49 4E 46 3A 2D 31 20 63 68 61 6E 6E 65 6C    XTINF:-1 channel
00000f90: 2D 69 64 3D 22 55 53 32 39 30 30 30 31 30 55 54    -id="US2900010UT
00000fa0: 22 20 74 76 67 2D 69 64 3D 22 55 53 32 39 30 30    " tvg-id="US2900
00000fb0: 30 31 30 55 54 22 20 74 76 67 2D 63 68 6E 6F 3D    010UT" tvg-chno=
00000fc0: 22 31 39 30 37 22 20 74 76 67 2D 6E 61 6D 65 3D    "1907" tvg-name=
00000fd0: 22 42 6F 6E 64 69 20 52 65 73 63 75 65 22 20 74    "Bondi Rescue" t
00000fe0: 76 67 2D 6C 6F 67 6F 3D 22 68 74 74 70 73 3A 2F    vg-logo="https:/
00000ff0: 2F 74 76 70 6E 6C 6F 67 6F 70 75 73 2E 73 61 6D    /tvpnlogopus.sam
00001000: 73 75 6E 67 63 6C 6F 75 64 2E 74 76 2F 70 6C 61    sungcloud.tv/pla
00001010: 74 66 6F 72 6D 2F 69 6D 61 67 65 2F 73 6F 75 72    tform/image/sour
00001020: 63 65 6C 6F 67 6F 2F 76 63 2F 30 30 2F 30 32 2F    celogo/vc/00/02/
00001030: 33 34 2F 55 53 32 39 30 30 30 31 30 55 54 5F 32    34/US2900010UT_2
00001040: 30 32 35 30 36 33 30 54 32 33 32 35 31 33 53 51    0250630T232513SQ
00001050: 55 41 52 45 2E 70 6E 67 22 20 67 72 6F 75 70 2D    UARE.png" group-
00001060: 74 69 74 6C 65 3D 22 52 65 61 6C 69 74 79 20 54    title="Reality T
00001070: 56 22 2C 42 6F 6E 64 69 20 52 65 73 63 75 65 0A    V",Bondi Rescue.
00001080: 68 74 74 70 73 3A 2F 2F 6A 6D 70 32 2E 75 6B 2F    https://jmp2.uk/
00001090: 73 74 76 70 2D 55 53 32 39 30 30 30 31 30 55 54    stvp-US2900010UT
000010a0: 0A 23 45 58 54 49 4E 46 3A 2D 31 20 63 68 61 6E    .#EXTINF:-1 chan
000010b0: 6E 65 6C 2D 69 64 3D 22 55 53 42 44 33 30 30 30    nel-id="USBD3000
000010c0: 30 38 47 31 22 20 74 76 67 2D 69 64 3D 22 55 53    08G1" tvg-id="US
000010d0: 42 44 33 30 30 30 30 38 47 31 22 20 74 76 67 2D    BD300008G1" tvg-
000010e0: 63 68 6E 6F 3D 22 31 35 34 30 22 20 74 76 67 2D    chno="1540" tvg-
000010f0: 6E 61 6D 65 3D 22 42 6F 75 6E 63 65 20 58 4C 22    name="Bounce XL"
00001100: 20 74 76 67 2D 6C 6F 67 6F 3D 22 68 74 74 70 73     tvg-logo="https
00001110: 3A 2F 2F 74 76 70 6E 6C 6F 67 6F 70 75 73 2E 73    ://tvpnlogopus.s
00001120: 61 6D 73 75 6E 67 63 6C 6F 75 64 2E 74 76 2F 70    amsungcloud.tv/p
00001130: 6C 61 74 66 6F 72 6D 2F 69 6D 61 67 65 2F 73 6F    latform/image/so
00001140: 75 72 63 65 6C 6F 67 6F 2F 76 63 2F 30 30 2F 30    urcelogo/vc/00/0
00001150: 32 2F 33 34 2F 55 53 42 44 33 30 30 30 30 38 47    2/34/USBD300008G
00001160: 31 5F 32 30 32 35 31 31 31 38 54 30 33 30 36 30    1_20251118T03060
00001170: 31 53 51 55 41 52 45 2E 70 6E 67 22 20 67 72 6F    1SQUARE.png" gro
00001180: 75 70 2D 74 69 74 6C 65 3D 22 41 63 74 69 6F 6E    up-title="Action
00001190: 20 26 20 44 72 61 6D 61 22 2C 42 6F 75 6E 63 65     & Drama",Bounce
000011a0: 20 58 4C 0A 68 74 74 70 73 3A 2F 2F 6A 6D 70 32     XL.https://jmp2
000011b0: 2E 75 6B 2F 73 74 76 70 2D 55 53 42 44 33 30 30    .uk/stvp-USBD300
000011c0: 30 30 38 47 31 0A 23 45 58 54 49 4E 46 3A 2D 31    008G1.#EXTINF:-1
000011d0: 20 63 68 61 6E 6E 65 6C 2D 69 64 3D 22 55 53 42     channel-id="USB
000011e0: 43 32 34 30 30 30 31 38 32 33 22 20 74 76 67 2D    C240001823" tvg-
000011f0: 69 64 3D 22 55 53 42 43 32 34 30 30 30 31 38 32    id="USBC24000182
00001200: 33 22 20 74 76 67 2D 63 68 6E 6F 3D 22 31 36 33    3" tvg-chno="163
00001210: 30 22 20 74 76 67 2D 6E 61 6D 65 3D 22 42 72 61    0" tvg-name="Bra
00001220: 74 20 54 56 22 20 74 76 67 2D 6C 6F 67 6F 3D 22    t TV" tvg-logo="
00001230: 68 74 74 70 73 3A 2F 2F 74 76 70 6E 6C 6F 67 6F    https://tvpnlogo
00001240: 70 75 73 2E 73 61 6D 73 75 6E 67 63 6C 6F 75 64    pus.samsungcloud
00001250: 2E 74 76 2F 70 6C 61 74 66 6F 72 6D 2F 69 6D 61    .tv/platform/ima
00001260: 67 65 2F 73 6F 75 72 63 65 6C 6F 67 6F 2F 76 63    ge/sourcelogo/vc
00001270: 2F 30 30 2F 30 32 2F 33 34 2F 55 53 42 43 32 34    /00/02/34/USBC24
00001280: 30 30 30 31 38 32 33 5F 32 30 32 34 31 30 31 34    0001823_20241014
00001290: 54 32 33 32 32 32 32 53 51 55 41 52 45 2E 70 6E    T232222SQUARE.pn
000012a0: 67 22 20 67 72 6F 75 70 2D 74 69 74 6C 65 3D 22    g" group-title="
000012b0: 41 63 74 69 6F 6E 20 26 20 44 72 61 6D 61 22 2C    Action & Drama",
000012c0: 42 72 61 74 20 54 56 0A 68 74 74 70 73 3A 2F 2F    Brat TV.https://
000012d0: 6A 6D 70 32 2E 75 6B 2F 73 74 76 70 2D 55 53 42    jmp2.uk/stvp-USB
000012e0: 43 32 34 30 30 30 31 38 32 33 0A 23 45 58 54 49    C240001823.#EXTI
000012f0: 4E 46 3A 2D 31 20 63 68 61 6E 6E 65 6C 2D 69 64    NF:-1 channel-id
00001300: 3D 22 55 53 32 31 30 30 30 31 30 41 42 22 20 74    ="US2100010AB" t
00001310: 76 67 2D 69 64 3D 22 55 53 32 31 30 30 30 31 30    vg-id="US2100010
00001320: 41 42 22 20 74 76 67 2D 63 68 6E 6F 3D 22 33 35    AB" tvg-chno="35
00001330: 30 37 22 20 74 76 67 2D 6E 61 6D 65 3D 22 42 72    07" tvg-name="Br
00001340: 61 76 65 20 57 69 6C 64 65 72 6E 65 73 73 22 20    ave Wilderness" 
00001350: 74 76 67 2D 6C 6F 67 6F 3D 22 68 74 74 70 73 3A    tvg-logo="https:
00001360: 2F 2F 74 76 70 6E 6C 6F 67 6F 70 75 73 2E 73 61    //tvpnlogopus.sa
00001370: 6D 73 75 6E 67 63 6C 6F 75 64 2E 74 76 2F 70 6C    msungcloud.tv/pl
00001380: 61 74 66 6F 72 6D 2F 69 6D 61 67 65 2F 73 6F 75    atform/image/sou
00001390: 72 63 65 6C 6F 67 6F 2F 76 63 2F 30 30 2F 30 32    rcelogo/vc/00/02
000013a0: 2F 33 34 2F 55 53 32 31 30 30 30 31 30 41 42 5F    /34/US2100010AB_
000013b0: 32 30 32 35 31 31 31 30 54 32 33 35 30 34 39 53    20251110T235049S
000013c0: 51 55 41 52 45 2E 70 6E 67 22 20 67 72 6F 75 70    QUARE.png" group
000013d0: 2D 74 69 74 6C 65 3D 22 4E 61 74 75 72 65 2C 20    -title="Nature, 
000013e0: 48 69 73 74 6F 72 79 20 26 20 53 63 69 65 6E 63    History & Scienc
000013f0: 65 22 2C 42 72 61 76 65 20 57 69 6C 64 65 72 6E    e",Brave Wildern
00001400: 65 73 73 0A 68 74 74 70 73 3A 2F 2F 6A 6D 70 32    ess.https://jmp2
00001410: 2E 75 6B 2F 73 74 76 70 2D 55 53 32 31 30 30 30    .uk/stvp-US21000
00001420: 31 30 41 42 0A 23 45 58 54 49 4E 46 3A 2D 31 20    10AB.#EXTINF:-1 
00001430: 63 68 61 6E 6E 65 6C 2D 69 64 3D 22 55 53 31 38    channel-id="US18
00001440: 30 30 30 30 33 42 47 22 20 74 76 67 2D 69 64 3D    00003BG" tvg-id=
00001450: 22 55 53 31 38 30 30 30 30 33 42 47 22 20 74 76    "US1800003BG" tv
00001460: 67 2D 63 68 6E 6F 3D 22 31 39 32 31 22 20 74 76    g-chno="1921" tv
00001470: 67 2D 6E 61 6D 65 3D 22 42 72 61 76 6F 20 56 61    g-name="Bravo Va
00001480: 75 6C 74 22 20 74 76 67 2D 6C 6F 67 6F 3D 22 68    ult" tvg-logo="h
00001490: 74 74 70 73 3A 2F 2F 74 76 70 6E 6C 6F 67 6F 70    ttps://tvpnlogop
000014a0: 75 73 2E 73 61 6D 73 75 6E 67 63 6C 6F 75 64 2E    us.samsungcloud.
000014b0: 74 76 2F 70 6C 61 74 66 6F 72 6D 2F 69 6D 61 67    tv/platform/imag
000014c0: 65 2F 73 6F 75 72 63 65 6C 6F 67 6F 2F 76 63 2F    e/sourcelogo/vc/
000014d0: 30 30 2F 30 32 2F 33 34 2F 55 53 31 38 30 30 30    00/02/34/US18000
000014e0: 30 33 42 47 5F 32 30 32 34 30 39 30 33 54 31 38    03BG_20240903T18
000014f0: 31 33 34 35 53 51 55 41 52 45 2E 70 6E 67 22 20    1345SQUARE.png" 
00001500: 67 72 6F 75 70 2D 74 69 74 6C 65 3D 22 52 65 61    group-title="Rea
00001510: 6C 69 74 79 20 54 56 22 2C 42 72 61 76 6F 20 56    lity TV",Bravo V
00001520: 61 75 6C 74 0A 68 74 74 70 73 3A 2F 2F 6A 6D 70    ault.https://jmp
00001530: 32 2E 75 6B 2F 73 74 76 70 2D 55 53 31 38 30 30    2.uk/stvp-US1800
00001540: 30 30 33 42 47 0A 23 45 58 54 49 4E 46 3A 2D 31    003BG.#EXTINF:-1
00001550: 20 63 68 61 6E 6E 65 6C 2D 69 64 3D 22 55 53 42     channel-id="USB
00001560: 44 31 37 30 30 30 30 34 30 4A 22 20 74 76 67 2D    D17000040J" tvg-
00001570: 69 64 3D 22 55 53 42 44 31 37 30 30 30 30 34 30    id="USBD17000040
00001580: 4A 22 20 74 76 67 2D 63 68 6E 6F 3D 22 31 39 35    J" tvg-chno="195
00001590: 32 22 20 74 76 67 2D 6E 61 6D 65 3D 22 42 72 69    2" tvg-name="Bri
000015a0: 6E 67 20 49 74 21 22 20 74 76 67 2D 6C 6F 67 6F    ng It!" tvg-logo
000015b0: 3D 22 68 74 74 70 73 3A 2F 2F 74 76 70 6E 6C 6F    ="https://tvpnlo
000015c0: 67 6F 70 75 73 2E 73 61 6D 73 75 6E 67 63 6C 6F    gopus.samsungclo
000015d0: 75 64 2E 74 76 2F 70 6C 61 74 66 6F 72 6D 2F 69    ud.tv/platform/i
000015e0: 6D 61 67 65 2F 73 6F 75 72 63 65 6C 6F 67 6F 2F    mage/sourcelogo/
000015f0: 76 63 2F 30 30 2F 30 32 2F 33 34 2F 55 53 42 44    vc/00/02/34/USBD
00001600: 31 37 30 30 30 30 34 30 4A 5F 32 30 32 35 30 35    17000040J_202505
00001610: 32 30 54 32 31 31 33 34 32 53 51 55 41 52 45 2E    20T211342SQUARE.
00001620: 70 6E 67 22 20 67 72 6F 75 70 2D 74 69 74 6C 65    png" group-title
00001630: 3D 22 52 65 61 6C 69 74 79 20 54 56 22 2C 42 72    ="Reality TV",Br
00001640: 69 6E 67 20 49 74 21 0A 68 74 74 70 73 3A 2F 2F    ing It!.https://
00001650: 6A 6D 70 32 2E 75 6B 2F 73 74 76 70 2D 55 53 42    jmp2.uk/stvp-USB
00001660: 44 31 37 30 30 30 30 34 30 4A 0A 23 45 58 54 49    D17000040J.#EXTI
00001670: 4E 46 3A 2D 31 20 63 68 61 6E 6E 65 6C 2D 69 64    NF:-1 channel-id
00001680: 3D 22 55 53 33 37 30 30 30 30 37 45 34 22 20 74    ="US3700007E4" t
00001690: 76 67 2D 69 64 3D 22 55 53 33 37 30 30 30 30 37    vg-id="US3700007
000016a0: 45 34 22 20 74 76 67 2D 63 68 6E 6F 3D 22 31 38    E4" tvg-chno="18
000016b0: 31 32 22 20 74 76 67 2D 6E 61 6D 65 3D 22 42 72    12" tvg-name="Br
000016c0: 69 74 42 6F 78 20 4D 79 73 74 65 72 69 65 73 22    itBox Mysteries"
000016d0: 20 74 76 67 2D 6C 6F 67 6F 3D 22 68 74 74 70 73     tvg-logo="https
000016e0: 3A 2F 2F 74 76 70 6E 6C 6F 67 6F 70 75 73 2E 73    ://tvpnlogopus.s
000016f0: 61 6D 73 75 6E 67 63 6C 6F 75 64 2E 74 76 2F 70    amsungcloud.tv/p
00001700: 6C 61 74 66 6F 72 6D 2F 69 6D 61 67 65 2F 73 6F    latform/image/so
00001710: 75 72 63 65 6C 6F 67 6F 2F 76 63 2F 30 30 2F 30    urcelogo/vc/00/0
00001720: 32 2F 33 34 2F 55 53 33 37 30 30 30 30 37 45 34    2/34/US3700007E4
00001730: 5F 32 30 32 34 31 31 31 39 54 30 32 30 34 30 38    _20241119T020408
00001740: 53 51 55 41 52 45 2E 70 6E 67 22 20 67 72 6F 75    SQUARE.png" grou
00001750: 70 2D 74 69 74 6C 65 3D 22 43 72 69 6D 65 22 2C    p-title="Crime",
00001760: 42 72 69 74 42 6F 78 20 4D 79 73 74 65 72 69 65    BritBox Mysterie
00001770: 73 0A 68 74 74 70 73 3A 2F 2F 6A 6D 70 32 2E 75    s.https://jmp2.u
00001780: 6B 2F 73 74 76 70 2D 55 53 33 37 30 30 30 30 37    k/stvp-US3700007
00001790: 45 34 0A 23 45 58 54 49 4E 46 3A 2D 31 20 63 68    E4.#EXTINF:-1 ch
000017a0: 61 6E 6E 65 6C 2D 69 64 3D 22 55 53 32 36 30 30    annel-id="US2600
000017b0: 30 32 31 48 55 22 20 74 76 67 2D 69 64 3D 22 55    021HU" tvg-id="U
000017c0: 53 32 36 30 30 30 32 31 48 55 22 20 74 76 67 2D    S2600021HU" tvg-
000017d0: 63 68 6E 6F 3D 22 32 31 31 31 22 20 74 76 67 2D    chno="2111" tvg-
000017e0: 6E 61 6D 65 3D 22 42 75 7A 7A 46 65 65 64 20 54    name="BuzzFeed T
000017f0: 61 73 74 79 22 20 74 76 67 2D 6C 6F 67 6F 3D 22    asty" tvg-logo="
00001800: 68 74 74 70 73 3A 2F 2F 74 76 70 6E 6C 6F 67 6F    https://tvpnlogo
00001810: 70 75 73 2E 73 61 6D 73 75 6E 67 63 6C 6F 75 64    pus.samsungcloud
00001820: 2E 74 76 2F 70 6C 61 74 66 6F 72 6D 2F 69 6D 61    .tv/platform/ima
00001830: 67 65 2F 73 6F 75 72 63 65 6C 6F 67 6F 2F 76 63    ge/sourcelogo/vc
00001840: 2F 30 30 2F 30 32 2F 33 34 2F 55 53 32 36 30 30    /00/02/34/US2600
00001850: 30 32 31 48 55 5F 32 30 32 35 31 30 32 38 54 30    021HU_20251028T0
00001860: 31 31 30 34 33 53 51 55 41 52 45 2E 70 6E 67 22    11043SQUARE.png"
00001870: 20 67 72 6F 75 70 2D 74 69 74 6C 65 3D 22 48 6F     group-title="Ho
00001880: 6D 65 20 26 20 46 6F 6F 64 22 2C 42 75 7A 7A 46    me & Food",BuzzF
00001890: 65 65 64 20 54 61 73 74 79 0A 68 74 74 70 73 3A    eed Tasty.https:
000018a0: 2F 2F 6A 6D 70 32 2E 75 6B 2F 73 74 76 70 2D 55    //jmp2.uk/stvp-U
000018b0: 53 32 36 30 30 30 32 31 48 55 0A 23 45 58 54 49    S2600021HU.#EXTI
000018c0: 4E 46 3A 2D 31 20 63 68 61 6E 6E 65 6C 2D 69 64    NF:-1 channel-id
000018d0: 3D 22 55 53 32 36 30 30 30 32 32 59 4A 22 20 74    ="US2600022YJ" t
000018e0: 76 67 2D 69 64 3D 22 55 53 32 36 30 30 30 32 32    vg-id="US2600022
000018f0: 59 4A 22 20 74 76 67 2D 63 68 6E 6F 3D 22 31 38    YJ" tvg-chno="18
00001900: 37 37 22 20 74 76 67 2D 6E 61 6D 65 3D 22 42 75    77" tvg-name="Bu
00001910: 7A 7A 46 65 65 64 20 55 6E 73 6F 6C 76 65 64 22    zzFeed Unsolved"
00001920: 20 74 76 67 2D 6C 6F 67 6F 3D 22 68 74 74 70 73     tvg-logo="https
00001930: 3A 2F 2F 74 76 70 6E 6C 6F 67 6F 70 75 73 2E 73    ://tvpnlogopus.s
00001940: 61 6D 73 75 6E 67 63 6C 6F 75 64 2E 74 76 2F 70    amsungcloud.tv/p
00001950: 6C 61 74 66 6F 72 6D 2F 69 6D 61 67 65 2F 73 6F    latform/image/so
00001960: 75 72 63 65 6C 6F 67 6F 2F 76 63 2F 30 30 2F 30    urcelogo/vc/00/0
00001970: 32 2F 33 34 2F 55 53 32 36 30 30 30 32 32 59 4A    2/34/US2600022YJ
00001980: 5F 32 30 32 35 31 31 31 30 54 32 33 35 30 35 31    _20251110T235051
00001990: 53 51 55 41 52 45 2E 70 6E 67 22 20 67 72 6F 75    SQUARE.png" grou
000019a0: 70 2D 74 69 74 6C 65 3D 22 43 72 69 6D 65 22 2C    p-title="Crime",
000019b0: 42 75 7A 7A 46 65 65 64 20 55 6E 73 6F 6C 76 65    BuzzFeed Unsolve
000019c0: 64 0A 68 74 74 70 73 3A 2F 2F 6A 6D 70 32 2E 75    d.https://jmp2.u
000019d0: 6B 2F 73 74 76 70 2D 55 53 32 36 30 30 30 32 32    k/stvp-US2600022
000019e0: 59 4A 0A 23 45 58 54 49 4E 46 3A 2D 31 20 63 68    YJ.#EXTINF:-1 ch
000019f0: 61 6E 6E 65 6C 2D 69 64 3D 22 55 53 42 44 37 30    annel-id="USBD70
00001a00: 30 30 32 31 57 47 22 20 74 76 67 2D 69 64 3D 22    0021WG" tvg-id="
00001a10: 55 53 42 44 37 30 30 30 32 31 57 47 22 20 74 76    USBD700021WG" tv
00001a20: 67 2D 63 68 6E 6F 3D 22 32 38 30 35 22 20 74 76    g-chno="2805" tv
00001a30: 67 2D 6E 61 6D 65 3D 22 42 55 5A 5A 52 22 20 74    g-name="BUZZR" t
00001a40: 76 67 2D 6C 6F 67 6F 3D 22 68 74 74 70 73 3A 2F    vg-logo="https:/
00001a50: 2F 74 76 70 6E 6C 6F 67 6F 70 75 73 2E 73 61 6D    /tvpnlogopus.sam
00001a60: 73 75 6E 67 63 6C 6F 75 64 2E 74 76 2F 70 6C 61    sungcloud.tv/pla
00001a70: 74 66 6F 72 6D 2F 69 6D 61 67 65 2F 73 6F 75 72    tform/image/sour
00001a80: 63 65 6C 6F 67 6F 2F 76 63 2F 30 30 2F 30 32 2F    celogo/vc/00/02/
00001a90: 33 34 2F 55 53 42 44 37 30 30 30 32 31 57 47 5F    34/USBD700021WG_
00001aa0: 32 30 32 34 31 31 30 35 54 30 32 34 31 35 34 53    20241105T024154S
00001ab0: 51 55 41 52 45 2E 70 6E 67 22 20 67 72 6F 75 70    QUARE.png" group
00001ac0: 2D 74 69 74 6C 65 3D 22 47 61 6D 65 20 53 68 6F    -title="Game Sho
00001ad0: 77 73 22 2C 42 55 5A 5A 52 0A 68 74 74 70 73 3A    ws",BUZZR.https:
00001ae0: 2F 2F 6A 6D 70 32 2E 75 6B 2F 73 74 76 70 2D 55    //jmp2.uk/stvp-U
00001af0: 53 42 44 37 30 30 30 32 31 57 47 0A 23 45 58 54    SBD700021WG.#EXT
00001b00: 49 4E 46 3A 2D 31 20 63 68 61 6E 6E 65 6C 2D 69    INF:-1 channel-i
00001b10: 64 3D 22 55 53 34 31 30 30 30 30 32 33 30 22 20    d="US410000230" 
00001b20: 74 76 67 2D 69 64 3D 22 55 53 34 31 30 30 30 30    tvg-id="US410000
00001b30: 32 33 30 22 20 74 76 67 2D 63 68 6E 6F 3D 22 31    230" tvg-chno="1
00001b40: 36 32 32 22 20 74 76 67 2D 6E 61 6D 65 3D 22 42    622" tvg-name="B
00001b50: 59 55 74 76 22 20 74 76 67 2D 6C 6F 67 6F 3D 22    YUtv" tvg-logo="
00001b60: 68 74 74 70 73 3A 2F 2F 74 76 70 6E 6C 6F 67 6F    https://tvpnlogo
00001b70: 70 75 73 2E 73 61 6D 73 75 6E 67 63 6C 6F 75 64    pus.samsungcloud
00001b80: 2E 74 76 2F 70 6C 61 74 66 6F 72 6D 2F 69 6D 61    .tv/platform/ima
00001b90: 67 65 2F 73 6F 75 72 63 65 6C 6F 67 6F 2F 76 63    ge/sourcelogo/vc
00001ba0: 2F 30 30 2F 30 32 2F 33 34 2F 55 53 34 31 30 30    /00/02/34/US4100
00001bb0: 30 30 32 33 30 5F 32 30 32 35 30 34 31 35 54 30    00230_20250415T0
00001bc0: 30 35 39 33 34 53 51 55 41 52 45 2E 70 6E 67 22    05934SQUARE.png"
00001bd0: 20 67 72 6F 75 70 2D 74 69 74 6C 65 3D 22 41 63     group-title="Ac
00001be0: 74 69 6F 6E 20 26 20 44 72 61 6D 61 22 2C 42 59    tion & Drama",BY
00001bf0: 55 74 76 0A 68 74 74 70 73 3A 2F 2F 6A 6D 70 32    Utv.https://jmp2
00001c00: 2E 75 6B 2F 73 74 76 70 2D 55 53 34 31 30 30 30    .uk/stvp-US41000
00001c10: 30 32 33 30 0A 23 45 58 54 49 4E 46 3A 2D 31 20    0230.#EXTINF:-1 
00001c20: 63 68 61 6E 6E 65 6C 2D 69 64 3D 22 55 53 42 44    channel-id="USBD
00001c30: 35 30 30 30 30 30 34 38 48 22 20 74 76 67 2D 69    50000048H" tvg-i
00001c40: 64 3D 22 55 53 42 44 35 30 30 30 30 30 34 38 48    d="USBD50000048H
00001c50: 22 20 74 76 67 2D 63 68 6E 6F 3D 22 33 36 33 33    " tvg-chno="3633
00001c60: 22 20 74 76 67 2D 6E 61 6D 65 3D 22 43 61 69 6C    " tvg-name="Cail
00001c70: 6C 6F 75 22 20 74 76 67 2D 6C 6F 67 6F 3D 22 68    lou" tvg-logo="h
00001c80: 74 74 70 73 3A 2F 2F 74 76 70 6E 6C 6F 67 6F 70    ttps://tvpnlogop
00001c90: 75 73 2E 73 61 6D 73 75 6E 67 63 6C 6F 75 64 2E    us.samsungcloud.
00001ca0: 74 76 2F 70 6C 61 74 66 6F 72 6D 2F 69 6D 61 67    tv/platform/imag
00001cb0: 65 2F 73 6F 75 72 63 65 6C 6F 67 6F 2F 76 63 2F    e/sourcelogo/vc/
00001cc0: 30 30 2F 30 32 2F 33 34 2F 55 53 42 44 35 30 30    00/02/34/USBD500
00001cd0: 30 30 30 34 38 48 5F 32 30 32 35 30 34 30 31 54    00048H_20250401T
00001ce0: 30 30 34 38 33 37 53 51 55 41 52 45 2E 70 6E 67    004837SQUARE.png
00001cf0: 22 20 67 72 6F 75 70 2D 74 69 74 6C 65 3D 22 4B    " group-title="K
00001d00: 69 64 73 22 2C 43 61 69 6C 6C 6F 75 0A 68 74 74    ids",Caillou.htt
00001d10: 70 73 3A 2F 2F 6A 6D 70 32 2E 75 6B 2F 73 74 76    ps://jmp2.uk/stv
00001d20: 70 2D 55 53 42 44 35 30 30 30 30 30 34 38 48 0A    p-USBD50000048H.
00001d30: 23 45 58 54 49 4E 46 3A 2D 31 20 63 68 61 6E 6E    #EXTINF:-1 chann
00001d40: 65 6C 2D 69 64 3D 22 55 53 31 35 30 30 30 30 32    el-id="US1500002
00001d50: 49 32 22 20 74 76 67 2D 69 64 3D 22 55 53 31 35    I2" tvg-id="US15
00001d60: 30 30 30 30 32 49 32 22 20 74 76 67 2D 63 68 6E    00002I2" tvg-chn
00001d70: 6F 3D 22 34 35 38 33 22 20 74 76 67 2D 6E 61 6D    o="4583" tvg-nam
00001d80: 65 3D 22 43 61 6D 70 66 69 72 65 20 56 69 62 65    e="Campfire Vibe
00001d90: 73 22 20 74 76 67 2D 6C 6F 67 6F 3D 22 68 74 74    s" tvg-logo="htt
00001da0: 70 73 3A 2F 2F 74 76 70 6E 6C 6F 67 6F 70 75 73    ps://tvpnlogopus
00001db0: 2E 73 61 6D 73 75 6E 67 63 6C 6F 75 64 2E 74 76    .samsungcloud.tv
00001dc0: 2F 70 6C 61 74 66 6F 72 6D 2F 69 6D 61 67 65 2F    /platform/image/
00001dd0: 73 6F 75 72 63 65 6C 6F 67 6F 2F 76 63 2F 30 30    sourcelogo/vc/00
00001de0: 2F 30 32 2F 33 34 2F 55 53 31 35 30 30 30 30 32    /02/34/US1500002
00001df0: 49 32 5F 32 30 32 34 31 32 31 30 54 30 31 33 38    I2_20241210T0138
00001e00: 34 36 53 51 55 41 52 45 2E 70 6E 67 22 20 67 72    46SQUARE.png" gr
00001e10: 6F 75 70 2D 74 69 74 6C 65 3D 22 41 6D 62 69 61    oup-title="Ambia
00001e20: 6E 63 65 22 2C 43 61 6D 70 66 69 72 65 20 56 69    nce",Campfire Vi
00001e30: 62 65 73 0A 68 74 74 70 73 3A 2F 2F 6A 6D 70 32    bes.https://jmp2
00001e40: 2E 75 6B 2F 73 74 76 70 2D 55 53 31 35 30 30 30    .uk/stvp-US15000
00001e50: 30 32 49 32 0A 23 45 58 54 49 4E 46 3A 2D 31 20    02I2.#EXTINF:-1 
00001e60: 63 68 61 6E 6E 65 6C 2D 69 64 3D 22 55 53 32 32    channel-id="US22
00001e70: 30 30 30 30 35 59 32 22 20 74 76 67 2D 69 64 3D    00005Y2" tvg-id=
00001e80: 22 55 53 32 32 30 30 30 30 35 59 32 22 20 74 76    "US2200005Y2" tv
00001e90: 67 2D 63 68 6E 6F 3D 22 33 39 32 30 22 20 74 76    g-chno="3920" tv
00001ea0: 67 2D 6E 61 6D 65 3D 22 43 61 6E 61 6C 20 56 69    g-name="Canal Vi
00001eb0: 58 22 20 74 76 67 2D 6C 6F 67 6F 3D 22 68 74 74    X" tvg-logo="htt
00001ec0: 70 73 3A 2F 2F 74 76 70 6E 6C 6F 67 6F 70 75 73    ps://tvpnlogopus
00001ed0: 2E 73 61 6D 73 75 6E 67 63 6C 6F 75 64 2E 74 76    .samsungcloud.tv
00001ee0: 2F 70 6C 61 74 66 6F 72 6D 2F 69 6D 61 67 65 2F    /platform/image/
00001ef0: 73 6F 75 72 63 65 6C 6F 67 6F 2F 76 63 2F 30 30    sourcelogo/vc/00
00001f00: 2F 30 32 2F 33 34 2F 55 53 32 32 30 30 30 30 35    /02/34/US2200005
00001f10: 59 32 5F 32 30 32 34 31 31 31 32 54 30 30 31 30    Y2_20241112T0010
00001f20: 30 36 53 51 55 41 52 45 2E 70 6E 67 22 20 67 72    06SQUARE.png" gr
00001f30: 6F 75 70 2D 74 69 74 6C 65 3D 22 4C 61 74 69 6E    oup-title="Latin
00001f40: 6F 22 2C 43 61 6E 61 6C 20 56 69 58 0A 68 74 74    o",Canal ViX.htt
00001f50: 70 73 3A 2F 2F 6A 6D 70 32 2E 75 6B 2F 73 74 76    ps://jmp2.uk/stv
00001f60: 70 2D 55 53 32 32 30 30 30 30 35 59 32 0A 23 45    p-US2200005Y2.#E
00001f70: 58 54 49 4E 46 3A 2D 31 20 63 68 61 6E 6E 65 6C    XTINF:-1 channel
00001f80: 2D 69 64 3D 22 55 53 42 43 33 39 30 30 30 30 38    -id="USBC3900008
00001f90: 30 53 22 20 74 76 67 2D 69 64 3D 22 55 53 42 43    0S" tvg-id="USBC
00001fa0: 33 39 30 30 30 30 38 30 53 22 20 74 76 67 2D 63    39000080S" tvg-c
00001fb0: 68 6E 6F 3D 22 33 39 30 30 22 20 74 76 67 2D 6E    hno="3900" tvg-n
00001fc0: 61 6D 65 3D 22 43 61 6E 65 6C 61 2E 54 56 22 20    ame="Canela.TV" 
00001fd0: 74 76 67 2D 6C 6F 67 6F 3D 22 68 74 74 70 73 3A    tvg-logo="https:
00001fe0: 2F 2F 74 76 70 6E 6C 6F 67 6F 70 75 73 2E 73 61    //tvpnlogopus.sa
00001ff0: 6D 73 75 6E 67 63 6C 6F 75 64 2E 74 76 2F 70 6C    msungcloud.tv/pl
00002000: 61 74 66 6F 72 6D 2F 69 6D 61 67 65 2F 73 6F 75    atform/image/sou
00002010: 72 63 65 6C 6F 67 6F 2F 76 63 2F 30 30 2F 30 32    rcelogo/vc/00/02
00002020: 2F 33 34 2F 55 53 42 43 33 39 30 30 30 30 38 30    /34/USBC39000080
00002030: 53 5F 32 30 32 34 31 32 32 38 54 30 31 31 34 33    S_20241228T01143
00002040: 34 53 51 55 41 52 45 2E 70 6E 67 22 20 67 72 6F    4SQUARE.png" gro
00002050: 75 70 2D 74 69 74 6C 65 3D 22 4C 61 74 69 6E 6F    up-title="Latino
00002060: 22 2C 43 61 6E 65 6C 61 2E 54 56 0A 68 74 74 70    ",Canela.TV.http
00002070: 73 3A 2F 2F 6A 6D 70 32 2E 75 6B 2F 73 74 76 70    s://jmp2.uk/stvp
00002080: 2D 55 53 42 43 33 39 30 30 30 30 38 30 53 0A 23    -USBC39000080S.#
00002090: 45 58 54 49 4E 46 3A 2D 31 20 63 68 61 6E 6E 65    EXTINF:-1 channe
000020a0: 6C 2D 69 64 3D 22 55 53 41 4A 33 35 30 34 35 34    l-id="USAJ350454
000020b0: 35 41 22 20 74 76 67 2D 69 64 3D 22 55 53 41 4A    5A" tvg-id="USAJ
000020c0: 33 35 30 34 35 34 35 41 22 20 74 76 67 2D 63 68    3504545A" tvg-ch
000020d0: 6E 6F 3D 22 32 35 35 30 22 20 74 76 67 2D 6E 61    no="2550" tvg-na
000020e0: 6D 65 3D 22 43 61 72 73 22 20 74 76 67 2D 6C 6F    me="Cars" tvg-lo
000020f0: 67 6F 3D 22 68 74 74 70 73 3A 2F 2F 74 76 70 6E    go="https://tvpn
00002100: 6C 6F 67 6F 70 75 73 2E 73 61 6D 73 75 6E 67 63    logopus.samsungc
00002110: 6C 6F 75 64 2E 74 76 2F 70 6C 61 74 66 6F 72 6D    loud.tv/platform
00002120: 2F 69 6D 61 67 65 2F 73 6F 75 72 63 65 6C 6F 67    /image/sourcelog
00002130: 6F 2F 76 63 2F 30 30 2F 30 32 2F 33 34 2F 55 53    o/vc/00/02/34/US
00002140: 41 4A 33 35 30 34 35 34 35 41 5F 32 30 32 34 31    AJ3504545A_20241
00002150: 31 31 32 54 30 30 30 36 31 30 53 51 55 41 52 45    112T000610SQUARE
00002160: 2E 70 6E 67 22 20 67 72 6F 75 70 2D 74 69 74 6C    .png" group-titl
00002170: 65 3D 22 4D 6F 74 6F 72 20 53 70 6F 72 74 73 22    e="Motor Sports"
00002180: 2C 43 61 72 73 0A 68 74 74 70 73 3A 2F 2F 6A 6D    ,Cars.https://jm
00002190: 70 32 2E 75 6B 2F 73 74 76 70 2D 55 53 41 4A 33    p2.uk/stvp-USAJ3
000021a0: 35 30 34 35 34 35 41 0A 23 45 58 54 49 4E 46 3A    504545A.#EXTINF:
000021b0: 2D 31 20 63 68 61 6E 6E 65 6C 2D 69 64 3D 22 55    -1 channel-id="U
000021c0: 53 31 38 30 30 30 30 34 53 35 22 20 74 76 67 2D    S1800004S5" tvg-
000021d0: 69 64 3D 22 55 53 31 38 30 30 30 30 34 53 35 22    id="US1800004S5"
000021e0: 20 74 76 67 2D 63 68 6E 6F 3D 22 33 38 36 30 22     tvg-chno="3860"
000021f0: 20 74 76 67 2D 6E 61 6D 65 3D 22 43 61 73 6F 20     tvg-name="Caso 
00002200: 43 65 72 72 61 64 6F 22 20 74 76 67 2D 6C 6F 67    Cerrado" tvg-log
00002210: 6F 3D 22 68 74 74 70 73 3A 2F 2F 74 76 70 6E 6C    o="https://tvpnl
00002220: 6F 67 6F 70 75 73 2E 73 61 6D 73 75 6E 67 63 6C    ogopus.samsungcl
00002230: 6F 75 64 2E 74 76 2F 70 6C 61 74 66 6F 72 6D 2F    oud.tv/platform/
00002240: 69 6D 61 67 65 2F 73 6F 75 72 63 65 6C 6F 67 6F    image/sourcelogo
00002250: 2F 76 63 2F 30 30 2F 30 32 2F 33 34 2F 55 53 31    /vc/00/02/34/US1
00002260: 38 30 30 30 30 34 53 35 5F 32 30 32 35 31 31 31    800004S5_2025111
00002270: 31 54 32 30 30 38 32 39 53 51 55 41 52 45 2E 70    1T200829SQUARE.p
00002280: 6E 67 22 20 67 72 6F 75 70 2D 74 69 74 6C 65 3D    ng" group-title=
00002290: 22 4C 61 74 69 6E 6F 22 2C 43 61 73 6F 20 43 65    "Latino",Caso Ce
000022a0: 72 72 61 64 6F 0A 68 74 74 70 73 3A 2F 2F 6A 6D    rrado.https://jm
000022b0: 70 32 2E 75 6B 2F 73 74 76 70 2D 55 53 31 38 30    p2.uk/stvp-US180
000022c0: 30 30 30 34 53 35 0A 23 45 58 54 49 4E 46 3A 2D    0004S5.#EXTINF:-
000022d0: 31 20 63 68 61 6E 6E 65 6C 2D 69 64 3D 22 55 53    1 channel-id="US
000022e0: 37 30 30 30 30 37 43 56 22 20 74 76 67 2D 69 64    700007CV" tvg-id
000022f0: 3D 22 55 53 37 30 30 30 30 37 43 56 22 20 74 76    ="US700007CV" tv
00002300: 67 2D 63 68 6E 6F 3D 22 31 39 38 38 22 20 74 76    g-chno="1988" tv
00002310: 67 2D 6E 61 6D 65 3D 22 43 61 75 67 68 74 20 6F    g-name="Caught o
00002320: 6E 20 54 61 70 65 22 20 74 76 67 2D 6C 6F 67 6F    n Tape" tvg-logo
00002330: 3D 22 68 74 74 70 73 3A 2F 2F 74 76 70 6E 6C 6F    ="https://tvpnlo
00002340: 67 6F 70 75 73 2E 73 61 6D 73 75 6E 67 63 6C 6F    gopus.samsungclo
00002350: 75 64 2E 74 76 2F 70 6C 61 74 66 6F 72 6D 2F 69    ud.tv/platform/i
00002360: 6D 61 67 65 2F 73 6F 75 72 63 65 6C 6F 67 6F 2F    mage/sourcelogo/
00002370: 76 63 2F 30 30 2F 30 32 2F 33 34 2F 55 53 37 30    vc/00/02/34/US70
00002380: 30 30 30 37 43 56 5F 32 30 32 35 31 31 32 35 54    0007CV_20251125T
00002390: 30 33 30 39 31 33 53 51 55 41 52 45 2E 70 6E 67    030913SQUARE.png
000023a0: 22 20 67 72 6F 75 70 2D 74 69 74 6C 65 3D 22 52    " group-title="R
000023b0: 65 61 6C 69 74 79 20 54 56 22 2C 43 61 75 67 68    eality TV",Caugh
000023c0: 74 20 6F 6E 20 54 61 70 65 0A 68 74 74 70 73 3A    t on Tape.https:
000023d0: 2F 2F 6A 6D 70 32 2E 75 6B 2F 73 74 76 70 2D 55    //jmp2.uk/stvp-U
000023e0: 53 37 30 30 30 30 37 43 56 0A 23 45 58 54 49 4E    S700007CV.#EXTIN
000023f0: 46 3A 2D 31 20 63 68 61 6E 6E 65 6C 2D 69 64 3D    F:-1 channel-id=
00002400: 22 55 53 42 43 34 34 30 30 30 30 33 4F 55 22 20    "USBC4400003OU" 
00002410: 74 76 67 2D 69 64 3D 22 55 53 42 43 34 34 30 30    tvg-id="USBC4400
00002420: 30 30 33 4F 55 22 20 74 76 67 2D 63 68 6E 6F 3D    003OU" tvg-chno=
00002430: 22 31 31 35 30 22 20 74 76 67 2D 6E 61 6D 65 3D    "1150" tvg-name=
00002440: 22 43 42 43 20 4E 65 77 73 22 20 74 76 67 2D 6C    "CBC News" tvg-l
00002450: 6F 67 6F 3D 22 68 74 74 70 73 3A 2F 2F 74 76 70    ogo="https://tvp
00002460: 6E 6C 6F 67 6F 70 75 73 2E 73 61 6D 73 75 6E 67    nlogopus.samsung
00002470: 63 6C 6F 75 64 2E 74 76 2F 70 6C 61 74 66 6F 72    cloud.tv/platfor
00002480: 6D 2F 69 6D 61 67 65 2F 73 6F 75 72 63 65 6C 6F    m/image/sourcelo
00002490: 67 6F 2F 76 63 2F 30 30 2F 30 32 2F 33 34 2F 55    go/vc/00/02/34/U
000024a0: 53 42 43 34 34 30 30 30 30 33 4F 55 5F 32 30 32    SBC4400003OU_202
000024b0: 35 31 31 32 35 54 30 33 30 38 33 32 53 51 55 41    51125T030832SQUA
000024c0: 52 45 2E 70 6E 67 22 20 67 72 6F 75 70 2D 74 69    RE.png" group-ti
000024d0: 74 6C 65 3D 22 4E 65 77 73 20 26 20 4F 70 69 6E    tle="News & Opin
000024e0: 69 6F 6E 22 2C 43 42 43 20 4E 65 77 73 0A 68 74    ion",CBC News.ht
000024f0: 74 70 73 3A 2F 2F 6A 6D 70 32 2E 75 6B 2F 73 74    tps://jmp2.uk/st
00002500: 76 70 2D 55 53 42 43 34 34 30 30 30 30 33 4F 55    vp-USBC4400003OU
00002510: 0A 23 45 58 54 49 4E 46 3A 2D 31 20 63 68 61 6E    .#EXTINF:-1 chan
00002520: 6E 65 6C 2D 69 64 3D 22 55 53 42 41 33 37 30 30    nel-id="USBA3700
00002530: 30 30 31 30 34 22 20 74 76 67 2D 69 64 3D 22 55    00104" tvg-id="U
00002540: 53 42 41 33 37 30 30 30 30 31 30 34 22 20 74 76    SBA370000104" tv
00002550: 67 2D 63 68 6E 6F 3D 22 31 31 31 30 22 20 74 76    g-chno="1110" tv
00002560: 67 2D 6E 61 6D 65 3D 22 43 42 53 20 4E 65 77 73    g-name="CBS News
00002570: 20 32 34 2F 37 22 20 74 76 67 2D 6C 6F 67 6F 3D     24/7" tvg-logo=
00002580: 22 68 74 74 70 73 3A 2F 2F 74 76 70 6E 6C 6F 67    "https://tvpnlog
00002590: 6F 70 75 73 2E 73 61 6D 73 75 6E 67 63 6C 6F 75    opus.samsungclou
000025a0: 64 2E 74 76 2F 70 6C 61 74 66 6F 72 6D 2F 69 6D    d.tv/platform/im
000025b0: 61 67 65 2F 73 6F 75 72 63 65 6C 6F 67 6F 2F 76    age/sourcelogo/v
000025c0: 63 2F 30 30 2F 30 32 2F 33 34 2F 55 53 42 41 33    c/00/02/34/USBA3
000025d0: 37 30 30 30 30 31 30 34 5F 32 30 32 35 31 31 31    70000104_2025111
000025e0: 38 54 32 33 30 31 30 34 53 51 55 41 52 45 2E 70    8T230104SQUARE.p
000025f0: 6E 67 22 20 67 72 6F 75 70 2D 74 69 74 6C 65 3D    ng" group-title=
00002600: 22 4E 65 77 73 20 26 20 4F 70 69 6E 69 6F 6E 22    "News & Opinion"
00002610: 2C 43 42 53 20 4E 65 77 73 20 32 34 2F 37 0A 68    ,CBS News 24/7.h
00002620: 74 74 70 73 3A 2F 2F 6A 6D 70 32 2E 75 6B 2F 73    ttps://jmp2.uk/s
00002630: 74 76 70 2D 55 53 42 41 33 37 30 30 30 30 31 30    tvp-USBA37000010
00002640: 34 0A 23 45 58 54 49 4E 46 3A 2D 31 20 63 68 61    4.#EXTINF:-1 cha
00002650: 6E 6E 65 6C 2D 69 64 3D 22 55 53 42 42 34 38 30    nnel-id="USBB480
00002660: 30 30 30 35 56 4F 22 20 74 76 67 2D 69 64 3D 22    0005VO" tvg-id="
00002670: 55 53 42 42 34 38 30 30 30 30 35 56 4F 22 20 74    USBB4800005VO" t
00002680: 76 67 2D 63 68 6E 6F 3D 22 32 33 33 30 22 20 74    vg-chno="2330" t
00002690: 76 67 2D 6E 61 6D 65 3D 22 43 42 53 20 53 70 6F    vg-name="CBS Spo
000026a0: 72 74 73 20 48 51 22 20 74 76 67 2D 6C 6F 67 6F    rts HQ" tvg-logo
000026b0: 3D 22 68 74 74 70 73 3A 2F 2F 74 76 70 6E 6C 6F    ="https://tvpnlo
000026c0: 67 6F 70 75 73 2E 73 61 6D 73 75 6E 67 63 6C 6F    gopus.samsungclo
000026d0: 75 64 2E 74 76 2F 70 6C 61 74 66 6F 72 6D 2F 69    ud.tv/platform/i
000026e0: 6D 61 67 65 2F 73 6F 75 72 63 65 6C 6F 67 6F 2F    mage/sourcelogo/
000026f0: 76 63 2F 30 30 2F 30 32 2F 33 34 2F 55 53 42 42    vc/00/02/34/USBB
00002700: 34 38 30 30 30 30 35 56 4F 5F 32 30 32 35 30 34    4800005VO_202504
00002710: 30 31 54 30 30 34 38 35 37 53 51 55 41 52 45 2E    01T004857SQUARE.
00002720: 70 6E 67 22 20 67 72 6F 75 70 2D 74 69 74 6C 65    png" group-title
00002730: 3D 22 53 70 6F 72 74 73 20 26 20 4F 75 74 64 6F    ="Sports & Outdo
00002740: 6F 72 73 22 2C 43 42 53 20 53 70 6F 72 74 73 20    ors",CBS Sports 
00002750: 48 51 0A 68 74 74 70 73 3A 2F 2F 6A 6D 70 32 2E    HQ.https://jmp2.
00002760: 75 6B 2F 73 74 76 70 2D 55 53 42 42 34 38 30 30    uk/stvp-USBB4800
00002770: 30 30 35 56 4F 0A 23 45 58 54 49 4E 46 3A 2D 31    005VO.#EXTINF:-1
00002780: 20 63 68 61 6E 6E 65 6C 2D 69 64 3D 22 55 53 31     channel-id="US1
00002790: 39 30 30 30 31 30 49 59 22 20 74 76 67 2D 69 64    900010IY" tvg-id
000027a0: 3D 22 55 53 31 39 30 30 30 31 30 49 59 22 20 74    ="US1900010IY" t
000027b0: 76 67 2D 63 68 6E 6F 3D 22 32 38 34 39 22 20 74    vg-chno="2849" t
000027c0: 76 67 2D 6E 61 6D 65 3D 22 43 65 6C 65 62 72 69    vg-name="Celebri
000027d0: 74 79 20 4E 61 6D 65 20 47 61 6D 65 22 20 74 76    ty Name Game" tv
000027e0: 67 2D 6C 6F 67 6F 3D 22 68 74 74 70 73 3A 2F 2F    g-logo="https://
000027f0: 74 76 70 6E 6C 6F 67 6F 70 75 73 2E 73 61 6D 73    tvpnlogopus.sams
00002800: 75 6E 67 63 6C 6F 75 64 2E 74 76 2F 70 6C 61 74    ungcloud.tv/plat
00002810: 66 6F 72 6D 2F 69 6D 61 67 65 2F 73 6F 75 72 63    form/image/sourc
00002820: 65 6C 6F 67 6F 2F 76 63 2F 30 30 2F 30 32 2F 33    elogo/vc/00/02/3
00002830: 34 2F 55 53 31 39 30 30 30 31 30 49 59 5F 32 30    4/US1900010IY_20
00002840: 32 35 31 31 31 38 54 30 33 30 36 30 37 53 51 55    251118T030607SQU
00002850: 41 52 45 2E 70 6E 67 22 20 67 72 6F 75 70 2D 74    ARE.png" group-t
00002860: 69 74 6C 65 3D 22 47 61 6D 65 20 53 68 6F 77 73    itle="Game Shows
00002870: 22 2C 43 65 6C 65 62 72 69 74 79 20 4E 61 6D 65    ",Celebrity Name
00002880: 20 47 61 6D 65 0A 68 74 74 70 73 3A 2F 2F 6A 6D     Game.https://jm
00002890: 70 32 2E 75 6B 2F 73 74 76 70 2D 55 53 31 39 30    p2.uk/stvp-US190
000028a0: 30 30 31 30 49 59 0A 23 45 58 54 49 4E 46 3A 2D    0010IY.#EXTINF:-
000028b0: 31 20 63 68 61 6E 6E 65 6C 2D 69 64 3D 22 55 53    1 channel-id="US
000028c0: 34 36 30 30 30 30 35 53 54 22 20 74 76 67 2D 69    4600005ST" tvg-i
000028d0: 64 3D 22 55 53 34 36 30 30 30 30 35 53 54 22 20    d="US4600005ST" 
000028e0: 74 76 67 2D 63 68 6E 6F 3D 22 33 38 31 38 22 20    tvg-chno="3818" 
000028f0: 74 76 67 2D 6E 61 6D 65 3D 22 43 47 20 4D 4D 41    tvg-name="CG MMA
00002900: 20 45 6E 20 45 73 70 61 F1 6F 6C 22 20 74 76 67     En Espa.ol" tvg
00002910: 2D 6C 6F 67 6F 3D 22 68 74 74 70 73 3A 2F 2F 74    -logo="https://t
00002920: 76 70 6E 6C 6F 67 6F 70 75 73 2E 73 61 6D 73 75    vpnlogopus.samsu
00002930: 6E 67 63 6C 6F 75 64 2E 74 76 2F 70 6C 61 74 66    ngcloud.tv/platf
00002940: 6F 72 6D 2F 69 6D 61 67 65 2F 73 6F 75 72 63 65    orm/image/source
00002950: 6C 6F 67 6F 2F 76 63 2F 30 30 2F 30 32 2F 33 34    logo/vc/00/02/34
00002960: 2F 55 53 34 36 30 30 30 30 35 53 54 5F 32 30 32    /US4600005ST_202
00002970: 35 30 34 32 38 54 32 32 33 34 32 37 53 51 55 41    50428T223427SQUA
00002980: 52 45 2E 70 6E 67 22 20 67 72 6F 75 70 2D 74 69    RE.png" group-ti
00002990: 74 6C 65 3D 22 4C 61 74 69 6E 6F 22 2C 43 47 20    tle="Latino",CG 
000029a0: 4D 4D 41 20 45 6E 20 45 73 70 61 F1 6F 6C 0A 68    MMA En Espa.ol.h
000029b0: 74 74 70 73 3A 2F 2F 6A 6D 70 32 2E 75 6B 2F 73    ttps://jmp2.uk/s
000029c0: 74 76 70 2D 55 53 34 36 30 30 30 30 35 53 54 0A    tvp-US4600005ST.
000029d0: 23 45 58 54 49 4E 46 3A 2D 31 20 63 68 61 6E 6E    #EXTINF:-1 chann
000029e0: 65 6C 2D 69 64 3D 22 55 53 32 31 30 30 30 30 36    el-id="US2100006
000029f0: 45 48 22 20 74 76 67 2D 69 64 3D 22 55 53 32 31    EH" tvg-id="US21
00002a00: 30 30 30 30 36 45 48 22 20 74 76 67 2D 63 68 6E    00006EH" tvg-chn
00002a10: 6F 3D 22 31 39 30 38 22 20 74 76 67 2D 6E 61 6D    o="1908" tvg-nam
00002a20: 65 3D 22 43 68 61 6C 6C 65 6E 67 65 20 41 63 63    e="Challenge Acc
00002a30: 65 70 74 65 64 22 20 74 76 67 2D 6C 6F 67 6F 3D    epted" tvg-logo=
00002a40: 22 68 74 74 70 73 3A 2F 2F 74 76 70 6E 6C 6F 67    "https://tvpnlog
00002a50: 6F 70 75 73 2E 73 61 6D 73 75 6E 67 63 6C 6F 75    opus.samsungclou
00002a60: 64 2E 74 76 2F 70 6C 61 74 66 6F 72 6D 2F 69 6D    d.tv/platform/im
00002a70: 61 67 65 2F 73 6F 75 72 63 65 6C 6F 67 6F 2F 76    age/sourcelogo/v
00002a80: 63 2F 30 30 2F 30 32 2F 33 34 2F 55 53 32 31 30    c/00/02/34/US210
00002a90: 30 30 30 36 45 48 5F 32 30 32 35 31 31 31 30 54    0006EH_20251110T
00002aa0: 32 33 35 30 35 34 53 51 55 41 52 45 2E 70 6E 67    235054SQUARE.png
00002ab0: 22 20 67 72 6F 75 70 2D 74 69 74 6C 65 3D 22 52    " group-title="R
00002ac0: 65 61 6C 69 74 79 20 54 56 22 2C 43 68 61 6C 6C    eality TV",Chall
00002ad0: 65 6E 67 65 20 41 63 63 65 70 74 65 64 0A 68 74    enge Accepted.ht
00002ae0: 74 70 73 3A 2F 2F 6A 6D 70 32 2E 75 6B 2F 73 74    tps://jmp2.uk/st
00002af0: 76 70 2D 55 53 32 31 30 30 30 30 36 45 48 0A 23    vp-US2100006EH.#
00002b00: 45 58 54 49 4E 46 3A 2D 31 20 63 68 61 6E 6E 65    EXTINF:-1 channe
00002b10: 6C 2D 69 64 3D 22 55 53 42 44 33 35 30 30 30 33    l-id="USBD350003
00002b20: 31 46 33 22 20 74 76 67 2D 69 64 3D 22 55 53 42    1F3" tvg-id="USB
00002b30: 44 33 35 30 30 30 33 31 46 33 22 20 74 76 67 2D    D3500031F3" tvg-
00002b40: 63 68 6E 6F 3D 22 31 39 36 30 22 20 74 76 67 2D    chno="1960" tvg-
00002b50: 6E 61 6D 65 3D 22 43 68 65 61 74 65 72 73 22 20    name="Cheaters" 
00002b60: 74 76 67 2D 6C 6F 67 6F 3D 22 68 74 74 70 73 3A    tvg-logo="https:
00002b70: 2F 2F 74 76 70 6E 6C 6F 67 6F 70 75 73 2E 73 61    //tvpnlogopus.sa
00002b80: 6D 73 75 6E 67 63 6C 6F 75 64 2E 74 76 2F 70 6C    msungcloud.tv/pl
00002b90: 61 74 66 6F 72 6D 2F 69 6D 61 67 65 2F 73 6F 75    atform/image/sou
00002ba0: 72 63 65 6C 6F 67 6F 2F 76 63 2F 30 30 2F 30 32    rcelogo/vc/00/02
00002bb0: 2F 33 34 2F 55 53 42 44 33 35 30 30 30 33 31 46    /34/USBD3500031F
00002bc0: 33 5F 32 30 32 35 31 31 32 35 54 30 33 30 39 31    3_20251125T03091
00002bd0: 36 53 51 55 41 52 45 2E 70 6E 67 22 20 67 72 6F    6SQUARE.png" gro
00002be0: 75 70 2D 74 69 74 6C 65 3D 22 52 65 61 6C 69 74    up-title="Realit
00002bf0: 79 20 54 56 22 2C 43 68 65 61 74 65 72 73 0A 68    y TV",Cheaters.h
00002c00: 74 74 70 73 3A 2F 2F 6A 6D 70 32 2E 75 6B 2F 73    ttps://jmp2.uk/s
00002c10: 74 76 70 2D 55 53 42 44 33 35 30 30 30 33 31 46    tvp-USBD3500031F
00002c20: 33 0A 23 45 58 54 49 4E 46 3A 2D 31 20 63 68 61    3.#EXTINF:-1 cha
00002c30: 6E 6E 65 6C 2D 69 64 3D 22 55 53 41 4A 33 35 30    nnel-id="USAJ350
00002c40: 34 37 31 34 41 22 20 74 76 67 2D 69 64 3D 22 55    4714A" tvg-id="U
00002c50: 53 41 4A 33 35 30 34 37 31 34 41 22 20 74 76 67    SAJ3504714A" tvg
00002c60: 2D 63 68 6E 6F 3D 22 32 39 31 38 22 20 74 76 67    -chno="2918" tvg
00002c70: 2D 6E 61 6D 65 3D 22 43 68 65 64 64 61 72 20 4E    -name="Cheddar N
00002c80: 65 77 73 22 20 74 76 67 2D 6C 6F 67 6F 3D 22 68    ews" tvg-logo="h
00002c90: 74 74 70 73 3A 2F 2F 74 76 70 6E 6C 6F 67 6F 70    ttps://tvpnlogop
00002ca0: 75 73 2E 73 61 6D 73 75 6E 67 63 6C 6F 75 64 2E    us.samsungcloud.
00002cb0: 74 76 2F 70 6C 61 74 66 6F 72 6D 2F 69 6D 61 67    tv/platform/imag
00002cc0: 65 2F 73 6F 75 72 63 65 6C 6F 67 6F 2F 76 63 2F    e/sourcelogo/vc/
00002cd0: 30 30 2F 30 32 2F 33 34 2F 55 53 41 4A 33 35 30    00/02/34/USAJ350
00002ce0: 34 37 31 34 41 5F 32 30 32 35 31 30 32 38 54 30    4714A_20251028T0
00002cf0: 31 31 30 34 30 53 51 55 41 52 45 2E 70 6E 67 22    11040SQUARE.png"
00002d00: 20 67 72 6F 75 70 2D 74 69 74 6C 65 3D 22 4C 69     group-title="Li
00002d10: 66 65 73 74 79 6C 65 20 26 20 50 6F 70 20 43 75    festyle & Pop Cu
00002d20: 6C 74 75 72 65 22 2C 43 68 65 64 64 61 72 20 4E    lture",Cheddar N
00002d30: 65 77 73 0A 68 74 74 70 73 3A 2F 2F 6A 6D 70 32    ews.https://jmp2
00002d40: 2E 75 6B 2F 73 74 76 70 2D 55 53 41 4A 33 35 30    .uk/stvp-USAJ350
00002d50: 34 37 31 34 41 0A 23 45 58 54 49 4E 46 3A 2D 31    4714A.#EXTINF:-1
00002d60: 20 63 68 61 6E 6E 65 6C 2D 69 64 3D 22 55 53 33     channel-id="US3
00002d70: 34 30 30 30 30 37 50 35 22 20 74 76 67 2D 69 64    400007P5" tvg-id
00002d80: 3D 22 55 53 33 34 30 30 30 30 37 50 35 22 20 74    ="US3400007P5" t
00002d90: 76 67 2D 63 68 6E 6F 3D 22 31 30 30 31 22 20 74    vg-chno="1001" t
00002da0: 76 67 2D 6E 61 6D 65 3D 22 43 68 72 69 73 74 6D    vg-name="Christm
00002db0: 61 73 20 56 69 62 65 73 22 20 74 76 67 2D 6C 6F    as Vibes" tvg-lo
00002dc0: 67 6F 3D 22 68 74 74 70 73 3A 2F 2F 74 76 70 6E    go="https://tvpn
00002dd0: 6C 6F 67 6F 70 75 73 2E 73 61 6D 73 75 6E 67 63    logopus.samsungc
00002de0: 6C 6F 75 64 2E 74 76 2F 70 6C 61 74 66 6F 72 6D    loud.tv/platform
00002df0: 2F 69 6D 61 67 65 2F 73 6F 75 72 63 65 6C 6F 67    /image/sourcelog
00002e00: 6F 2F 76 63 2F 30 30 2F 30 32 2F 33 34 2F 55 53    o/vc/00/02/34/US
00002e10: 33 34 30 30 30 30 37 50 35 5F 32 30 32 35 31 32    3400007P5_202512
00002e20: 30 39 54 30 31 33 35 31 31 53 51 55 41 52 45 2E    09T013511SQUARE.
00002e30: 70 6E 67 22 20 67 72 6F 75 70 2D 74 69 74 6C 65    png" group-title
00002e40: 3D 22 41 6D 62 69 61 6E 63 65 22 2C 43 68 72 69    ="Ambiance",Chri
00002e50: 73 74 6D 61 73 20 56 69 62 65 73 0A 68 74 74 70    stmas Vibes.http
00002e60: 73 3A 2F 2F 6A 6D 70 32 2E 75 6B 2F 73 74 76 70    s://jmp2.uk/stvp
00002e70: 2D 55 53 33 34 30 30 30 30 37 50 35 0A 23 45 58    -US3400007P5.#EX
00002e80: 54 49 4E 46 3A 2D 31 20 63 68 61 6E 6E 65 6C 2D    TINF:-1 channel-
00002e90: 69 64 3D 22 55 53 42 44 32 37 30 30 30 30 35 4B    id="USBD2700005K
00002ea0: 4C 22 20 74 76 67 2D 69 64 3D 22 55 53 42 44 32    L" tvg-id="USBD2
00002eb0: 37 30 30 30 30 35 4B 4C 22 20 74 76 67 2D 63 68    700005KL" tvg-ch
00002ec0: 6E 6F 3D 22 33 39 37 30 22 20 74 76 67 2D 6E 61    no="3970" tvg-na
00002ed0: 6D 65 3D 22 43 69 6E 65 20 64 65 20 4F 72 6F 22    me="Cine de Oro"
00002ee0: 20 74 76 67 2D 6C 6F 67 6F 3D 22 68 74 74 70 73     tvg-logo="https
00002ef0: 3A 2F 2F 74 76 70 6E 6C 6F 67 6F 70 75 73 2E 73    ://tvpnlogopus.s
00002f00: 61 6D 73 75 6E 67 63 6C 6F 75 64 2E 74 76 2F 70    amsungcloud.tv/p
00002f10: 6C 61 74 66 6F 72 6D 2F 69 6D 61 67 65 2F 73 6F    latform/image/so
00002f20: 75 72 63 65 6C 6F 67 6F 2F 76 63 2F 30 30 2F 30    urcelogo/vc/00/0
00002f30: 32 2F 33 34 2F 55 53 42 44 32 37 30 30 30 30 35    2/34/USBD2700005
00002f40: 4B 4C 5F 32 30 32 34 31 32 32 38 54 30 31 31 35    KL_20241228T0115
00002f50: 30 33 53 51 55 41 52 45 2E 70 6E 67 22 20 67 72    03SQUARE.png" gr
00002f60: 6F 75 70 2D 74 69 74 6C 65 3D 22 4C 61 74 69 6E    oup-title="Latin
00002f70: 6F 22 2C 43 69 6E 65 20 64 65 20 4F 72 6F 0A 68    o",Cine de Oro.h
00002f80: 74 74 70 73 3A 2F 2F 6A 6D 70 32 2E 75 6B 2F 73    ttps://jmp2.uk/s
00002f90: 74 76 70 2D 55 53 42 44 32 37 30 30 30 30 35 4B    tvp-USBD2700005K
00002fa0: 4C 0A 23 45 58 54 49 4E 46 3A 2D 31 20 63 68 61    L.#EXTINF:-1 cha
00002fb0: 6E 6E 65 6C 2D 69 64 3D 22 55 53 42 44 32 35 30    nnel-id="USBD250
00002fc0: 30 30 32 32 55 35 22 20 74 76 67 2D 69 64 3D 22    0022U5" tvg-id="
00002fd0: 55 53 42 44 32 35 30 30 30 32 32 55 35 22 20 74    USBD2500022U5" t
00002fe0: 76 67 2D 63 68 6E 6F 3D 22 33 39 36 35 22 20 74    vg-chno="3965" t
00002ff0: 76 67 2D 6E 61 6D 65 3D 22 43 69 6E 65 20 52 65    vg-name="Cine Re
00003000: 74 72 6F 22 20 74 76 67 2D 6C 6F 67 6F 3D 22 68    tro" tvg-logo="h
00003010: 74 74 70 73 3A 2F 2F 74 76 70 6E 6C 6F 67 6F 70    ttps://tvpnlogop
00003020: 75 73 2E 73 61 6D 73 75 6E 67 63 6C 6F 75 64 2E    us.samsungcloud.
00003030: 74 76 2F 70 6C 61 74 66 6F 72 6D 2F 69 6D 61 67    tv/platform/imag
00003040: 65 2F 73 6F 75 72 63 65 6C 6F 67 6F 2F 76 63 2F    e/sourcelogo/vc/
00003050: 30 30 2F 30 32 2F 33 34 2F 55 53 42 44 32 35 30    00/02/34/USBD250
00003060: 30 30 32 32 55 35 5F 32 30 32 34 31 32 32 38 54    0022U5_20241228T
00003070: 30 31 31 35 30 31 53 51 55 41 52 45 2E 70 6E 67    011501SQUARE.png
00003080: 22 20 67 72 6F 75 70 2D 74 69 74 6C 65 3D 22 4C    " group-title="L
00003090: 61 74 69 6E 6F 22 2C 43 69 6E 65 20 52 65 74 72    atino",Cine Retr
000030a0: 6F 0A 68 74 74 70 73 3A 2F 2F 6A 6D 70 32 2E 75    o.https://jmp2.u
000030b0: 6B 2F 73 74 76 70 2D 55 53 42 44 32 35 30 30 30    k/stvp-USBD25000
000030c0: 32 32 55 35 0A 23 45 58 54 49 4E 46 3A 2D 31 20    22U5.#EXTINF:-1 
000030d0: 63 68 61 6E 6E 65 6C 2D 69 64 3D 22 55 53 42 41    channel-id="USBA
000030e0: 33 38 30 30 30 30 31 45 30 22 20 74 76 67 2D 69    3800001E0" tvg-i
000030f0: 64 3D 22 55 53 42 41 33 38 30 30 30 30 31 45 30    d="USBA3800001E0
00003100: 22 20 74 76 67 2D 63 68 6E 6F 3D 22 33 39 39 30    " tvg-chno="3990
00003110: 22 20 74 76 67 2D 6E 61 6D 65 3D 22 43 69 6E 65    " tvg-name="Cine
00003120: 20 52 6F 6D 61 6E 74 69 63 6F 22 20 74 76 67 2D     Romantico" tvg-
00003130: 6C 6F 67 6F 3D 22 68 74 74 70 73 3A 2F 2F 74 76    logo="https://tv
00003140: 70 6E 6C 6F 67 6F 70 75 73 2E 73 61 6D 73 75 6E    pnlogopus.samsun
00003150: 67 63 6C 6F 75 64 2E 74 76 2F 70 6C 61 74 66 6F    gcloud.tv/platfo
00003160: 72 6D 2F 69 6D 61 67 65 2F 73 6F 75 72 63 65 6C    rm/image/sourcel
00003170: 6F 67 6F 2F 76 63 2F 30 30 2F 30 32 2F 33 34 2F    ogo/vc/00/02/34/
00003180: 55 53 42 41 33 38 30 30 30 30 31 45 30 5F 32 30    USBA3800001E0_20
00003190: 32 35 30 33 32 35 54 30 32 30 32 31 35 53 51 55    250325T020215SQU
000031a0: 41 52 45 2E 70 6E 67 22 20 67 72 6F 75 70 2D 74    ARE.png" group-t
000031b0: 69 74 6C 65 3D 22 4C 61 74 69 6E 6F 22 2C 43 69    itle="Latino",Ci
000031c0: 6E 65 20 52 6F 6D 61 6E 74 69 63 6F 0A 68 74 74    ne Romantico.htt
000031d0: 70 73 3A 2F 2F 6A 6D 70 32 2E 75 6B 2F 73 74 76    ps://jmp2.uk/stv
000031e0: 70 2D 55 53 42 41 33 38 30 30 30 30 31 45 30 0A    p-USBA3800001E0.
000031f0: 23 45 58 54 49 4E 46 3A 2D 31 20 63 68 61 6E 6E    #EXTINF:-1 chann
00003200: 65 6C 2D 69 64 3D 22 55 53 41 4A 33 30 30 30 30    el-id="USAJ30000
00003210: 31 34 38 57 22 20 74 76 67 2D 69 64 3D 22 55 53    148W" tvg-id="US
00003220: 41 4A 33 30 30 30 30 31 34 38 57 22 20 74 76 67    AJ30000148W" tvg
00003230: 2D 63 68 6E 6F 3D 22 31 32 34 30 22 20 74 76 67    -chno="1240" tvg
00003240: 2D 6E 61 6D 65 3D 22 43 49 4E 45 56 41 55 4C 54    -name="CINEVAULT
00003250: 22 20 74 76 67 2D 6C 6F 67 6F 3D 22 68 74 74 70    " tvg-logo="http
00003260: 73 3A 2F 2F 74 76 70 6E 6C 6F 67 6F 70 75 73 2E    s://tvpnlogopus.
00003270: 73 61 6D 73 75 6E 67 63 6C 6F 75 64 2E 74 76 2F    samsungcloud.tv/
00003280: 70 6C 61 74 66 6F 72 6D 2F 69 6D 61 67 65 2F 73    platform/image/s
00003290: 6F 75 72 63 65 6C 6F 67 6F 2F 76 63 2F 30 30 2F    ourcelogo/vc/00/
000032a0: 30 32 2F 33 34 2F 55 53 41 4A 33 30 30 30 30 31    02/34/USAJ300001
000032b0: 34 38 57 5F 32 30 32 34 30 37 33 30 54 32 32 32    48W_20240730T222
000032c0: 35 30 38 53 51 55 41 52 45 2E 70 6E 67 22 20 67    508SQUARE.png" g
000032d0: 72 6F 75 70 2D 74 69 74 6C 65 3D 22 4D 6F 76 69    roup-title="Movi
000032e0: 65 73 22 2C 43 49 4E 45 56 41 55 4C 54 0A 68 74    es",CINEVAULT.ht
000032f0: 74 70 73 3A 2F 2F 6A 6D 70 32 2E 75 6B 2F 73 74    tps://jmp2.uk/st
00003300: 76 70 2D 55 53 41 4A 33 30 30 30 30 31 34 38 57    vp-USAJ30000148W
00003310: 0A 23 45 58 54 49 4E 46 3A 2D 31 20 63 68 61 6E    .#EXTINF:-1 chan
00003320: 6E 65 6C 2D 69 64 3D 22 55 53 42 42 33 32 30 30    nel-id="USBB3200
00003330: 30 31 35 4D 38 22 20 74 76 67 2D 69 64 3D 22 55    015M8" tvg-id="U
00003340: 53 42 42 33 32 30 30 30 31 35 4D 38 22 20 74 76    SBB3200015M8" tv
00003350: 67 2D 63 68 6E 6F 3D 22 31 32 34 35 22 20 74 76    g-chno="1245" tv
00003360: 67 2D 6E 61 6D 65 3D 22 43 49 4E 45 56 41 55 4C    g-name="CINEVAUL
00003370: 54 3A 20 43 6C 61 73 73 69 63 73 22 20 74 76 67    T: Classics" tvg
00003380: 2D 6C 6F 67 6F 3D 22 68 74 74 70 73 3A 2F 2F 74    -logo="https://t
00003390: 76 70 6E 6C 6F 67 6F 70 75 73 2E 73 61 6D 73 75    vpnlogopus.samsu
000033a0: 6E 67 63 6C 6F 75 64 2E 74 76 2F 70 6C 61 74 66    ngcloud.tv/platf
000033b0: 6F 72 6D 2F 69 6D 61 67 65 2F 73 6F 75 72 63 65    orm/image/source
000033c0: 6C 6F 67 6F 2F 76 63 2F 30 30 2F 30 32 2F 33 34    logo/vc/00/02/34
000033d0: 2F 55 53 42 42 33 32 30 30 30 31 35 4D 38 5F 32    /USBB3200015M8_2
000033e0: 30 32 34 30 37 33 30 54 32 32 32 35 32 30 53 51    0240730T222520SQ
000033f0: 55 41 52 45 2E 70 6E 67 22 20 67 72 6F 75 70 2D    UARE.png" group-
00003400: 74 69 74 6C 65 3D 22 4D 6F 76 69 65 73 22 2C 43    title="Movies",C
00003410: 49 4E 45 56 41 55 4C 54 3A 20 43 6C 61 73 73 69    INEVAULT: Classi
00003420: 63 73 0A 68 74 74 70 73 3A 2F 2F 6A 6D 70 32 2E    cs.https://jmp2.
00003430: 75 6B 2F 73 74 76 70 2D 55 53 42 42 33 32 30 30    uk/stvp-USBB3200
00003440: 30 31 35 4D 38 0A 23 45 58 54 49 4E 46 3A 2D 31    015M8.#EXTINF:-1
00003450: 20 63 68 61 6E 6E 65 6C 2D 69 64 3D 22 55 53 41     channel-id="USA
00003460: 4B 33 35 30 38 37 30 39 41 22 20 74 76 67 2D 69    K3508709A" tvg-i
00003470: 64 3D 22 55 53 41 4B 33 35 30 38 37 30 39 41 22    d="USAK3508709A"
00003480: 20 74 76 67 2D 63 68 6E 6F 3D 22 31 34 30 35 22     tvg-chno="1405"
00003490: 20 74 76 67 2D 6E 61 6D 65 3D 22 43 49 4E 45 56     tvg-name="CINEV
000034a0: 41 55 4C 54 3A 20 57 65 73 74 65 72 6E 73 22 20    AULT: Westerns" 
000034b0: 74 76 67 2D 6C 6F 67 6F 3D 22 68 74 74 70 73 3A    tvg-logo="https:
000034c0: 2F 2F 74 76 70 6E 6C 6F 67 6F 70 75 73 2E 73 61    //tvpnlogopus.sa
000034d0: 6D 73 75 6E 67 63 6C 6F 75 64 2E 74 76 2F 70 6C    msungcloud.tv/pl
000034e0: 61 74 66 6F 72 6D 2F 69 6D 61 67 65 2F 73 6F 75    atform/image/sou
000034f0: 72 63 65 6C 6F 67 6F 2F 76 63 2F 30 30 2F 30 32    rcelogo/vc/00/02
00003500: 2F 33 34 2F 55 53 41 4B 33 35 30 38 37 30 39 41    /34/USAK3508709A
00003510: 5F 32 30 32 34 30 37 33 30 54 32 32 32 35 31 33    _20240730T222513
00003520: 53 51 55 41 52 45 2E 70 6E 67 22 20 67 72 6F 75    SQUARE.png" grou
00003530: 70 2D 74 69 74 6C 65 3D 22 57 65 73 74 65 72 6E    p-title="Western
00003540: 20 26 20 43 6C 61 73 73 69 63 20 54 56 22 2C 43     & Classic TV",C
00003550: 49 4E 45 56 41 55 4C 54 3A 20 57 65 73 74 65 72    INEVAULT: Wester
00003560: 6E 73 0A 68 74 74 70 73 3A 2F 2F 6A 6D 70 32 2E    ns.https://jmp2.
00003570: 75 6B 2F 73 74 76 70 2D 55 53 41 4B 33 35 30 38    uk/stvp-USAK3508
00003580: 37 30 39 41 0A 23 45 58 54 49 4E 46 3A 2D 31 20    709A.#EXTINF:-1 
00003590: 63 68 61 6E 6E 65 6C 2D 69 64 3D 22 55 53 42 41    channel-id="USBA
000035a0: 33 30 30 30 33 35 46 56 22 20 74 76 67 2D 69 64    300035FV" tvg-id
000035b0: 3D 22 55 53 42 41 33 30 30 30 33 35 46 56 22 20    ="USBA300035FV" 
000035c0: 74 76 67 2D 63 68 6E 6F 3D 22 31 34 32 35 22 20    tvg-chno="1425" 
000035d0: 74 76 67 2D 6E 61 6D 65 3D 22 43 69 72 63 6C 65    tvg-name="Circle
000035e0: 22 20 74 76 67 2D 6C 6F 67 6F 3D 22 68 74 74 70    " tvg-logo="http
000035f0: 73 3A 2F 2F 74 76 70 6E 6C 6F 67 6F 70 75 73 2E    s://tvpnlogopus.
00003600: 73 61 6D 73 75 6E 67 63 6C 6F 75 64 2E 74 76 2F    samsungcloud.tv/
00003610: 70 6C 61 74 66 6F 72 6D 2F 69 6D 61 67 65 2F 73    platform/image/s
00003620: 6F 75 72 63 65 6C 6F 67 6F 2F 76 63 2F 30 30 2F    ourcelogo/vc/00/
00003630: 30 32 2F 33 34 2F 55 53 42 41 33 30 30 30 33 35    02/34/USBA300035
00003640: 46 56 5F 32 30 32 34 30 35 32 38 54 30 32 30 39    FV_20240528T0209
00003650: 31 37 53 51 55 41 52 45 2E 70 6E 67 22 20 67 72    17SQUARE.png" gr
00003660: 6F 75 70 2D 74 69 74 6C 65 3D 22 57 65 73 74 65    oup-title="Weste
00003670: 72 6E 20 26 20 43 6C 61 73 73 69 63 20 54 56 22    rn & Classic TV"
00003680: 2C 43 69 72 63 6C 65 0A 68 74 74 70 73 3A 2F 2F    ,Circle.https://
00003690: 6A 6D 70 32 2E 75 6B 2F 73 74 76 70 2D 55 53 42    jmp2.uk/stvp-USB
000036a0: 41 33 30 30 30 33 35 46 56 0A 23 45 58 54 49 4E    A300035FV.#EXTIN
000036b0: 46 3A 2D 31 20 63 68 61 6E 6E 65 6C 2D 69 64 3D    F:-1 channel-id=
000036c0: 22 55 53 42 41 33 38 30 30 30 30 35 4E 49 22 20    "USBA3800005NI" 
000036d0: 74 76 67 2D 69 64 3D 22 55 53 42 41 33 38 30 30    tvg-id="USBA3800
000036e0: 30 30 35 4E 49 22 20 74 76 67 2D 63 68 6E 6F 3D    005NI" tvg-chno=
000036f0: 22 33 35 32 30 22 20 74 76 67 2D 6E 61 6D 65 3D    "3520" tvg-name=
00003700: 22 43 6C 61 72 69 74 79 20 34 4B 22 20 74 76 67    "Clarity 4K" tvg
00003710: 2D 6C 6F 67 6F 3D 22 68 74 74 70 73 3A 2F 2F 74    -logo="https://t
00003720: 76 70 6E 6C 6F 67 6F 70 75 73 2E 73 61 6D 73 75    vpnlogopus.samsu
00003730: 6E 67 63 6C 6F 75 64 2E 74 76 2F 70 6C 61 74 66    ngcloud.tv/platf
00003740: 6F 72 6D 2F 69 6D 61 67 65 2F 73 6F 75 72 63 65    orm/image/source
00003750: 6C 6F 67 6F 2F 76 63 2F 30 30 2F 30 32 2F 33 34    logo/vc/00/02/34
00003760: 2F 55 53 42 41 33 38 30 30 30 30 35 4E 49 5F 32    /USBA3800005NI_2
00003770: 30 32 35 30 37 32 39 54 30 31 30 34 30 38 53 51    0250729T010408SQ
00003780: 55 41 52 45 2E 70 6E 67 22 20 67 72 6F 75 70 2D    UARE.png" group-
00003790: 74 69 74 6C 65 3D 22 4E 61 74 75 72 65 2C 20 48    title="Nature, H
000037a0: 69 73 74 6F 72 79 20 26 20 53 63 69 65 6E 63 65    istory & Science
000037b0: 22 2C 43 6C 61 72 69 74 79 20 34 4B 0A 68 74 74    ",Clarity 4K.htt
000037c0: 70 73 3A 2F 2F 6A 6D 70 32 2E 75 6B 2F 73 74 76    ps://jmp2.uk/stv
000037d0: 70 2D 55 53 42 41 33 38 30 30 30 30 35 4E 49 0A    p-USBA3800005NI.
000037e0: 23 45 58 54 49 4E 46 3A 2D 31 20 63 68 61 6E 6E    #EXTINF:-1 chann
000037f0: 65 6C 2D 69 64 3D 22 55 53 42 43 33 39 30 30 30    el-id="USBC39000
00003800: 32 32 35 36 22 20 74 76 67 2D 69 64 3D 22 55 53    2256" tvg-id="US
00003810: 42 43 33 39 30 30 30 32 32 35 36 22 20 74 76 67    BC390002256" tvg
00003820: 2D 63 68 6E 6F 3D 22 31 38 36 32 22 20 74 76 67    -chno="1862" tvg
00003830: 2D 6E 61 6D 65 3D 22 43 6F 6C 64 20 43 61 73 65    -name="Cold Case
00003840: 20 46 69 6C 65 73 22 20 74 76 67 2D 6C 6F 67 6F     Files" tvg-logo
00003850: 3D 22 68 74 74 70 73 3A 2F 2F 74 76 70 6E 6C 6F    ="https://tvpnlo
00003860: 67 6F 70 75 73 2E 73 61 6D 73 75 6E 67 63 6C 6F    gopus.samsungclo
00003870: 75 64 2E 74 76 2F 70 6C 61 74 66 6F 72 6D 2F 69    ud.tv/platform/i
00003880: 6D 61 67 65 2F 73 6F 75 72 63 65 6C 6F 67 6F 2F    mage/sourcelogo/
00003890: 76 63 2F 30 30 2F 30 32 2F 33 34 2F 55 53 42 43    vc/00/02/34/USBC
000038a0: 33 39 30 30 30 32 32 35 36 5F 32 30 32 35 31 31    390002256_202511
000038b0: 30 34 54 30 30 34 36 31 30 53 51 55 41 52 45 2E    04T004610SQUARE.
000038c0: 70 6E 67 22 20 67 72 6F 75 70 2D 74 69 74 6C 65    png" group-title
000038d0: 3D 22 43 72 69 6D 65 22 2C 43 6F 6C 64 20 43 61    ="Crime",Cold Ca
000038e0: 73 65 20 46 69 6C 65 73 0A 68 74 74 70 73 3A 2F    se Files.https:/
000038f0: 2F 6A 6D 70 32 2E 75 6B 2F 73 74 76 70 2D 55 53    /jmp2.uk/stvp-US
00003900: 42 43 33 39 30 30 30 32 32 35 36 0A 23 45 58 54    BC390002256.#EXT
00003910: 49 4E 46 3A 2D 31 20 63 68 61 6E 6E 65 6C 2D 69    INF:-1 channel-i
00003920: 64 3D 22 55 53 34 36 30 30 30 30 36 52 38 22 20    d="US4600006R8" 
00003930: 74 76 67 2D 69 64 3D 22 55 53 34 36 30 30 30 30    tvg-id="US460000
00003940: 36 52 38 22 20 74 76 67 2D 63 68 6E 6F 3D 22 32    6R8" tvg-chno="2
00003950: 33 35 36 22 20 74 76 67 2D 6E 61 6D 65 3D 22 43    356" tvg-name="C
00003960: 6F 6D 62 61 74 65 20 47 6C 6F 62 61 6C 20 4D 4D    ombate Global MM
00003970: 41 22 20 74 76 67 2D 6C 6F 67 6F 3D 22 68 74 74    A" tvg-logo="htt
00003980: 70 73 3A 2F 2F 74 76 70 6E 6C 6F 67 6F 70 75 73    ps://tvpnlogopus
00003990: 2E 73 61 6D 73 75 6E 67 63 6C 6F 75 64 2E 74 76    .samsungcloud.tv
000039a0: 2F 70 6C 61 74 66 6F 72 6D 2F 69 6D 61 67 65 2F    /platform/image/
000039b0: 73 6F 75 72 63 65 6C 6F 67 6F 2F 76 63 2F 30 30    sourcelogo/vc/00
000039c0: 2F 30 32 2F 33 34 2F 55 53 34 36 30 30 30 30 36    /02/34/US4600006
000039d0: 52 38 5F 32 30 32 35 30 34 32 31 54 32 33 34 39    R8_20250421T2349
000039e0: 31 30 53 51 55 41 52 45 2E 70 6E 67 22 20 67 72    10SQUARE.png" gr
000039f0: 6F 75 70 2D 74 69 74 6C 65 3D 22 53 70 6F 72 74    oup-title="Sport
00003a00: 73 20 26 20 4F 75 74 64 6F 6F 72 73 22 2C 43 6F    s & Outdoors",Co
00003a10: 6D 62 61 74 65 20 47 6C 6F 62 61 6C 20 4D 4D 41    mbate Global MMA
00003a20: 0A 68 74 74 70 73 3A 2F 2F 6A 6D 70 32 2E 75 6B    .https://jmp2.uk
00003a30: 2F 73 74 76 70 2D 55 53 34 36 30 30 30 30 36 52    /stvp-US4600006R
00003a40: 38 0A 23 45 58 54 49 4E 46 3A 2D 31 20 63 68 61    8.#EXTINF:-1 cha
00003a50: 6E 6E 65 6C 2D 69 64 3D 22 55 53 42 44 37 30 30    nnel-id="USBD700
00003a60: 30 31 34 35 43 22 20 74 76 67 2D 69 64 3D 22 55    0145C" tvg-id="U
00003a70: 53 42 44 37 30 30 30 31 34 35 43 22 20 74 76 67    SBD7000145C" tvg
00003a80: 2D 63 68 6E 6F 3D 22 32 36 38 38 22 20 74 76 67    -chno="2688" tvg
00003a90: 2D 6E 61 6D 65 3D 22 43 6F 6D 65 64 79 20 44 79    -name="Comedy Dy
00003aa0: 6E 61 6D 69 63 73 22 20 74 76 67 2D 6C 6F 67 6F    namics" tvg-logo
00003ab0: 3D 22 68 74 74 70 73 3A 2F 2F 74 76 70 6E 6C 6F    ="https://tvpnlo
00003ac0: 67 6F 70 75 73 2E 73 61 6D 73 75 6E 67 63 6C 6F    gopus.samsungclo
00003ad0: 75 64 2E 74 76 2F 70 6C 61 74 66 6F 72 6D 2F 69    ud.tv/platform/i
00003ae0: 6D 61 67 65 2F 73 6F 75 72 63 65 6C 6F 67 6F 2F    mage/sourcelogo/
00003af0: 76 63 2F 30 30 2F 30 32 2F 33 34 2F 55 53 42 44    vc/00/02/34/USBD
00003b00: 37 30 30 30 31 34 35 43 5F 32 30 32 34 31 32 31    7000145C_2024121
00003b10: 30 54 30 31 33 38 32 35 53 51 55 41 52 45 2E 70    0T013825SQUARE.p
00003b20: 6E 67 22 20 67 72 6F 75 70 2D 74 69 74 6C 65 3D    ng" group-title=
00003b30: 22 43 6F 6D 65 64 79 22 2C 43 6F 6D 65 64 79 20    "Comedy",Comedy 
00003b40: 44 79 6E 61 6D 69 63 73 0A 68 74 74 70 73 3A 2F    Dynamics.https:/
00003b50: 2F 6A 6D 70 32 2E 75 6B 2F 73 74 76 70 2D 55 53    /jmp2.uk/stvp-US
00003b60: 42 44 37 30 30 30 31 34 35 43 0A 23 45 58 54 49    BD7000145C.#EXTI
00003b70: 4E 46 3A 2D 31 20 63 68 61 6E 6E 65 6C 2D 69 64    NF:-1 channel-id
00003b80: 3D 22 55 53 42 44 32 37 30 30 30 30 34 4D 45 22    ="USBD2700004ME"
00003b90: 20 74 76 67 2D 69 64 3D 22 55 53 42 44 32 37 30     tvg-id="USBD270
00003ba0: 30 30 30 34 4D 45 22 20 74 76 67 2D 63 68 6E 6F    0004ME" tvg-chno
00003bb0: 3D 22 33 39 37 35 22 20 74 76 67 2D 6E 61 6D 65    ="3975" tvg-name
00003bc0: 3D 22 43 6F 6D 6F 20 44 69 63 65 20 65 6C 20 44    ="Como Dice el D
00003bd0: 69 63 68 6F 22 20 74 76 67 2D 6C 6F 67 6F 3D 22    icho" tvg-logo="
00003be0: 68 74 74 70 73 3A 2F 2F 74 76 70 6E 6C 6F 67 6F    https://tvpnlogo
00003bf0: 70 75 73 2E 73 61 6D 73 75 6E 67 63 6C 6F 75 64    pus.samsungcloud
00003c00: 2E 74 76 2F 70 6C 61 74 66 6F 72 6D 2F 69 6D 61    .tv/platform/ima
00003c10: 67 65 2F 73 6F 75 72 63 65 6C 6F 67 6F 2F 76 63    ge/sourcelogo/vc
00003c20: 2F 30 30 2F 30 32 2F 33 34 2F 55 53 42 44 32 37    /00/02/34/USBD27
00003c30: 30 30 30 30 34 4D 45 5F 32 30 32 34 31 32 32 38    00004ME_20241228
00003c40: 54 30 31 31 35 30 36 53 51 55 41 52 45 2E 70 6E    T011506SQUARE.pn
00003c50: 67 22 20 67 72 6F 75 70 2D 74 69 74 6C 65 3D 22    g" group-title="
00003c60: 4C 61 74 69 6E 6F 22 2C 43 6F 6D 6F 20 44 69 63    Latino",Como Dic
00003c70: 65 20 65 6C 20 44 69 63 68 6F 0A 68 74 74 70 73    e el Dicho.https
00003c80: 3A 2F 2F 6A 6D 70 32 2E 75 6B 2F 73 74 76 70 2D    ://jmp2.uk/stvp-
00003c90: 55 53 42 44 32 37 30 30 30 30 34 4D 45 0A 23 45    USBD2700004ME.#E
00003ca0: 58 54 49 4E 46 3A 2D 31 20 63 68 61 6E 6E 65 6C    XTINF:-1 channel
00003cb0: 2D 69 64 3D 22 55 53 42 44 31 32 30 30 30 31 36    -id="USBD1200016
00003cc0: 31 34 22 20 74 76 67 2D 69 64 3D 22 55 53 42 44    14" tvg-id="USBD
00003cd0: 31 32 30 30 30 31 36 31 34 22 20 74 76 67 2D 63    120001614" tvg-c
00003ce0: 68 6E 6F 3D 22 32 36 32 30 22 20 74 76 67 2D 6E    hno="2620" tvg-n
00003cf0: 61 6D 65 3D 22 43 6F 6E 61 6E 20 4F 27 42 72 69    ame="Conan O'Bri
00003d00: 65 6E 20 54 56 22 20 74 76 67 2D 6C 6F 67 6F 3D    en TV" tvg-logo=
00003d10: 22 68 74 74 70 73 3A 2F 2F 74 76 70 6E 6C 6F 67    "https://tvpnlog
00003d20: 6F 70 75 73 2E 73 61 6D 73 75 6E 67 63 6C 6F 75    opus.samsungclou
00003d30: 64 2E 74 76 2F 70 6C 61 74 66 6F 72 6D 2F 69 6D    d.tv/platform/im
00003d40: 61 67 65 2F 73 6F 75 72 63 65 6C 6F 67 6F 2F 76    age/sourcelogo/v
00003d50: 63 2F 30 30 2F 30 32 2F 33 34 2F 55 53 42 44 31    c/00/02/34/USBD1
00003d60: 32 30 30 30 31 36 31 34 5F 32 30 32 35 31 30 30    20001614_2025100
00003d70: 36 54 32 32 35 30 32 32 53 51 55 41 52 45 2E 70    6T225022SQUARE.p
00003d80: 6E 67 22 20 67 72 6F 75 70 2D 74 69 74 6C 65 3D    ng" group-title=
00003d90: 22 43 6F 6D 65 64 79 22 2C 43 6F 6E 61 6E 20 4F    "Comedy",Conan O
00003da0: 27 42 72 69 65 6E 20 54 56 0A 68 74 74 70 73 3A    'Brien TV.https:
00003db0: 2F 2F 6A 6D 70 32 2E 75 6B 2F 73 74 76 70 2D 55    //jmp2.uk/stvp-U
00003dc0: 53 42 44 31 32 30 30 30 31 36 31 34 0A 23 45 58    SBD120001614.#EX
00003dd0: 54 49 4E 46 3A 2D 31 20 63 68 61 6E 6E 65 6C 2D    TINF:-1 channel-
00003de0: 69 64 3D 22 55 53 31 37 30 30 30 31 39 50 37 22    id="US1700019P7"
00003df0: 20 74 76 67 2D 69 64 3D 22 55 53 31 37 30 30 30     tvg-id="US17000
00003e00: 31 39 50 37 22 20 74 76 67 2D 63 68 6E 6F 3D 22    19P7" tvg-chno="
00003e10: 33 39 39 31 22 20 74 76 67 2D 6E 61 6D 65 3D 22    3991" tvg-name="
00003e20: 43 6F 72 65 61 6E 6F 20 62 79 20 43 4A 20 45 4E    Coreano by CJ EN
00003e30: 4D 22 20 74 76 67 2D 6C 6F 67 6F 3D 22 68 74 74    M" tvg-logo="htt
00003e40: 70 73 3A 2F 2F 74 76 70 6E 6C 6F 67 6F 70 75 73    ps://tvpnlogopus
00003e50: 2E 73 61 6D 73 75 6E 67 63 6C 6F 75 64 2E 74 76    .samsungcloud.tv
00003e60: 2F 70 6C 61 74 66 6F 72 6D 2F 69 6D 61 67 65 2F    /platform/image/
00003e70: 73 6F 75 72 63 65 6C 6F 67 6F 2F 76 63 2F 30 30    sourcelogo/vc/00
00003e80: 2F 30 32 2F 33 34 2F 55 53 31 37 30 30 30 31 39    /02/34/US1700019
00003e90: 50 37 5F 32 30 32 35 30 38 32 36 54 32 33 34 35    P7_20250826T2345
00003ea0: 32 34 53 51 55 41 52 45 2E 70 6E 67 22 20 67 72    24SQUARE.png" gr
00003eb0: 6F 75 70 2D 74 69 74 6C 65 3D 22 4C 61 74 69 6E    oup-title="Latin
00003ec0: 6F 22 2C 43 6F 72 65 61 6E 6F 20 62 79 20 43 4A    o",Coreano by CJ
00003ed0: 20 45 4E 4D 0A 68 74 74 70 73 3A 2F 2F 6A 6D 70     ENM.https://jmp
00003ee0: 32 2E 75 6B 2F 73 74 76 70 2D 55 53 31 37 30 30    2.uk/stvp-US1700
00003ef0: 30 31 39 50 37 0A 23 45 58 54 49 4E 46 3A 2D 31    019P7.#EXTINF:-1
00003f00: 20 63 68 61 6E 6E 65 6C 2D 69 64 3D 22 55 53 42     channel-id="USB
00003f10: 41 33 34 30 30 30 30 34 39 5A 22 20 74 76 67 2D    A34000049Z" tvg-
00003f20: 69 64 3D 22 55 53 42 41 33 34 30 30 30 30 34 39    id="USBA34000049
00003f30: 5A 22 20 74 76 67 2D 63 68 6E 6F 3D 22 31 38 39    Z" tvg-chno="189
00003f40: 32 22 20 74 76 67 2D 6E 61 6D 65 3D 22 43 6F 75    2" tvg-name="Cou
00003f50: 72 74 20 54 56 22 20 74 76 67 2D 6C 6F 67 6F 3D    rt TV" tvg-logo=
00003f60: 22 68 74 74 70 73 3A 2F 2F 74 76 70 6E 6C 6F 67    "https://tvpnlog
00003f70: 6F 70 75 73 2E 73 61 6D 73 75 6E 67 63 6C 6F 75    opus.samsungclou
00003f80: 64 2E 74 76 2F 70 6C 61 74 66 6F 72 6D 2F 69 6D    d.tv/platform/im
00003f90: 61 67 65 2F 73 6F 75 72 63 65 6C 6F 67 6F 2F 76    age/sourcelogo/v
00003fa0: 63 2F 30 30 2F 30 32 2F 33 34 2F 55 53 42 41 33    c/00/02/34/USBA3
00003fb0: 34 30 30 30 30 34 39 5A 5F 32 30 32 35 30 35 31    4000049Z_2025051
00003fc0: 33 54 30 31 32 36 32 30 53 51 55 41 52 45 2E 70    3T012620SQUARE.p
00003fd0: 6E 67 22 20 67 72 6F 75 70 2D 74 69 74 6C 65 3D    ng" group-title=
00003fe0: 22 43 72 69 6D 65 22 2C 43 6F 75 72 74 20 54 56    "Crime",Court TV
00003ff0: 0A 68 74 74 70 73 3A 2F 2F 6A 6D 70 32 2E 75 6B    .https://jmp2.uk

00000000: 2F 73 74 76 70 2D 55 53 42 41 33 34 30 30 30 30    /stvp-USBA340000
00000010: 34 39 5A 0A 23 45 58 54 49 4E 46 3A 2D 31 20 63    49Z.#EXTINF:-1 c
00000020: 68 61 6E 6E 65 6C 2D 69 64 3D 22 55 53 32 39 30    hannel-id="US290
00000030: 30 30 30 35 4E 57 22 20 74 76 67 2D 69 64 3D 22    0005NW" tvg-id="
00000040: 55 53 32 39 30 30 30 30 35 4E 57 22 20 74 76 67    US2900005NW" tvg
00000050: 2D 63 68 6E 6F 3D 22 34 35 38 34 22 20 74 76 67    -chno="4584" tvg
00000060: 2D 6E 61 6D 65 3D 22 43 6F 7A 79 20 56 69 62 65    -name="Cozy Vibe
00000070: 73 22 20 74 76 67 2D 6C 6F 67 6F 3D 22 68 74 74    s" tvg-logo="htt
00000080: 70 73 3A 2F 2F 74 76 70 6E 6C 6F 67 6F 70 75 73    ps://tvpnlogopus
00000090: 2E 73 61 6D 73 75 6E 67 63 6C 6F 75 64 2E 74 76    .samsungcloud.tv
000000a0: 2F 70 6C 61 74 66 6F 72 6D 2F 69 6D 61 67 65 2F    /platform/image/
000000b0: 73 6F 75 72 63 65 6C 6F 67 6F 2F 76 63 2F 30 30    sourcelogo/vc/00
000000c0: 2F 30 32 2F 33 34 2F 55 53 32 39 30 30 30 30 35    /02/34/US2900005
000000d0: 4E 57 5F 32 30 32 34 31 31 31 32 54 30 30 31 30    NW_20241112T0010
000000e0: 31 35 53 51 55 41 52 45 2E 70 6E 67 22 20 67 72    15SQUARE.png" gr
000000f0: 6F 75 70 2D 74 69 74 6C 65 3D 22 41 6D 62 69 61    oup-title="Ambia
00000100: 6E 63 65 22 2C 43 6F 7A 79 20 56 69 62 65 73 0A    nce",Cozy Vibes.
00000110: 68 74 74 70 73 3A 2F 2F 6A 6D 70 32 2E 75 6B 2F    https://jmp2.uk/
00000120: 73 74 76 70 2D 55 53 32 39 30 30 30 30 35 4E 57    stvp-US2900005NW
00000130: 0A 23 45 58 54 49 4E 46 3A 2D 31 20 63 68 61 6E    .#EXTINF:-1 chan
00000140: 6E 65 6C 2D 69 64 3D 22 55 53 32 36 30 30 30 32    nel-id="US260002
00000150: 33 57 59 22 20 74 76 67 2D 69 64 3D 22 55 53 32    3WY" tvg-id="US2
00000160: 36 30 30 30 32 33 57 59 22 20 74 76 67 2D 63 68    600023WY" tvg-ch
00000170: 6E 6F 3D 22 32 31 34 34 22 20 74 76 67 2D 6E 61    no="2144" tvg-na
00000180: 6D 65 3D 22 43 72 61 66 74 73 79 54 56 22 20 74    me="CraftsyTV" t
00000190: 76 67 2D 6C 6F 67 6F 3D 22 68 74 74 70 73 3A 2F    vg-logo="https:/
000001a0: 2F 74 76 70 6E 6C 6F 67 6F 70 75 73 2E 73 61 6D    /tvpnlogopus.sam
000001b0: 73 75 6E 67 63 6C 6F 75 64 2E 74 76 2F 70 6C 61    sungcloud.tv/pla
000001c0: 74 66 6F 72 6D 2F 69 6D 61 67 65 2F 73 6F 75 72    tform/image/sour
000001d0: 63 65 6C 6F 67 6F 2F 76 63 2F 30 30 2F 30 32 2F    celogo/vc/00/02/
000001e0: 33 34 2F 55 53 32 36 30 30 30 32 33 57 59 5F 32    34/US2600023WY_2
000001f0: 30 32 35 31 30 32 38 54 30 31 31 30 35 33 53 51    0251028T011053SQ
00000200: 55 41 52 45 2E 70 6E 67 22 20 67 72 6F 75 70 2D    UARE.png" group-
00000210: 74 69 74 6C 65 3D 22 48 6F 6D 65 20 26 20 46 6F    title="Home & Fo
00000220: 6F 64 22 2C 43 72 61 66 74 73 79 54 56 0A 68 74    od",CraftsyTV.ht
00000230: 74 70 73 3A 2F 2F 6A 6D 70 32 2E 75 6B 2F 73 74    tps://jmp2.uk/st
00000240: 76 70 2D 55 53 32 36 30 30 30 32 33 57 59 0A 23    vp-US2600023WY.#
00000250: 45 58 54 49 4E 46 3A 2D 31 20 63 68 61 6E 6E 65    EXTINF:-1 channe
00000260: 6C 2D 69 64 3D 22 55 53 41 4B 33 35 30 38 37 30    l-id="USAK350870
00000270: 33 41 22 20 74 76 67 2D 69 64 3D 22 55 53 41 4B    3A" tvg-id="USAK
00000280: 33 35 30 38 37 30 33 41 22 20 74 76 67 2D 63 68    3508703A" tvg-ch
00000290: 6E 6F 3D 22 31 38 32 30 22 20 74 76 67 2D 6E 61    no="1820" tvg-na
000002a0: 6D 65 3D 22 43 72 69 6D 65 20 32 34 2F 37 22 20    me="Crime 24/7" 
000002b0: 74 76 67 2D 6C 6F 67 6F 3D 22 68 74 74 70 73 3A    tvg-logo="https:
000002c0: 2F 2F 74 76 70 6E 6C 6F 67 6F 70 75 73 2E 73 61    //tvpnlogopus.sa
000002d0: 6D 73 75 6E 67 63 6C 6F 75 64 2E 74 76 2F 70 6C    msungcloud.tv/pl
000002e0: 61 74 66 6F 72 6D 2F 69 6D 61 67 65 2F 73 6F 75    atform/image/sou
000002f0: 72 63 65 6C 6F 67 6F 2F 76 63 2F 30 30 2F 30 32    rcelogo/vc/00/02
00000300: 2F 33 34 2F 55 53 41 4B 33 35 30 38 37 30 33 41    /34/USAK3508703A
00000310: 5F 32 30 32 35 31 32 30 32 54 30 30 35 38 35 30    _20251202T005850
00000320: 53 51 55 41 52 45 2E 70 6E 67 22 20 67 72 6F 75    SQUARE.png" grou
00000330: 70 2D 74 69 74 6C 65 3D 22 43 72 69 6D 65 22 2C    p-title="Crime",
00000340: 43 72 69 6D 65 20 32 34 2F 37 0A 68 74 74 70 73    Crime 24/7.https
00000350: 3A 2F 2F 6A 6D 70 32 2E 75 6B 2F 73 74 76 70 2D    ://jmp2.uk/stvp-
00000360: 55 53 41 4B 33 35 30 38 37 30 33 41 0A 23 45 58    USAK3508703A.#EX
00000370: 54 49 4E 46 3A 2D 31 20 63 68 61 6E 6E 65 6C 2D    TINF:-1 channel-
00000380: 69 64 3D 22 55 53 42 42 35 32 30 30 30 32 33 36    id="USBB52000236
00000390: 44 22 20 74 76 67 2D 69 64 3D 22 55 53 42 42 35    D" tvg-id="USBB5
000003a0: 32 30 30 30 32 33 36 44 22 20 74 76 67 2D 63 68    2000236D" tvg-ch
000003b0: 6E 6F 3D 22 31 38 35 33 22 20 74 76 67 2D 6E 61    no="1853" tvg-na
000003c0: 6D 65 3D 22 43 72 69 6D 65 20 54 68 72 69 6C 6C    me="Crime Thrill
000003d0: 48 65 72 22 20 74 76 67 2D 6C 6F 67 6F 3D 22 68    Her" tvg-logo="h
000003e0: 74 74 70 73 3A 2F 2F 74 76 70 6E 6C 6F 67 6F 70    ttps://tvpnlogop
000003f0: 75 73 2E 73 61 6D 73 75 6E 67 63 6C 6F 75 64 2E    us.samsungcloud.
00000400: 74 76 2F 70 6C 61 74 66 6F 72 6D 2F 69 6D 61 67    tv/platform/imag
00000410: 65 2F 73 6F 75 72 63 65 6C 6F 67 6F 2F 76 63 2F    e/sourcelogo/vc/
00000420: 30 30 2F 30 32 2F 33 34 2F 55 53 42 42 35 32 30    00/02/34/USBB520
00000430: 30 30 32 33 36 44 5F 32 30 32 35 31 30 32 31 54    00236D_20251021T
00000440: 31 39 32 31 35 30 53 51 55 41 52 45 2E 70 6E 67    192150SQUARE.png
00000450: 22 20 67 72 6F 75 70 2D 74 69 74 6C 65 3D 22 43    " group-title="C
00000460: 72 69 6D 65 22 2C 43 72 69 6D 65 20 54 68 72 69    rime",Crime Thri
00000470: 6C 6C 48 65 72 0A 68 74 74 70 73 3A 2F 2F 6A 6D    llHer.https://jm
00000480: 70 32 2E 75 6B 2F 73 74 76 70 2D 55 53 42 42 35    p2.uk/stvp-USBB5
00000490: 32 30 30 30 32 33 36 44 0A 23 45 58 54 49 4E 46    2000236D.#EXTINF
000004a0: 3A 2D 31 20 63 68 61 6E 6E 65 6C 2D 69 64 3D 22    :-1 channel-id="
000004b0: 55 53 42 42 33 36 30 30 30 30 34 30 4D 22 20 74    USBB36000040M" t
000004c0: 76 67 2D 69 64 3D 22 55 53 42 42 33 36 30 30 30    vg-id="USBB36000
000004d0: 30 34 30 4D 22 20 74 76 67 2D 63 68 6E 6F 3D 22    040M" tvg-chno="
000004e0: 31 38 30 35 22 20 74 76 67 2D 6E 61 6D 65 3D 22    1805" tvg-name="
000004f0: 43 72 69 6D 65 20 5A 6F 6E 65 22 20 74 76 67 2D    Crime Zone" tvg-
00000500: 6C 6F 67 6F 3D 22 68 74 74 70 73 3A 2F 2F 74 76    logo="https://tv
00000510: 70 6E 6C 6F 67 6F 70 75 73 2E 73 61 6D 73 75 6E    pnlogopus.samsun
00000520: 67 63 6C 6F 75 64 2E 74 76 2F 70 6C 61 74 66 6F    gcloud.tv/platfo
00000530: 72 6D 2F 69 6D 61 67 65 2F 73 6F 75 72 63 65 6C    rm/image/sourcel
00000540: 6F 67 6F 2F 76 63 2F 30 30 2F 30 32 2F 33 34 2F    ogo/vc/00/02/34/
00000550: 55 53 42 42 33 36 30 30 30 30 34 30 4D 5F 32 30    USBB36000040M_20
00000560: 32 35 30 36 31 36 54 32 32 31 36 35 34 53 51 55    250616T221654SQU
00000570: 41 52 45 2E 70 6E 67 22 20 67 72 6F 75 70 2D 74    ARE.png" group-t
00000580: 69 74 6C 65 3D 22 43 72 69 6D 65 22 2C 43 72 69    itle="Crime",Cri
00000590: 6D 65 20 5A 6F 6E 65 0A 68 74 74 70 73 3A 2F 2F    me Zone.https://
000005a0: 6A 6D 70 32 2E 75 6B 2F 73 74 76 70 2D 55 53 42    jmp2.uk/stvp-USB
000005b0: 42 33 36 30 30 30 30 34 30 4D 0A 23 45 58 54 49    B36000040M.#EXTI
000005c0: 4E 46 3A 2D 31 20 63 68 61 6E 6E 65 6C 2D 69 64    NF:-1 channel-id
000005d0: 3D 22 55 53 42 42 35 32 30 30 30 32 32 50 59 22    ="USBB5200022PY"
000005e0: 20 74 76 67 2D 69 64 3D 22 55 53 42 42 35 32 30     tvg-id="USBB520
000005f0: 30 30 32 32 50 59 22 20 74 76 67 2D 63 68 6E 6F    0022PY" tvg-chno
00000600: 3D 22 31 38 35 36 22 20 74 76 67 2D 6E 61 6D 65    ="1856" tvg-name
00000610: 3D 22 43 72 69 6D 65 73 20 43 75 6C 74 73 20 4B    ="Crimes Cults K
00000620: 69 6C 6C 65 72 73 22 20 74 76 67 2D 6C 6F 67 6F    illers" tvg-logo
00000630: 3D 22 68 74 74 70 73 3A 2F 2F 74 76 70 6E 6C 6F    ="https://tvpnlo
00000640: 67 6F 70 75 73 2E 73 61 6D 73 75 6E 67 63 6C 6F    gopus.samsungclo
00000650: 75 64 2E 74 76 2F 70 6C 61 74 66 6F 72 6D 2F 69    ud.tv/platform/i
00000660: 6D 61 67 65 2F 73 6F 75 72 63 65 6C 6F 67 6F 2F    mage/sourcelogo/
00000670: 76 63 2F 30 30 2F 30 32 2F 33 34 2F 55 53 42 42    vc/00/02/34/USBB
00000680: 35 32 30 30 30 32 32 50 59 5F 32 30 32 35 30 38    5200022PY_202508
00000690: 30 35 54 30 30 35 37 34 36 53 51 55 41 52 45 2E    05T005746SQUARE.
000006a0: 70 6E 67 22 20 67 72 6F 75 70 2D 74 69 74 6C 65    png" group-title
000006b0: 3D 22 43 72 69 6D 65 22 2C 43 72 69 6D 65 73 20    ="Crime",Crimes 
000006c0: 43 75 6C 74 73 20 4B 69 6C 6C 65 72 73 0A 68 74    Cults Killers.ht
000006d0: 74 70 73 3A 2F 2F 6A 6D 70 32 2E 75 6B 2F 73 74    tps://jmp2.uk/st
000006e0: 76 70 2D 55 53 42 42 35 32 30 30 30 32 32 50 59    vp-USBB5200022PY
000006f0: 0A 23 45 58 54 49 4E 46 3A 2D 31 20 63 68 61 6E    .#EXTINF:-1 chan
00000700: 6E 65 6C 2D 69 64 3D 22 55 53 32 30 30 30 30 31    nel-id="US200001
00000710: 38 59 49 22 20 74 76 67 2D 69 64 3D 22 55 53 32    8YI" tvg-id="US2
00000720: 30 30 30 30 31 38 59 49 22 20 74 76 67 2D 63 68    000018YI" tvg-ch
00000730: 6E 6F 3D 22 33 32 30 33 22 20 74 76 67 2D 6E 61    no="3203" tvg-na
00000740: 6D 65 3D 22 43 72 75 6E 63 68 79 72 6F 6C 6C 22    me="Crunchyroll"
00000750: 20 74 76 67 2D 6C 6F 67 6F 3D 22 68 74 74 70 73     tvg-logo="https
00000760: 3A 2F 2F 74 76 70 6E 6C 6F 67 6F 70 75 73 2E 73    ://tvpnlogopus.s
00000770: 61 6D 73 75 6E 67 63 6C 6F 75 64 2E 74 76 2F 70    amsungcloud.tv/p
00000780: 6C 61 74 66 6F 72 6D 2F 69 6D 61 67 65 2F 73 6F    latform/image/so
00000790: 75 72 63 65 6C 6F 67 6F 2F 76 63 2F 30 30 2F 30    urcelogo/vc/00/0
000007a0: 32 2F 33 34 2F 55 53 32 30 30 30 30 31 38 59 49    2/34/US2000018YI
000007b0: 5F 32 30 32 35 31 31 32 35 54 30 33 30 39 31 39    _20251125T030919
000007c0: 53 51 55 41 52 45 2E 70 6E 67 22 20 67 72 6F 75    SQUARE.png" grou
000007d0: 70 2D 74 69 74 6C 65 3D 22 41 6E 69 6D 65 20 26    p-title="Anime &
000007e0: 20 47 61 6D 69 6E 67 22 2C 43 72 75 6E 63 68 79     Gaming",Crunchy
000007f0: 72 6F 6C 6C 0A 68 74 74 70 73 3A 2F 2F 6A 6D 70    roll.https://jmp
00000800: 32 2E 75 6B 2F 73 74 76 70 2D 55 53 32 30 30 30    2.uk/stvp-US2000
00000810: 30 31 38 59 49 0A 23 45 58 54 49 4E 46 3A 2D 31    018YI.#EXTINF:-1
00000820: 20 63 68 61 6E 6E 65 6C 2D 69 64 3D 22 55 53 32     channel-id="US2
00000830: 32 30 30 30 30 31 49 59 22 20 74 76 67 2D 69 64    200001IY" tvg-id
00000840: 3D 22 55 53 32 32 30 30 30 30 31 49 59 22 20 74    ="US2200001IY" t
00000850: 76 67 2D 63 68 6E 6F 3D 22 33 38 37 38 22 20 74    vg-chno="3878" t
00000860: 76 67 2D 6E 61 6D 65 3D 22 43 75 72 69 6F 73 69    vg-name="Curiosi
00000870: 74 79 20 41 6E 69 6D 61 6C 65 73 22 20 74 76 67    ty Animales" tvg
00000880: 2D 6C 6F 67 6F 3D 22 68 74 74 70 73 3A 2F 2F 74    -logo="https://t
00000890: 76 70 6E 6C 6F 67 6F 70 75 73 2E 73 61 6D 73 75    vpnlogopus.samsu
000008a0: 6E 67 63 6C 6F 75 64 2E 74 76 2F 70 6C 61 74 66    ngcloud.tv/platf
000008b0: 6F 72 6D 2F 69 6D 61 67 65 2F 73 6F 75 72 63 65    orm/image/source
000008c0: 6C 6F 67 6F 2F 76 63 2F 30 30 2F 30 32 2F 33 34    logo/vc/00/02/34
000008d0: 2F 55 53 32 32 30 30 30 30 31 49 59 5F 32 30 32    /US2200001IY_202
000008e0: 34 30 39 31 30 54 30 30 33 37 33 36 53 51 55 41    40910T003736SQUA
000008f0: 52 45 2E 70 6E 67 22 20 67 72 6F 75 70 2D 74 69    RE.png" group-ti
00000900: 74 6C 65 3D 22 4C 61 74 69 6E 6F 22 2C 43 75 72    tle="Latino",Cur
00000910: 69 6F 73 69 74 79 20 41 6E 69 6D 61 6C 65 73 0A    iosity Animales.
00000920: 68 74 74 70 73 3A 2F 2F 6A 6D 70 32 2E 75 6B 2F    https://jmp2.uk/
00000930: 73 74 76 70 2D 55 53 32 32 30 30 30 30 31 49 59    stvp-US2200001IY
00000940: 0A 23 45 58 54 49 4E 46 3A 2D 31 20 63 68 61 6E    .#EXTINF:-1 chan
00000950: 6E 65 6C 2D 69 64 3D 22 55 53 32 32 30 30 30 30    nel-id="US220000
00000960: 32 30 55 22 20 74 76 67 2D 69 64 3D 22 55 53 32    20U" tvg-id="US2
00000970: 32 30 30 30 30 32 30 55 22 20 74 76 67 2D 63 68    2000020U" tvg-ch
00000980: 6E 6F 3D 22 33 38 38 30 22 20 74 76 67 2D 6E 61    no="3880" tvg-na
00000990: 6D 65 3D 22 43 75 72 69 6F 73 69 74 79 20 45 78    me="Curiosity Ex
000009a0: 70 6C 6F 72 61 22 20 74 76 67 2D 6C 6F 67 6F 3D    plora" tvg-logo=
000009b0: 22 68 74 74 70 73 3A 2F 2F 74 76 70 6E 6C 6F 67    "https://tvpnlog
000009c0: 6F 70 75 73 2E 73 61 6D 73 75 6E 67 63 6C 6F 75    opus.samsungclou
000009d0: 64 2E 74 76 2F 70 6C 61 74 66 6F 72 6D 2F 69 6D    d.tv/platform/im
000009e0: 61 67 65 2F 73 6F 75 72 63 65 6C 6F 67 6F 2F 76    age/sourcelogo/v
000009f0: 63 2F 30 30 2F 30 32 2F 33 34 2F 55 53 32 32 30    c/00/02/34/US220
00000a00: 30 30 30 32 30 55 5F 32 30 32 34 31 32 31 37 54    00020U_20241217T
00000a10: 32 30 32 33 30 34 53 51 55 41 52 45 2E 70 6E 67    202304SQUARE.png
00000a20: 22 20 67 72 6F 75 70 2D 74 69 74 6C 65 3D 22 4C    " group-title="L
00000a30: 61 74 69 6E 6F 22 2C 43 75 72 69 6F 73 69 74 79    atino",Curiosity
00000a40: 20 45 78 70 6C 6F 72 61 0A 68 74 74 70 73 3A 2F     Explora.https:/
00000a50: 2F 6A 6D 70 32 2E 75 6B 2F 73 74 76 70 2D 55 53    /jmp2.uk/stvp-US
00000a60: 32 32 30 30 30 30 32 30 55 0A 23 45 58 54 49 4E    22000020U.#EXTIN
00000a70: 46 3A 2D 31 20 63 68 61 6E 6E 65 6C 2D 69 64 3D    F:-1 channel-id=
00000a80: 22 55 53 32 32 30 30 30 30 33 5A 4E 22 20 74 76    "US2200003ZN" tv
00000a90: 67 2D 69 64 3D 22 55 53 32 32 30 30 30 30 33 5A    g-id="US2200003Z
00000aa0: 4E 22 20 74 76 67 2D 63 68 6E 6F 3D 22 33 38 37    N" tvg-chno="387
00000ab0: 33 22 20 74 76 67 2D 6E 61 6D 65 3D 22 43 75 72    3" tvg-name="Cur
00000ac0: 69 6F 73 69 74 79 20 4D 6F 74 6F 72 65 73 22 20    iosity Motores" 
00000ad0: 74 76 67 2D 6C 6F 67 6F 3D 22 68 74 74 70 73 3A    tvg-logo="https:
00000ae0: 2F 2F 74 76 70 6E 6C 6F 67 6F 70 75 73 2E 73 61    //tvpnlogopus.sa
00000af0: 6D 73 75 6E 67 63 6C 6F 75 64 2E 74 76 2F 70 6C    msungcloud.tv/pl
00000b00: 61 74 66 6F 72 6D 2F 69 6D 61 67 65 2F 73 6F 75    atform/image/sou
00000b10: 72 63 65 6C 6F 67 6F 2F 76 63 2F 30 30 2F 30 32    rcelogo/vc/00/02
00000b20: 2F 33 34 2F 55 53 32 32 30 30 30 30 33 5A 4E 5F    /34/US2200003ZN_
00000b30: 32 30 32 34 30 39 31 30 54 30 30 33 37 34 33 53    20240910T003743S
00000b40: 51 55 41 52 45 2E 70 6E 67 22 20 67 72 6F 75 70    QUARE.png" group
00000b50: 2D 74 69 74 6C 65 3D 22 4C 61 74 69 6E 6F 22 2C    -title="Latino",
00000b60: 43 75 72 69 6F 73 69 74 79 20 4D 6F 74 6F 72 65    Curiosity Motore
00000b70: 73 0A 68 74 74 70 73 3A 2F 2F 6A 6D 70 32 2E 75    s.https://jmp2.u
00000b80: 6B 2F 73 74 76 70 2D 55 53 32 32 30 30 30 30 33    k/stvp-US2200003
00000b90: 5A 4E 0A 23 45 58 54 49 4E 46 3A 2D 31 20 63 68    ZN.#EXTINF:-1 ch
00000ba0: 61 6E 6E 65 6C 2D 69 64 3D 22 55 53 37 30 30 30    annel-id="US7000
00000bb0: 32 30 41 58 22 20 74 76 67 2D 69 64 3D 22 55 53    20AX" tvg-id="US
00000bc0: 37 30 30 30 32 30 41 58 22 20 74 76 67 2D 63 68    700020AX" tvg-ch
00000bd0: 6E 6F 3D 22 32 39 33 35 22 20 74 76 67 2D 6E 61    no="2935" tvg-na
00000be0: 6D 65 3D 22 43 75 74 6C 65 72 73 20 43 6F 75 72    me="Cutlers Cour
00000bf0: 74 22 20 74 76 67 2D 6C 6F 67 6F 3D 22 68 74 74    t" tvg-logo="htt
00000c00: 70 73 3A 2F 2F 74 76 70 6E 6C 6F 67 6F 70 75 73    ps://tvpnlogopus
00000c10: 2E 73 61 6D 73 75 6E 67 63 6C 6F 75 64 2E 74 76    .samsungcloud.tv
00000c20: 2F 70 6C 61 74 66 6F 72 6D 2F 69 6D 61 67 65 2F    /platform/image/
00000c30: 73 6F 75 72 63 65 6C 6F 67 6F 2F 76 63 2F 30 30    sourcelogo/vc/00
00000c40: 2F 30 32 2F 33 34 2F 55 53 37 30 30 30 32 30 41    /02/34/US700020A
00000c50: 58 5F 32 30 32 35 30 39 32 39 54 32 33 31 37 34    X_20250929T23174
00000c60: 38 53 51 55 41 52 45 2E 70 6E 67 22 20 67 72 6F    8SQUARE.png" gro
00000c70: 75 70 2D 74 69 74 6C 65 3D 22 4C 69 66 65 73 74    up-title="Lifest
00000c80: 79 6C 65 20 26 20 50 6F 70 20 43 75 6C 74 75 72    yle & Pop Cultur
00000c90: 65 22 2C 43 75 74 6C 65 72 73 20 43 6F 75 72 74    e",Cutlers Court
00000ca0: 0A 68 74 74 70 73 3A 2F 2F 6A 6D 70 32 2E 75 6B    .https://jmp2.uk
00000cb0: 2F 73 74 76 70 2D 55 53 37 30 30 30 32 30 41 58    /stvp-US700020AX
00000cc0: 0A 23 45 58 54 49 4E 46 3A 2D 31 20 63 68 61 6E    .#EXTINF:-1 chan
00000cd0: 6E 65 6C 2D 69 64 3D 22 55 53 32 35 30 30 30 30    nel-id="US250000
00000ce0: 37 35 59 22 20 74 76 67 2D 69 64 3D 22 55 53 32    75Y" tvg-id="US2
00000cf0: 35 30 30 30 30 37 35 59 22 20 74 76 67 2D 63 68    5000075Y" tvg-ch
00000d00: 6E 6F 3D 22 31 35 31 37 22 20 74 76 67 2D 6E 61    no="1517" tvg-na
00000d10: 6D 65 3D 22 43 57 20 46 4F 52 45 56 45 52 22 20    me="CW FOREVER" 
00000d20: 74 76 67 2D 6C 6F 67 6F 3D 22 68 74 74 70 73 3A    tvg-logo="https:
00000d30: 2F 2F 74 76 70 6E 6C 6F 67 6F 70 75 73 2E 73 61    //tvpnlogopus.sa
00000d40: 6D 73 75 6E 67 63 6C 6F 75 64 2E 74 76 2F 70 6C    msungcloud.tv/pl
00000d50: 61 74 66 6F 72 6D 2F 69 6D 61 67 65 2F 73 6F 75    atform/image/sou
00000d60: 72 63 65 6C 6F 67 6F 2F 76 63 2F 30 30 2F 30 32    rcelogo/vc/00/02
00000d70: 2F 33 34 2F 55 53 32 35 30 30 30 30 37 35 59 5F    /34/US25000075Y_
00000d80: 32 30 32 35 30 39 32 33 54 30 32 30 35 34 37 53    20250923T020547S
00000d90: 51 55 41 52 45 2E 70 6E 67 22 20 67 72 6F 75 70    QUARE.png" group
00000da0: 2D 74 69 74 6C 65 3D 22 41 63 74 69 6F 6E 20 26    -title="Action &
00000db0: 20 44 72 61 6D 61 22 2C 43 57 20 46 4F 52 45 56     Drama",CW FOREV
00000dc0: 45 52 0A 68 74 74 70 73 3A 2F 2F 6A 6D 70 32 2E    ER.https://jmp2.
00000dd0: 75 6B 2F 73 74 76 70 2D 55 53 32 35 30 30 30 30    uk/stvp-US250000
00000de0: 37 35 59 0A 23 45 58 54 49 4E 46 3A 2D 31 20 63    75Y.#EXTINF:-1 c
00000df0: 68 61 6E 6E 65 6C 2D 69 64 3D 22 55 53 32 35 30    hannel-id="US250
00000e00: 30 30 30 36 33 53 22 20 74 76 67 2D 69 64 3D 22    00063S" tvg-id="
00000e10: 55 53 32 35 30 30 30 30 36 33 53 22 20 74 76 67    US25000063S" tvg
00000e20: 2D 63 68 6E 6F 3D 22 31 35 31 38 22 20 74 76 67    -chno="1518" tvg
00000e30: 2D 6E 61 6D 65 3D 22 43 57 20 47 6F 6C 64 22 20    -name="CW Gold" 
00000e40: 74 76 67 2D 6C 6F 67 6F 3D 22 68 74 74 70 73 3A    tvg-logo="https:
00000e50: 2F 2F 74 76 70 6E 6C 6F 67 6F 70 75 73 2E 73 61    //tvpnlogopus.sa
00000e60: 6D 73 75 6E 67 63 6C 6F 75 64 2E 74 76 2F 70 6C    msungcloud.tv/pl
00000e70: 61 74 66 6F 72 6D 2F 69 6D 61 67 65 2F 73 6F 75    atform/image/sou
00000e80: 72 63 65 6C 6F 67 6F 2F 76 63 2F 30 30 2F 30 32    rcelogo/vc/00/02
00000e90: 2F 33 34 2F 55 53 32 35 30 30 30 30 36 33 53 5F    /34/US25000063S_
00000ea0: 32 30 32 35 30 39 32 33 54 30 32 30 35 35 30 53    20250923T020550S
00000eb0: 51 55 41 52 45 2E 70 6E 67 22 20 67 72 6F 75 70    QUARE.png" group
00000ec0: 2D 74 69 74 6C 65 3D 22 41 63 74 69 6F 6E 20 26    -title="Action &
00000ed0: 20 44 72 61 6D 61 22 2C 43 57 20 47 6F 6C 64 0A     Drama",CW Gold.
00000ee0: 68 74 74 70 73 3A 2F 2F 6A 6D 70 32 2E 75 6B 2F    https://jmp2.uk/
00000ef0: 73 74 76 70 2D 55 53 32 35 30 30 30 30 36 33 53    stvp-US25000063S
00000f00: 0A 23 45 58 54 49 4E 46 3A 2D 31 20 63 68 61 6E    .#EXTINF:-1 chan
00000f10: 6E 65 6C 2D 69 64 3D 22 55 53 42 41 33 30 30 30    nel-id="USBA3000
00000f20: 30 34 54 45 22 20 74 76 67 2D 69 64 3D 22 55 53    04TE" tvg-id="US
00000f30: 42 41 33 30 30 30 30 34 54 45 22 20 74 76 67 2D    BA300004TE" tvg-
00000f40: 63 68 6E 6F 3D 22 32 37 36 39 22 20 74 76 67 2D    chno="2769" tvg-
00000f50: 6E 61 6D 65 3D 22 44 61 6C 6C 61 73 20 43 6F 77    name="Dallas Cow
00000f60: 62 6F 79 73 20 43 68 65 65 72 22 20 74 76 67 2D    boys Cheer" tvg-
00000f70: 6C 6F 67 6F 3D 22 68 74 74 70 73 3A 2F 2F 74 76    logo="https://tv
00000f80: 70 6E 6C 6F 67 6F 70 75 73 2E 73 61 6D 73 75 6E    pnlogopus.samsun
00000f90: 67 63 6C 6F 75 64 2E 74 76 2F 70 6C 61 74 66 6F    gcloud.tv/platfo
00000fa0: 72 6D 2F 69 6D 61 67 65 2F 73 6F 75 72 63 65 6C    rm/image/sourcel
00000fb0: 6F 67 6F 2F 76 63 2F 30 30 2F 30 32 2F 33 34 2F    ogo/vc/00/02/34/
00000fc0: 55 53 42 41 33 30 30 30 30 34 54 45 5F 32 30 32    USBA300004TE_202
00000fd0: 34 31 31 31 32 54 30 30 30 36 32 30 53 51 55 41    41112T000620SQUA
00000fe0: 52 45 2E 70 6E 67 22 20 67 72 6F 75 70 2D 74 69    RE.png" group-ti
00000ff0: 74 6C 65 3D 22 52 65 61 6C 69 74 79 20 43 6F 6D    tle="Reality Com
00001000: 70 65 74 69 74 69 6F 6E 22 2C 44 61 6C 6C 61 73    petition",Dallas
00001010: 20 43 6F 77 62 6F 79 73 20 43 68 65 65 72 0A 68     Cowboys Cheer.h
00001020: 74 74 70 73 3A 2F 2F 6A 6D 70 32 2E 75 6B 2F 73    ttps://jmp2.uk/s
00001030: 74 76 70 2D 55 53 42 41 33 30 30 30 30 34 54 45    tvp-USBA300004TE
00001040: 0A 23 45 58 54 49 4E 46 3A 2D 31 20 63 68 61 6E    .#EXTINF:-1 chan
00001050: 6E 65 6C 2D 69 64 3D 22 55 53 42 43 33 39 30 30    nel-id="USBC3900
00001060: 30 32 31 48 53 22 20 74 76 67 2D 69 64 3D 22 55    021HS" tvg-id="U
00001070: 53 42 43 33 39 30 30 30 32 31 48 53 22 20 74 76    SBC3900021HS" tv
00001080: 67 2D 63 68 6E 6F 3D 22 31 39 31 32 22 20 74 76    g-chno="1912" tv
00001090: 67 2D 6E 61 6D 65 3D 22 44 61 6E 63 65 20 4D 6F    g-name="Dance Mo
000010a0: 6D 73 22 20 74 76 67 2D 6C 6F 67 6F 3D 22 68 74    ms" tvg-logo="ht
000010b0: 74 70 73 3A 2F 2F 74 76 70 6E 6C 6F 67 6F 70 75    tps://tvpnlogopu
000010c0: 73 2E 73 61 6D 73 75 6E 67 63 6C 6F 75 64 2E 74    s.samsungcloud.t
000010d0: 76 2F 70 6C 61 74 66 6F 72 6D 2F 69 6D 61 67 65    v/platform/image
000010e0: 2F 73 6F 75 72 63 65 6C 6F 67 6F 2F 76 63 2F 30    /sourcelogo/vc/0
000010f0: 30 2F 30 32 2F 33 34 2F 55 53 42 43 33 39 30 30    0/02/34/USBC3900
00001100: 30 32 31 48 53 5F 32 30 32 35 31 30 30 36 54 32    021HS_20251006T2
00001110: 32 35 30 32 35 53 51 55 41 52 45 2E 70 6E 67 22    25025SQUARE.png"
00001120: 20 67 72 6F 75 70 2D 74 69 74 6C 65 3D 22 52 65     group-title="Re
00001130: 61 6C 69 74 79 20 54 56 22 2C 44 61 6E 63 65 20    ality TV",Dance 
00001140: 4D 6F 6D 73 0A 68 74 74 70 73 3A 2F 2F 6A 6D 70    Moms.https://jmp
00001150: 32 2E 75 6B 2F 73 74 76 70 2D 55 53 42 43 33 39    2.uk/stvp-USBC39
00001160: 30 30 30 32 31 48 53 0A 23 45 58 54 49 4E 46 3A    00021HS.#EXTINF:
00001170: 2D 31 20 63 68 61 6E 6E 65 6C 2D 69 64 3D 22 55    -1 channel-id="U
00001180: 53 41 4A 33 35 30 34 37 30 38 41 22 20 74 76 67    SAJ3504708A" tvg
00001190: 2D 69 64 3D 22 55 53 41 4A 33 35 30 34 37 30 38    -id="USAJ3504708
000011a0: 41 22 20 74 76 67 2D 63 68 6E 6F 3D 22 31 39 38    A" tvg-chno="198
000011b0: 36 22 20 74 76 67 2D 6E 61 6D 65 3D 22 44 61 6E    6" tvg-name="Dan
000011c0: 67 65 72 54 56 22 20 74 76 67 2D 6C 6F 67 6F 3D    gerTV" tvg-logo=
000011d0: 22 68 74 74 70 73 3A 2F 2F 74 76 70 6E 6C 6F 67    "https://tvpnlog
000011e0: 6F 70 75 73 2E 73 61 6D 73 75 6E 67 63 6C 6F 75    opus.samsungclou
000011f0: 64 2E 74 76 2F 70 6C 61 74 66 6F 72 6D 2F 69 6D    d.tv/platform/im
00001200: 61 67 65 2F 73 6F 75 72 63 65 6C 6F 67 6F 2F 76    age/sourcelogo/v
00001210: 63 2F 30 30 2F 30 32 2F 33 34 2F 55 53 41 4A 33    c/00/02/34/USAJ3
00001220: 35 30 34 37 30 38 41 5F 32 30 32 34 30 35 32 30    504708A_20240520
00001230: 54 32 32 31 31 35 38 53 51 55 41 52 45 2E 70 6E    T221158SQUARE.pn
00001240: 67 22 20 67 72 6F 75 70 2D 74 69 74 6C 65 3D 22    g" group-title="
00001250: 52 65 61 6C 69 74 79 20 54 56 22 2C 44 61 6E 67    Reality TV",Dang
00001260: 65 72 54 56 0A 68 74 74 70 73 3A 2F 2F 6A 6D 70    erTV.https://jmp
00001270: 32 2E 75 6B 2F 73 74 76 70 2D 55 53 41 4A 33 35    2.uk/stvp-USAJ35
00001280: 30 34 37 30 38 41 0A 23 45 58 54 49 4E 46 3A 2D    04708A.#EXTINF:-
00001290: 31 20 63 68 61 6E 6E 65 6C 2D 69 64 3D 22 55 53    1 channel-id="US
000012a0: 42 42 35 32 30 30 30 30 37 42 59 22 20 74 76 67    BB5200007BY" tvg
000012b0: 2D 69 64 3D 22 55 53 42 42 35 32 30 30 30 30 37    -id="USBB5200007
000012c0: 42 59 22 20 74 76 67 2D 63 68 6E 6F 3D 22 31 38    BY" tvg-chno="18
000012d0: 34 30 22 20 74 76 67 2D 6E 61 6D 65 3D 22 44 61    40" tvg-name="Da
000012e0: 74 65 6C 69 6E 65 20 32 34 2F 37 22 20 74 76 67    teline 24/7" tvg
000012f0: 2D 6C 6F 67 6F 3D 22 68 74 74 70 73 3A 2F 2F 74    -logo="https://t
00001300: 76 70 6E 6C 6F 67 6F 70 75 73 2E 73 61 6D 73 75    vpnlogopus.samsu
00001310: 6E 67 63 6C 6F 75 64 2E 74 76 2F 70 6C 61 74 66    ngcloud.tv/platf
00001320: 6F 72 6D 2F 69 6D 61 67 65 2F 73 6F 75 72 63 65    orm/image/source
00001330: 6C 6F 67 6F 2F 76 63 2F 30 30 2F 30 32 2F 33 34    logo/vc/00/02/34
00001340: 2F 55 53 42 42 35 32 30 30 30 30 37 42 59 5F 32    /USBB5200007BY_2
00001350: 30 32 35 30 37 32 39 54 32 31 32 34 30 38 53 51    0250729T212408SQ
00001360: 55 41 52 45 2E 70 6E 67 22 20 67 72 6F 75 70 2D    UARE.png" group-
00001370: 74 69 74 6C 65 3D 22 43 72 69 6D 65 22 2C 44 61    title="Crime",Da
00001380: 74 65 6C 69 6E 65 20 32 34 2F 37 0A 68 74 74 70    teline 24/7.http
00001390: 73 3A 2F 2F 6A 6D 70 32 2E 75 6B 2F 73 74 76 70    s://jmp2.uk/stvp
000013a0: 2D 55 53 42 42 35 32 30 30 30 30 37 42 59 0A 23    -USBB5200007BY.#
000013b0: 45 58 54 49 4E 46 3A 2D 31 20 63 68 61 6E 6E 65    EXTINF:-1 channe
000013c0: 6C 2D 69 64 3D 22 55 53 34 31 30 30 30 30 35 4E    l-id="US4100005N
000013d0: 57 22 20 74 76 67 2D 69 64 3D 22 55 53 34 31 30    W" tvg-id="US410
000013e0: 30 30 30 35 4E 57 22 20 74 76 67 2D 63 68 6E 6F    0005NW" tvg-chno
000013f0: 3D 22 31 35 36 37 22 20 74 76 67 2D 6E 61 6D 65    ="1567" tvg-name
00001400: 3D 22 44 61 77 73 6F 6E 27 73 20 43 72 65 65 6B    ="Dawson's Creek
00001410: 22 20 74 76 67 2D 6C 6F 67 6F 3D 22 68 74 74 70    " tvg-logo="http
00001420: 73 3A 2F 2F 74 76 70 6E 6C 6F 67 6F 70 75 73 2E    s://tvpnlogopus.
00001430: 73 61 6D 73 75 6E 67 63 6C 6F 75 64 2E 74 76 2F    samsungcloud.tv/
00001440: 70 6C 61 74 66 6F 72 6D 2F 69 6D 61 67 65 2F 73    platform/image/s
00001450: 6F 75 72 63 65 6C 6F 67 6F 2F 76 63 2F 30 30 2F    ourcelogo/vc/00/
00001460: 30 32 2F 33 34 2F 55 53 34 31 30 30 30 30 35 4E    02/34/US4100005N
00001470: 57 5F 32 30 32 35 31 31 32 35 54 30 33 30 38 31    W_20251125T03081
00001480: 31 53 51 55 41 52 45 2E 70 6E 67 22 20 67 72 6F    1SQUARE.png" gro
00001490: 75 70 2D 74 69 74 6C 65 3D 22 41 63 74 69 6F 6E    up-title="Action
000014a0: 20 26 20 44 72 61 6D 61 22 2C 44 61 77 73 6F 6E     & Drama",Dawson
000014b0: 27 73 20 43 72 65 65 6B 0A 68 74 74 70 73 3A 2F    's Creek.https:/
000014c0: 2F 6A 6D 70 32 2E 75 6B 2F 73 74 76 70 2D 55 53    /jmp2.uk/stvp-US
000014d0: 34 31 30 30 30 30 35 4E 57 0A 23 45 58 54 49 4E    4100005NW.#EXTIN
000014e0: 46 3A 2D 31 20 63 68 61 6E 6E 65 6C 2D 69 64 3D    F:-1 channel-id=
000014f0: 22 55 53 42 42 34 34 30 30 30 31 37 4E 33 22 20    "USBB4400017N3" 
00001500: 74 76 67 2D 69 64 3D 22 55 53 42 42 34 34 30 30    tvg-id="USBB4400
00001510: 30 31 37 4E 33 22 20 74 76 67 2D 63 68 6E 6F 3D    017N3" tvg-chno=
00001520: 22 32 38 33 30 22 20 74 76 67 2D 6E 61 6D 65 3D    "2830" tvg-name=
00001530: 22 44 65 61 6C 20 6F 72 20 4E 6F 20 44 65 61 6C    "Deal or No Deal
00001540: 22 20 74 76 67 2D 6C 6F 67 6F 3D 22 68 74 74 70    " tvg-logo="http
00001550: 73 3A 2F 2F 74 76 70 6E 6C 6F 67 6F 70 75 73 2E    s://tvpnlogopus.
00001560: 73 61 6D 73 75 6E 67 63 6C 6F 75 64 2E 74 76 2F    samsungcloud.tv/
00001570: 70 6C 61 74 66 6F 72 6D 2F 69 6D 61 67 65 2F 73    platform/image/s
00001580: 6F 75 72 63 65 6C 6F 67 6F 2F 76 63 2F 30 30 2F    ourcelogo/vc/00/
00001590: 30 32 2F 33 34 2F 55 53 42 42 34 34 30 30 30 31    02/34/USBB440001
000015a0: 37 4E 33 5F 32 30 32 34 30 36 32 35 54 30 31 31    7N3_20240625T011
000015b0: 33 30 38 53 51 55 41 52 45 2E 70 6E 67 22 20 67    308SQUARE.png" g
000015c0: 72 6F 75 70 2D 74 69 74 6C 65 3D 22 47 61 6D 65    roup-title="Game
000015d0: 20 53 68 6F 77 73 22 2C 44 65 61 6C 20 6F 72 20     Shows",Deal or 
000015e0: 4E 6F 20 44 65 61 6C 0A 68 74 74 70 73 3A 2F 2F    No Deal.https://
000015f0: 6A 6D 70 32 2E 75 6B 2F 73 74 76 70 2D 55 53 42    jmp2.uk/stvp-USB
00001600: 42 34 34 30 30 30 31 37 4E 33 0A 23 45 58 54 49    B4400017N3.#EXTI
00001610: 4E 46 3A 2D 31 20 63 68 61 6E 6E 65 6C 2D 69 64    NF:-1 channel-id
00001620: 3D 22 55 53 42 42 35 32 30 30 30 32 34 36 4D 22    ="USBB52000246M"
00001630: 20 74 76 67 2D 69 64 3D 22 55 53 42 42 35 32 30     tvg-id="USBB520
00001640: 30 30 32 34 36 4D 22 20 74 76 67 2D 63 68 6E 6F    00246M" tvg-chno
00001650: 3D 22 32 37 37 37 22 20 74 76 67 2D 6E 61 6D 65    ="2777" tvg-name
00001660: 3D 22 44 65 61 6C 20 5A 6F 6E 65 22 20 74 76 67    ="Deal Zone" tvg
00001670: 2D 6C 6F 67 6F 3D 22 68 74 74 70 73 3A 2F 2F 74    -logo="https://t
00001680: 76 70 6E 6C 6F 67 6F 70 75 73 2E 73 61 6D 73 75    vpnlogopus.samsu
00001690: 6E 67 63 6C 6F 75 64 2E 74 76 2F 70 6C 61 74 66    ngcloud.tv/platf
000016a0: 6F 72 6D 2F 69 6D 61 67 65 2F 73 6F 75 72 63 65    orm/image/source
000016b0: 6C 6F 67 6F 2F 76 63 2F 30 30 2F 30 32 2F 33 34    logo/vc/00/02/34
000016c0: 2F 55 53 42 42 35 32 30 30 30 32 34 36 4D 5F 32    /USBB52000246M_2
000016d0: 30 32 35 30 38 30 35 54 30 30 35 37 35 34 53 51    0250805T005754SQ
000016e0: 55 41 52 45 2E 70 6E 67 22 20 67 72 6F 75 70 2D    UARE.png" group-
000016f0: 74 69 74 6C 65 3D 22 52 65 61 6C 69 74 79 20 43    title="Reality C
00001700: 6F 6D 70 65 74 69 74 69 6F 6E 22 2C 44 65 61 6C    ompetition",Deal
00001710: 20 5A 6F 6E 65 0A 68 74 74 70 73 3A 2F 2F 6A 6D     Zone.https://jm
00001720: 70 32 2E 75 6B 2F 73 74 76 70 2D 55 53 42 42 35    p2.uk/stvp-USBB5
00001730: 32 30 30 30 32 34 36 4D 0A 23 45 58 54 49 4E 46    2000246M.#EXTINF
00001740: 3A 2D 31 20 63 68 61 6E 6E 65 6C 2D 69 64 3D 22    :-1 channel-id="
00001750: 55 53 32 39 30 30 30 30 37 48 41 22 20 74 76 67    US2900007HA" tvg
00001760: 2D 69 64 3D 22 55 53 32 39 30 30 30 30 37 48 41    -id="US2900007HA
00001770: 22 20 74 76 67 2D 63 68 6E 6F 3D 22 31 34 31 33    " tvg-chno="1413
00001780: 22 20 74 76 67 2D 6E 61 6D 65 3D 22 44 65 61 74    " tvg-name="Deat
00001790: 68 20 56 61 6C 6C 65 79 20 44 61 79 73 22 20 74    h Valley Days" t
000017a0: 76 67 2D 6C 6F 67 6F 3D 22 68 74 74 70 73 3A 2F    vg-logo="https:/
000017b0: 2F 74 76 70 6E 6C 6F 67 6F 70 75 73 2E 73 61 6D    /tvpnlogopus.sam
000017c0: 73 75 6E 67 63 6C 6F 75 64 2E 74 76 2F 70 6C 61    sungcloud.tv/pla
000017d0: 74 66 6F 72 6D 2F 69 6D 61 67 65 2F 73 6F 75 72    tform/image/sour
000017e0: 63 65 6C 6F 67 6F 2F 76 63 2F 30 30 2F 30 32 2F    celogo/vc/00/02/
000017f0: 33 34 2F 55 53 32 39 30 30 30 30 37 48 41 5F 32    34/US2900007HA_2
00001800: 30 32 34 31 32 31 30 54 30 31 33 38 35 31 53 51    0241210T013851SQ
00001810: 55 41 52 45 2E 70 6E 67 22 20 67 72 6F 75 70 2D    UARE.png" group-
00001820: 74 69 74 6C 65 3D 22 57 65 73 74 65 72 6E 20 26    title="Western &
00001830: 20 43 6C 61 73 73 69 63 20 54 56 22 2C 44 65 61     Classic TV",Dea
00001840: 74 68 20 56 61 6C 6C 65 79 20 44 61 79 73 0A 68    th Valley Days.h
00001850: 74 74 70 73 3A 2F 2F 6A 6D 70 32 2E 75 6B 2F 73    ttps://jmp2.uk/s
00001860: 74 76 70 2D 55 53 32 39 30 30 30 30 37 48 41 0A    tvp-US2900007HA.
00001870: 23 45 58 54 49 4E 46 3A 2D 31 20 63 68 61 6E 6E    #EXTINF:-1 chann
00001880: 65 6C 2D 69 64 3D 22 55 53 42 44 37 30 30 30 31    el-id="USBD70001
00001890: 30 58 55 22 20 74 76 67 2D 69 64 3D 22 55 53 42    0XU" tvg-id="USB
000018a0: 44 37 30 30 30 31 30 58 55 22 20 74 76 67 2D 63    D700010XU" tvg-c
000018b0: 68 6E 6F 3D 22 31 36 32 35 22 20 74 76 67 2D 6E    hno="1625" tvg-n
000018c0: 61 6D 65 3D 22 44 65 67 72 61 73 73 69 22 20 74    ame="Degrassi" t
000018d0: 76 67 2D 6C 6F 67 6F 3D 22 68 74 74 70 73 3A 2F    vg-logo="https:/
000018e0: 2F 74 76 70 6E 6C 6F 67 6F 70 75 73 2E 73 61 6D    /tvpnlogopus.sam
000018f0: 73 75 6E 67 63 6C 6F 75 64 2E 74 76 2F 70 6C 61    sungcloud.tv/pla
00001900: 74 66 6F 72 6D 2F 69 6D 61 67 65 2F 73 6F 75 72    tform/image/sour
00001910: 63 65 6C 6F 67 6F 2F 76 63 2F 30 30 2F 30 32 2F    celogo/vc/00/02/
00001920: 33 34 2F 55 53 42 44 37 30 30 30 31 30 58 55 5F    34/USBD700010XU_
00001930: 32 30 32 34 30 35 32 30 54 32 32 31 34 35 35 53    20240520T221455S
00001940: 51 55 41 52 45 2E 70 6E 67 22 20 67 72 6F 75 70    QUARE.png" group
00001950: 2D 74 69 74 6C 65 3D 22 41 63 74 69 6F 6E 20 26    -title="Action &
00001960: 20 44 72 61 6D 61 22 2C 44 65 67 72 61 73 73 69     Drama",Degrassi
00001970: 0A 68 74 74 70 73 3A 2F 2F 6A 6D 70 32 2E 75 6B    .https://jmp2.uk
00001980: 2F 73 74 76 70 2D 55 53 42 44 37 30 30 30 31 30    /stvp-USBD700010
00001990: 58 55 0A 23 45 58 54 49 4E 46 3A 2D 31 20 63 68    XU.#EXTINF:-1 ch
000019a0: 61 6E 6E 65 6C 2D 69 64 3D 22 55 53 31 38 30 30    annel-id="US1800
000019b0: 30 31 39 4F 43 22 20 74 76 67 2D 69 64 3D 22 55    019OC" tvg-id="U
000019c0: 53 31 38 30 30 30 31 39 4F 43 22 20 74 76 67 2D    S1800019OC" tvg-
000019d0: 63 68 6E 6F 3D 22 31 35 33 35 22 20 74 76 67 2D    chno="1535" tvg-
000019e0: 6E 61 6D 65 3D 22 44 65 73 69 67 6E 61 74 65 64    name="Designated
000019f0: 20 53 75 72 76 69 76 6F 72 22 20 74 76 67 2D 6C     Survivor" tvg-l
00001a00: 6F 67 6F 3D 22 68 74 74 70 73 3A 2F 2F 74 76 70    ogo="https://tvp
00001a10: 6E 6C 6F 67 6F 70 75 73 2E 73 61 6D 73 75 6E 67    nlogopus.samsung
00001a20: 63 6C 6F 75 64 2E 74 76 2F 70 6C 61 74 66 6F 72    cloud.tv/platfor
00001a30: 6D 2F 69 6D 61 67 65 2F 73 6F 75 72 63 65 6C 6F    m/image/sourcelo
00001a40: 67 6F 2F 76 63 2F 30 30 2F 30 32 2F 33 34 2F 55    go/vc/00/02/34/U
00001a50: 53 31 38 30 30 30 31 39 4F 43 5F 32 30 32 35 31    S1800019OC_20251
00001a60: 31 31 30 54 32 33 35 30 35 37 53 51 55 41 52 45    110T235057SQUARE
00001a70: 2E 70 6E 67 22 20 67 72 6F 75 70 2D 74 69 74 6C    .png" group-titl
00001a80: 65 3D 22 41 63 74 69 6F 6E 20 26 20 44 72 61 6D    e="Action & Dram
00001a90: 61 22 2C 44 65 73 69 67 6E 61 74 65 64 20 53 75    a",Designated Su
00001aa0: 72 76 69 76 6F 72 0A 68 74 74 70 73 3A 2F 2F 6A    rvivor.https://j
00001ab0: 6D 70 32 2E 75 6B 2F 73 74 76 70 2D 55 53 31 38    mp2.uk/stvp-US18
00001ac0: 30 30 30 31 39 4F 43 0A 23 45 58 54 49 4E 46 3A    00019OC.#EXTINF:
00001ad0: 2D 31 20 63 68 61 6E 6E 65 6C 2D 69 64 3D 22 55    -1 channel-id="U
00001ae0: 53 32 31 30 30 30 30 35 57 53 22 20 74 76 67 2D    S2100005WS" tvg-
00001af0: 69 64 3D 22 55 53 32 31 30 30 30 30 35 57 53 22    id="US2100005WS"
00001b00: 20 74 76 67 2D 63 68 6E 6F 3D 22 31 35 37 35 22     tvg-chno="1575"
00001b10: 20 74 76 67 2D 6E 61 6D 65 3D 22 44 68 61 72 20     tvg-name="Dhar 
00001b20: 4D 61 6E 6E 20 54 56 22 20 74 76 67 2D 6C 6F 67    Mann TV" tvg-log
00001b30: 6F 3D 22 68 74 74 70 73 3A 2F 2F 74 76 70 6E 6C    o="https://tvpnl
00001b40: 6F 67 6F 70 75 73 2E 73 61 6D 73 75 6E 67 63 6C    ogopus.samsungcl
00001b50: 6F 75 64 2E 74 76 2F 70 6C 61 74 66 6F 72 6D 2F    oud.tv/platform/
00001b60: 69 6D 61 67 65 2F 73 6F 75 72 63 65 6C 6F 67 6F    image/sourcelogo
00001b70: 2F 76 63 2F 30 30 2F 30 32 2F 33 34 2F 55 53 32    /vc/00/02/34/US2
00001b80: 31 30 30 30 30 35 57 53 5F 32 30 32 35 31 30 31    100005WS_2025101
00001b90: 33 54 32 33 35 37 30 35 53 51 55 41 52 45 2E 70    3T235705SQUARE.p
00001ba0: 6E 67 22 20 67 72 6F 75 70 2D 74 69 74 6C 65 3D    ng" group-title=
00001bb0: 22 41 63 74 69 6F 6E 20 26 20 44 72 61 6D 61 22    "Action & Drama"
00001bc0: 2C 44 68 61 72 20 4D 61 6E 6E 20 54 56 0A 68 74    ,Dhar Mann TV.ht
00001bd0: 74 70 73 3A 2F 2F 6A 6D 70 32 2E 75 6B 2F 73 74    tps://jmp2.uk/st
00001be0: 76 70 2D 55 53 32 31 30 30 30 30 35 57 53 0A 23    vp-US2100005WS.#
00001bf0: 45 58 54 49 4E 46 3A 2D 31 20 63 68 61 6E 6E 65    EXTINF:-1 channe
00001c00: 6C 2D 69 64 3D 22 55 53 33 37 30 30 30 30 36 58    l-id="US3700006X
00001c10: 45 22 20 74 76 67 2D 69 64 3D 22 55 53 33 37 30    E" tvg-id="US370
00001c20: 30 30 30 36 58 45 22 20 74 76 67 2D 63 68 6E 6F    0006XE" tvg-chno
00001c30: 3D 22 33 35 32 34 22 20 74 76 67 2D 6E 61 6D 65    ="3524" tvg-name
00001c40: 3D 22 44 69 6E 6F 73 20 32 34 2F 37 22 20 74 76    ="Dinos 24/7" tv
00001c50: 67 2D 6C 6F 67 6F 3D 22 68 74 74 70 73 3A 2F 2F    g-logo="https://
00001c60: 74 76 70 6E 6C 6F 67 6F 70 75 73 2E 73 61 6D 73    tvpnlogopus.sams
00001c70: 75 6E 67 63 6C 6F 75 64 2E 74 76 2F 70 6C 61 74    ungcloud.tv/plat
00001c80: 66 6F 72 6D 2F 69 6D 61 67 65 2F 73 6F 75 72 63    form/image/sourc
00001c90: 65 6C 6F 67 6F 2F 76 63 2F 30 30 2F 30 32 2F 33    elogo/vc/00/02/3
00001ca0: 34 2F 55 53 33 37 30 30 30 30 36 58 45 5F 32 30    4/US3700006XE_20
00001cb0: 32 34 31 32 30 33 54 30 30 34 38 32 30 53 51 55    241203T004820SQU
00001cc0: 41 52 45 2E 70 6E 67 22 20 67 72 6F 75 70 2D 74    ARE.png" group-t
00001cd0: 69 74 6C 65 3D 22 4E 61 74 75 72 65 2C 20 48 69    itle="Nature, Hi
00001ce0: 73 74 6F 72 79 20 26 20 53 63 69 65 6E 63 65 22    story & Science"
00001cf0: 2C 44 69 6E 6F 73 20 32 34 2F 37 0A 68 74 74 70    ,Dinos 24/7.http
00001d00: 73 3A 2F 2F 6A 6D 70 32 2E 75 6B 2F 73 74 76 70    s://jmp2.uk/stvp
00001d10: 2D 55 53 33 37 30 30 30 30 36 58 45 0A 23 45 58    -US3700006XE.#EX
00001d20: 54 49 4E 46 3A 2D 31 20 63 68 61 6E 6E 65 6C 2D    TINF:-1 channel-
00001d30: 69 64 3D 22 55 53 42 44 33 30 30 30 30 36 41 36    id="USBD300006A6
00001d40: 22 20 74 76 67 2D 69 64 3D 22 55 53 42 44 33 30    " tvg-id="USBD30
00001d50: 30 30 30 36 41 36 22 20 74 76 67 2D 63 68 6E 6F    0006A6" tvg-chno
00001d60: 3D 22 32 39 33 34 22 20 74 76 67 2D 6E 61 6D 65    ="2934" tvg-name
00001d70: 3D 22 44 69 76 6F 72 63 65 20 43 6F 75 72 74 22    ="Divorce Court"
00001d80: 20 74 76 67 2D 6C 6F 67 6F 3D 22 68 74 74 70 73     tvg-logo="https
00001d90: 3A 2F 2F 74 76 70 6E 6C 6F 67 6F 70 75 73 2E 73    ://tvpnlogopus.s
00001da0: 61 6D 73 75 6E 67 63 6C 6F 75 64 2E 74 76 2F 70    amsungcloud.tv/p
00001db0: 6C 61 74 66 6F 72 6D 2F 69 6D 61 67 65 2F 73 6F    latform/image/so
00001dc0: 75 72 63 65 6C 6F 67 6F 2F 76 63 2F 30 30 2F 30    urcelogo/vc/00/0
00001dd0: 32 2F 33 34 2F 55 53 42 44 33 30 30 30 30 36 41    2/34/USBD300006A
00001de0: 36 5F 32 30 32 35 30 32 31 31 54 30 32 31 37 32    6_20250211T02172
00001df0: 31 53 51 55 41 52 45 2E 70 6E 67 22 20 67 72 6F    1SQUARE.png" gro
00001e00: 75 70 2D 74 69 74 6C 65 3D 22 4C 69 66 65 73 74    up-title="Lifest
00001e10: 79 6C 65 20 26 20 50 6F 70 20 43 75 6C 74 75 72    yle & Pop Cultur
00001e20: 65 22 2C 44 69 76 6F 72 63 65 20 43 6F 75 72 74    e",Divorce Court
00001e30: 0A 68 74 74 70 73 3A 2F 2F 6A 6D 70 32 2E 75 6B    .https://jmp2.uk
00001e40: 2F 73 74 76 70 2D 55 53 42 44 33 30 30 30 30 36    /stvp-USBD300006
00001e50: 41 36 0A 23 45 58 54 49 4E 46 3A 2D 31 20 63 68    A6.#EXTINF:-1 ch
00001e60: 61 6E 6E 65 6C 2D 69 64 3D 22 55 53 41 4A 33 35    annel-id="USAJ35
00001e70: 30 34 37 30 31 41 22 20 74 76 67 2D 69 64 3D 22    04701A" tvg-id="
00001e80: 55 53 41 4A 33 35 30 34 37 30 31 41 22 20 74 76    USAJ3504701A" tv
00001e90: 67 2D 63 68 6E 6F 3D 22 32 39 34 36 22 20 74 76    g-chno="2946" tv
00001ea0: 67 2D 6E 61 6D 65 3D 22 44 6F 63 75 6D 65 6E 74    g-name="Document
00001eb0: 61 72 79 2B 22 20 74 76 67 2D 6C 6F 67 6F 3D 22    ary+" tvg-logo="
00001ec0: 68 74 74 70 73 3A 2F 2F 74 76 70 6E 6C 6F 67 6F    https://tvpnlogo
00001ed0: 70 75 73 2E 73 61 6D 73 75 6E 67 63 6C 6F 75 64    pus.samsungcloud
00001ee0: 2E 74 76 2F 70 6C 61 74 66 6F 72 6D 2F 69 6D 61    .tv/platform/ima
00001ef0: 67 65 2F 73 6F 75 72 63 65 6C 6F 67 6F 2F 76 63    ge/sourcelogo/vc
00001f00: 2F 30 30 2F 30 32 2F 33 34 2F 55 53 41 4A 33 35    /00/02/34/USAJ35
00001f10: 30 34 37 30 31 41 5F 32 30 32 34 30 37 33 30 54    04701A_20240730T
00001f20: 32 32 32 35 31 35 53 51 55 41 52 45 2E 70 6E 67    222515SQUARE.png
00001f30: 22 20 67 72 6F 75 70 2D 74 69 74 6C 65 3D 22 4C    " group-title="L
00001f40: 69 66 65 73 74 79 6C 65 20 26 20 50 6F 70 20 43    ifestyle & Pop C
00001f50: 75 6C 74 75 72 65 22 2C 44 6F 63 75 6D 65 6E 74    ulture",Document
00001f60: 61 72 79 2B 0A 68 74 74 70 73 3A 2F 2F 6A 6D 70    ary+.https://jmp
00001f70: 32 2E 75 6B 2F 73 74 76 70 2D 55 53 41 4A 33 35    2.uk/stvp-USAJ35
00001f80: 30 34 37 30 31 41 0A 23 45 58 54 49 4E 46 3A 2D    04701A.#EXTINF:-
00001f90: 31 20 63 68 61 6E 6E 65 6C 2D 69 64 3D 22 55 53    1 channel-id="US
00001fa0: 39 30 30 30 30 32 49 48 22 20 74 76 67 2D 69 64    900002IH" tvg-id
00001fb0: 3D 22 55 53 39 30 30 30 30 32 49 48 22 20 74 76    ="US900002IH" tv
00001fc0: 67 2D 63 68 6E 6F 3D 22 31 39 36 36 22 20 74 76    g-chno="1966" tv
00001fd0: 67 2D 6E 61 6D 65 3D 22 44 6F 67 20 74 68 65 20    g-name="Dog the 
00001fe0: 42 6F 75 6E 74 79 20 48 75 6E 74 65 72 22 20 74    Bounty Hunter" t
00001ff0: 76 67 2D 6C 6F 67 6F 3D 22 68 74 74 70 73 3A 2F    vg-logo="https:/
00002000: 2F 74 76 70 6E 6C 6F 67 6F 70 75 73 2E 73 61 6D    /tvpnlogopus.sam
00002010: 73 75 6E 67 63 6C 6F 75 64 2E 74 76 2F 70 6C 61    sungcloud.tv/pla
00002020: 74 66 6F 72 6D 2F 69 6D 61 67 65 2F 73 6F 75 72    tform/image/sour
00002030: 63 65 6C 6F 67 6F 2F 76 63 2F 30 30 2F 30 32 2F    celogo/vc/00/02/
00002040: 33 34 2F 55 53 39 30 30 30 30 32 49 48 5F 32 30    34/US900002IH_20
00002050: 32 35 30 38 30 35 54 30 30 35 37 35 36 53 51 55    250805T005756SQU
00002060: 41 52 45 2E 70 6E 67 22 20 67 72 6F 75 70 2D 74    ARE.png" group-t
00002070: 69 74 6C 65 3D 22 52 65 61 6C 69 74 79 20 54 56    itle="Reality TV
00002080: 22 2C 44 6F 67 20 74 68 65 20 42 6F 75 6E 74 79    ",Dog the Bounty
00002090: 20 48 75 6E 74 65 72 0A 68 74 74 70 73 3A 2F 2F     Hunter.https://
000020a0: 6A 6D 70 32 2E 75 6B 2F 73 74 76 70 2D 55 53 39    jmp2.uk/stvp-US9
000020b0: 30 30 30 30 32 49 48 0A 23 45 58 54 49 4E 46 3A    00002IH.#EXTINF:
000020c0: 2D 31 20 63 68 61 6E 6E 65 6C 2D 69 64 3D 22 55    -1 channel-id="U
000020d0: 53 33 34 30 30 30 30 31 46 58 22 20 74 76 67 2D    S3400001FX" tvg-
000020e0: 69 64 3D 22 55 53 33 34 30 30 30 30 31 46 58 22    id="US3400001FX"
000020f0: 20 74 76 67 2D 63 68 6E 6F 3D 22 33 35 31 33 22     tvg-chno="3513"
00002100: 20 74 76 67 2D 6E 61 6D 65 3D 22 44 6F 67 20 57     tvg-name="Dog W
00002110: 68 69 73 70 65 72 65 72 22 20 74 76 67 2D 6C 6F    hisperer" tvg-lo
00002120: 67 6F 3D 22 68 74 74 70 73 3A 2F 2F 74 76 70 6E    go="https://tvpn
00002130: 6C 6F 67 6F 70 75 73 2E 73 61 6D 73 75 6E 67 63    logopus.samsungc
00002140: 6C 6F 75 64 2E 74 76 2F 70 6C 61 74 66 6F 72 6D    loud.tv/platform
00002150: 2F 69 6D 61 67 65 2F 73 6F 75 72 63 65 6C 6F 67    /image/sourcelog
00002160: 6F 2F 76 63 2F 30 30 2F 30 32 2F 33 34 2F 55 53    o/vc/00/02/34/US
00002170: 33 34 30 30 30 30 31 46 58 5F 32 30 32 34 31 31    3400001FX_202411
00002180: 30 35 54 30 32 34 33 33 33 53 51 55 41 52 45 2E    05T024333SQUARE.
00002190: 70 6E 67 22 20 67 72 6F 75 70 2D 74 69 74 6C 65    png" group-title
000021a0: 3D 22 4E 61 74 75 72 65 2C 20 48 69 73 74 6F 72    ="Nature, Histor
000021b0: 79 20 26 20 53 63 69 65 6E 63 65 22 2C 44 6F 67    y & Science",Dog
000021c0: 20 57 68 69 73 70 65 72 65 72 0A 68 74 74 70 73     Whisperer.https
000021d0: 3A 2F 2F 6A 6D 70 32 2E 75 6B 2F 73 74 76 70 2D    ://jmp2.uk/stvp-
000021e0: 55 53 33 34 30 30 30 30 31 46 58 0A 23 45 58 54    US3400001FX.#EXT
000021f0: 49 4E 46 3A 2D 31 20 63 68 61 6E 6E 65 6C 2D 69    INF:-1 channel-i
00002200: 64 3D 22 55 53 31 37 30 30 30 32 38 31 54 22 20    d="US17000281T" 
00002210: 74 76 67 2D 69 64 3D 22 55 53 31 37 30 30 30 32    tvg-id="US170002
00002220: 38 31 54 22 20 74 76 67 2D 63 68 6E 6F 3D 22 32    81T" tvg-chno="2
00002230: 35 34 33 22 20 74 76 67 2D 6E 61 6D 65 3D 22 44    543" tvg-name="D
00002240: 6F 6E 75 74 22 20 74 76 67 2D 6C 6F 67 6F 3D 22    onut" tvg-logo="
00002250: 68 74 74 70 73 3A 2F 2F 74 76 70 6E 6C 6F 67 6F    https://tvpnlogo
00002260: 70 75 73 2E 73 61 6D 73 75 6E 67 63 6C 6F 75 64    pus.samsungcloud
00002270: 2E 74 76 2F 70 6C 61 74 66 6F 72 6D 2F 69 6D 61    .tv/platform/ima
00002280: 67 65 2F 73 6F 75 72 63 65 6C 6F 67 6F 2F 76 63    ge/sourcelogo/vc
00002290: 2F 30 30 2F 30 32 2F 33 34 2F 55 53 31 37 30 30    /00/02/34/US1700
000022a0: 30 32 38 31 54 5F 32 30 32 35 31 30 32 38 54 30    0281T_20251028T0
000022b0: 31 31 31 30 30 53 51 55 41 52 45 2E 70 6E 67 22    11100SQUARE.png"
000022c0: 20 67 72 6F 75 70 2D 74 69 74 6C 65 3D 22 4D 6F     group-title="Mo
000022d0: 74 6F 72 20 53 70 6F 72 74 73 22 2C 44 6F 6E 75    tor Sports",Donu
000022e0: 74 0A 68 74 74 70 73 3A 2F 2F 6A 6D 70 32 2E 75    t.https://jmp2.u
000022f0: 6B 2F 73 74 76 70 2D 55 53 31 37 30 30 30 32 38    k/stvp-US1700028
00002300: 31 54 0A 23 45 58 54 49 4E 46 3A 2D 31 20 63 68    1T.#EXTINF:-1 ch
00002310: 61 6E 6E 65 6C 2D 69 64 3D 22 55 53 42 44 37 30    annel-id="USBD70
00002320: 30 30 31 36 4A 59 22 20 74 76 67 2D 69 64 3D 22    0016JY" tvg-id="
00002330: 55 53 42 44 37 30 30 30 31 36 4A 59 22 20 74 76    USBD700016JY" tv
00002340: 67 2D 63 68 6E 6F 3D 22 31 36 32 30 22 20 74 76    g-chno="1620" tv
00002350: 67 2D 6E 61 6D 65 3D 22 44 6F 76 65 20 43 68 61    g-name="Dove Cha
00002360: 6E 6E 65 6C 22 20 74 76 67 2D 6C 6F 67 6F 3D 22    nnel" tvg-logo="
00002370: 68 74 74 70 73 3A 2F 2F 74 76 70 6E 6C 6F 67 6F    https://tvpnlogo
00002380: 70 75 73 2E 73 61 6D 73 75 6E 67 63 6C 6F 75 64    pus.samsungcloud
00002390: 2E 74 76 2F 70 6C 61 74 66 6F 72 6D 2F 69 6D 61    .tv/platform/ima
000023a0: 67 65 2F 73 6F 75 72 63 65 6C 6F 67 6F 2F 76 63    ge/sourcelogo/vc
000023b0: 2F 30 30 2F 30 32 2F 33 34 2F 55 53 42 44 37 30    /00/02/34/USBD70
000023c0: 30 30 31 36 4A 59 5F 32 30 32 35 30 32 31 31 54    0016JY_20250211T
000023d0: 30 32 31 36 35 31 53 51 55 41 52 45 2E 70 6E 67    021651SQUARE.png
000023e0: 22 20 67 72 6F 75 70 2D 74 69 74 6C 65 3D 22 41    " group-title="A
000023f0: 63 74 69 6F 6E 20 26 20 44 72 61 6D 61 22 2C 44    ction & Drama",D
00002400: 6F 76 65 20 43 68 61 6E 6E 65 6C 0A 68 74 74 70    ove Channel.http
00002410: 73 3A 2F 2F 6A 6D 70 32 2E 75 6B 2F 73 74 76 70    s://jmp2.uk/stvp
00002420: 2D 55 53 42 44 37 30 30 30 31 36 4A 59 0A 23 45    -USBD700016JY.#E
00002430: 58 54 49 4E 46 3A 2D 31 20 63 68 61 6E 6E 65 6C    XTINF:-1 channel
00002440: 2D 69 64 3D 22 55 53 34 36 30 30 30 31 30 4B 45    -id="US4600010KE
00002450: 22 20 74 76 67 2D 69 64 3D 22 55 53 34 36 30 30    " tvg-id="US4600
00002460: 30 31 30 4B 45 22 20 74 76 67 2D 63 68 6E 6F 3D    010KE" tvg-chno=
00002470: 22 32 34 33 37 22 20 74 76 67 2D 6E 61 6D 65 3D    "2437" tvg-name=
00002480: 22 44 50 20 57 6F 72 6C 64 20 54 6F 75 72 22 20    "DP World Tour" 
00002490: 74 76 67 2D 6C 6F 67 6F 3D 22 68 74 74 70 73 3A    tvg-logo="https:
000024a0: 2F 2F 74 76 70 6E 6C 6F 67 6F 70 75 73 2E 73 61    //tvpnlogopus.sa
000024b0: 6D 73 75 6E 67 63 6C 6F 75 64 2E 74 76 2F 70 6C    msungcloud.tv/pl
000024c0: 61 74 66 6F 72 6D 2F 69 6D 61 67 65 2F 73 6F 75    atform/image/sou
000024d0: 72 63 65 6C 6F 67 6F 2F 76 63 2F 30 30 2F 30 32    rcelogo/vc/00/02
000024e0: 2F 33 34 2F 55 53 34 36 30 30 30 31 30 4B 45 5F    /34/US4600010KE_
000024f0: 32 30 32 35 30 32 30 34 54 30 31 34 33 30 30 53    20250204T014300S
00002500: 51 55 41 52 45 2E 70 6E 67 22 20 67 72 6F 75 70    QUARE.png" group
00002510: 2D 74 69 74 6C 65 3D 22 53 70 6F 72 74 73 20 26    -title="Sports &
00002520: 20 4F 75 74 64 6F 6F 72 73 22 2C 44 50 20 57 6F     Outdoors",DP Wo
00002530: 72 6C 64 20 54 6F 75 72 0A 68 74 74 70 73 3A 2F    rld Tour.https:/
00002540: 2F 6A 6D 70 32 2E 75 6B 2F 73 74 76 70 2D 55 53    /jmp2.uk/stvp-US
00002550: 34 36 30 30 30 31 30 4B 45 0A 23 45 58 54 49 4E    4600010KE.#EXTIN
00002560: 46 3A 2D 31 20 63 68 61 6E 6E 65 6C 2D 69 64 3D    F:-1 channel-id=
00002570: 22 55 53 37 30 30 30 31 34 37 35 22 20 74 76 67    "US70001475" tvg
00002580: 2D 69 64 3D 22 55 53 37 30 30 30 31 34 37 35 22    -id="US70001475"
00002590: 20 74 76 67 2D 63 68 6E 6F 3D 22 32 39 32 36 22     tvg-chno="2926"
000025a0: 20 74 76 67 2D 6E 61 6D 65 3D 22 44 72 20 50 68     tvg-name="Dr Ph
000025b0: 69 6C 27 73 20 4D 65 72 69 74 54 56 22 20 74 76    il's MeritTV" tv
000025c0: 67 2D 6C 6F 67 6F 3D 22 68 74 74 70 73 3A 2F 2F    g-logo="https://
000025d0: 74 76 70 6E 6C 6F 67 6F 70 75 73 2E 73 61 6D 73    tvpnlogopus.sams
000025e0: 75 6E 67 63 6C 6F 75 64 2E 74 76 2F 70 6C 61 74    ungcloud.tv/plat
000025f0: 66 6F 72 6D 2F 69 6D 61 67 65 2F 73 6F 75 72 63    form/image/sourc
00002600: 65 6C 6F 67 6F 2F 76 63 2F 30 30 2F 30 32 2F 33    elogo/vc/00/02/3
00002610: 34 2F 55 53 37 30 30 30 31 34 37 35 5F 32 30 32    4/US70001475_202
00002620: 35 30 37 30 37 54 32 33 34 34 30 37 53 51 55 41    50707T234407SQUA
00002630: 52 45 2E 70 6E 67 22 20 67 72 6F 75 70 2D 74 69    RE.png" group-ti
00002640: 74 6C 65 3D 22 4C 69 66 65 73 74 79 6C 65 20 26    tle="Lifestyle &
00002650: 20 50 6F 70 20 43 75 6C 74 75 72 65 22 2C 44 72     Pop Culture",Dr
00002660: 20 50 68 69 6C 27 73 20 4D 65 72 69 74 54 56 0A     Phil's MeritTV.
00002670: 68 74 74 70 73 3A 2F 2F 6A 6D 70 32 2E 75 6B 2F    https://jmp2.uk/
00002680: 73 74 76 70 2D 55 53 37 30 30 30 31 34 37 35 0A    stvp-US70001475.
00002690: 23 45 58 54 49 4E 46 3A 2D 31 20 63 68 61 6E 6E    #EXTINF:-1 chann
000026a0: 65 6C 2D 69 64 3D 22 55 53 42 42 33 32 30 30 30    el-id="USBB32000
000026b0: 30 34 58 33 22 20 74 76 67 2D 69 64 3D 22 55 53    04X3" tvg-id="US
000026c0: 42 42 33 32 30 30 30 30 34 58 33 22 20 74 76 67    BB3200004X3" tvg
000026d0: 2D 63 68 6E 6F 3D 22 31 38 32 37 22 20 74 76 67    -chno="1827" tvg
000026e0: 2D 6E 61 6D 65 3D 22 44 72 2E 20 47 3A 20 4D 65    -name="Dr. G: Me
000026f0: 64 69 63 61 6C 20 45 78 61 6D 69 6E 65 72 22 20    dical Examiner" 
00002700: 74 76 67 2D 6C 6F 67 6F 3D 22 68 74 74 70 73 3A    tvg-logo="https:
00002710: 2F 2F 74 76 70 6E 6C 6F 67 6F 70 75 73 2E 73 61    //tvpnlogopus.sa
00002720: 6D 73 75 6E 67 63 6C 6F 75 64 2E 74 76 2F 70 6C    msungcloud.tv/pl
00002730: 61 74 66 6F 72 6D 2F 69 6D 61 67 65 2F 73 6F 75    atform/image/sou
00002740: 72 63 65 6C 6F 67 6F 2F 76 63 2F 30 30 2F 30 32    rcelogo/vc/00/02
00002750: 2F 33 34 2F 55 53 42 42 33 32 30 30 30 30 34 58    /34/USBB3200004X
00002760: 33 5F 32 30 32 34 30 36 32 35 54 30 31 31 33 34    3_20240625T01134
00002770: 37 53 51 55 41 52 45 2E 70 6E 67 22 20 67 72 6F    7SQUARE.png" gro
00002780: 75 70 2D 74 69 74 6C 65 3D 22 43 72 69 6D 65 22    up-title="Crime"
00002790: 2C 44 72 2E 20 47 3A 20 4D 65 64 69 63 61 6C 20    ,Dr. G: Medical 
000027a0: 45 78 61 6D 69 6E 65 72 0A 68 74 74 70 73 3A 2F    Examiner.https:/
000027b0: 2F 6A 6D 70 32 2E 75 6B 2F 73 74 76 70 2D 55 53    /jmp2.uk/stvp-US
000027c0: 42 42 33 32 30 30 30 30 34 58 33 0A 23 45 58 54    BB3200004X3.#EXT
000027d0: 49 4E 46 3A 2D 31 20 63 68 61 6E 6E 65 6C 2D 69    INF:-1 channel-i
000027e0: 64 3D 22 55 53 42 44 37 30 30 30 31 33 42 57 22    d="USBD700013BW"
000027f0: 20 74 76 67 2D 69 64 3D 22 55 53 42 44 37 30 30     tvg-id="USBD700
00002800: 30 31 33 42 57 22 20 74 76 67 2D 63 68 6E 6F 3D    013BW" tvg-chno=
00002810: 22 32 33 35 38 22 20 74 76 67 2D 6E 61 6D 65 3D    "2358" tvg-name=
00002820: 22 44 72 61 66 74 4B 69 6E 67 73 20 4E 65 74 77    "DraftKings Netw
00002830: 6F 72 6B 22 20 74 76 67 2D 6C 6F 67 6F 3D 22 68    ork" tvg-logo="h
00002840: 74 74 70 73 3A 2F 2F 74 76 70 6E 6C 6F 67 6F 70    ttps://tvpnlogop
00002850: 75 73 2E 73 61 6D 73 75 6E 67 63 6C 6F 75 64 2E    us.samsungcloud.
00002860: 74 76 2F 70 6C 61 74 66 6F 72 6D 2F 69 6D 61 67    tv/platform/imag
00002870: 65 2F 73 6F 75 72 63 65 6C 6F 67 6F 2F 76 63 2F    e/sourcelogo/vc/
00002880: 30 30 2F 30 32 2F 33 34 2F 55 53 42 44 37 30 30    00/02/34/USBD700
00002890: 30 31 33 42 57 5F 32 30 32 35 31 32 30 32 54 30    013BW_20251202T0
000028a0: 30 35 39 31 31 53 51 55 41 52 45 2E 70 6E 67 22    05911SQUARE.png"
000028b0: 20 67 72 6F 75 70 2D 74 69 74 6C 65 3D 22 53 70     group-title="Sp
000028c0: 6F 72 74 73 20 26 20 4F 75 74 64 6F 6F 72 73 22    orts & Outdoors"
000028d0: 2C 44 72 61 66 74 4B 69 6E 67 73 20 4E 65 74 77    ,DraftKings Netw
000028e0: 6F 72 6B 0A 68 74 74 70 73 3A 2F 2F 6A 6D 70 32    ork.https://jmp2
000028f0: 2E 75 6B 2F 73 74 76 70 2D 55 53 42 44 37 30 30    .uk/stvp-USBD700
00002900: 30 31 33 42 57 0A 23 45 58 54 49 4E 46 3A 2D 31    013BW.#EXTINF:-1
00002910: 20 63 68 61 6E 6E 65 6C 2D 69 64 3D 22 55 53 41     channel-id="USA
00002920: 4A 32 36 30 30 30 30 31 35 59 22 20 74 76 67 2D    J26000015Y" tvg-
00002930: 69 64 3D 22 55 53 41 4A 32 36 30 30 30 30 31 35    id="USAJ26000015
00002940: 59 22 20 74 76 67 2D 63 68 6E 6F 3D 22 31 35 36    Y" tvg-chno="156
00002950: 35 22 20 74 76 67 2D 6E 61 6D 65 3D 22 44 72 61    5" tvg-name="Dra
00002960: 6D 61 20 4C 69 66 65 22 20 74 76 67 2D 6C 6F 67    ma Life" tvg-log
00002970: 6F 3D 22 68 74 74 70 73 3A 2F 2F 74 76 70 6E 6C    o="https://tvpnl
00002980: 6F 67 6F 70 75 73 2E 73 61 6D 73 75 6E 67 63 6C    ogopus.samsungcl
00002990: 6F 75 64 2E 74 76 2F 70 6C 61 74 66 6F 72 6D 2F    oud.tv/platform/
000029a0: 69 6D 61 67 65 2F 73 6F 75 72 63 65 6C 6F 67 6F    image/sourcelogo
000029b0: 2F 76 63 2F 30 30 2F 30 32 2F 33 34 2F 55 53 41    /vc/00/02/34/USA
000029c0: 4A 32 36 30 30 30 30 31 35 59 5F 32 30 32 34 31    J26000015Y_20241
000029d0: 31 31 32 54 30 30 30 36 32 32 53 51 55 41 52 45    112T000622SQUARE
000029e0: 2E 70 6E 67 22 20 67 72 6F 75 70 2D 74 69 74 6C    .png" group-titl
000029f0: 65 3D 22 41 63 74 69 6F 6E 20 26 20 44 72 61 6D    e="Action & Dram
00002a00: 61 22 2C 44 72 61 6D 61 20 4C 69 66 65 0A 68 74    a",Drama Life.ht
00002a10: 74 70 73 3A 2F 2F 6A 6D 70 32 2E 75 6B 2F 73 74    tps://jmp2.uk/st
00002a20: 76 70 2D 55 53 41 4A 32 36 30 30 30 30 31 35 59    vp-USAJ26000015Y
00002a30: 0A 23 45 58 54 49 4E 46 3A 2D 31 20 63 68 61 6E    .#EXTINF:-1 chan
00002a40: 6E 65 6C 2D 69 64 3D 22 55 53 32 31 30 30 30 31    nel-id="US210001
00002a50: 31 4C 47 22 20 74 76 67 2D 69 64 3D 22 55 53 32    1LG" tvg-id="US2
00002a60: 31 30 30 30 31 31 4C 47 22 20 74 76 67 2D 63 68    100011LG" tvg-ch
00002a70: 6E 6F 3D 22 32 31 31 37 22 20 74 76 67 2D 6E 61    no="2117" tvg-na
00002a80: 6D 65 3D 22 44 72 6F 6F 6C 22 20 74 76 67 2D 6C    me="Drool" tvg-l
00002a90: 6F 67 6F 3D 22 68 74 74 70 73 3A 2F 2F 74 76 70    ogo="https://tvp
00002aa0: 6E 6C 6F 67 6F 70 75 73 2E 73 61 6D 73 75 6E 67    nlogopus.samsung
00002ab0: 63 6C 6F 75 64 2E 74 76 2F 70 6C 61 74 66 6F 72    cloud.tv/platfor
00002ac0: 6D 2F 69 6D 61 67 65 2F 73 6F 75 72 63 65 6C 6F    m/image/sourcelo
00002ad0: 67 6F 2F 76 63 2F 30 30 2F 30 32 2F 33 34 2F 55    go/vc/00/02/34/U
00002ae0: 53 32 31 30 30 30 31 31 4C 47 5F 32 30 32 35 31    S2100011LG_20251
00002af0: 30 32 38 54 30 31 31 31 30 33 53 51 55 41 52 45    028T011103SQUARE
00002b00: 2E 70 6E 67 22 20 67 72 6F 75 70 2D 74 69 74 6C    .png" group-titl
00002b10: 65 3D 22 48 6F 6D 65 20 26 20 46 6F 6F 64 22 2C    e="Home & Food",
00002b20: 44 72 6F 6F 6C 0A 68 74 74 70 73 3A 2F 2F 6A 6D    Drool.https://jm
00002b30: 70 32 2E 75 6B 2F 73 74 76 70 2D 55 53 32 31 30    p2.uk/stvp-US210
00002b40: 30 30 31 31 4C 47 0A 23 45 58 54 49 4E 46 3A 2D    0011LG.#EXTINF:-
00002b50: 31 20 63 68 61 6E 6E 65 6C 2D 69 64 3D 22 55 53    1 channel-id="US
00002b60: 41 4A 33 30 30 30 30 30 33 39 55 22 20 74 76 67    AJ30000039U" tvg
00002b70: 2D 69 64 3D 22 55 53 41 4A 33 30 30 30 30 30 33    -id="USAJ3000003
00002b80: 39 55 22 20 74 76 67 2D 63 68 6E 6F 3D 22 32 36    9U" tvg-chno="26
00002b90: 38 36 22 20 74 76 67 2D 6E 61 6D 65 3D 22 44 72    86" tvg-name="Dr
00002ba0: 79 20 42 61 72 20 43 6F 6D 65 64 79 22 20 74 76    y Bar Comedy" tv
00002bb0: 67 2D 6C 6F 67 6F 3D 22 68 74 74 70 73 3A 2F 2F    g-logo="https://
00002bc0: 74 76 70 6E 6C 6F 67 6F 70 75 73 2E 73 61 6D 73    tvpnlogopus.sams
00002bd0: 75 6E 67 63 6C 6F 75 64 2E 74 76 2F 70 6C 61 74    ungcloud.tv/plat
00002be0: 66 6F 72 6D 2F 69 6D 61 67 65 2F 73 6F 75 72 63    form/image/sourc
00002bf0: 65 6C 6F 67 6F 2F 76 63 2F 30 30 2F 30 32 2F 33    elogo/vc/00/02/3
00002c00: 34 2F 55 53 41 4A 33 30 30 30 30 30 33 39 55 5F    4/USAJ30000039U_
00002c10: 32 30 32 34 30 35 32 30 54 32 31 35 38 33 32 53    20240520T215832S
00002c20: 51 55 41 52 45 2E 70 6E 67 22 20 67 72 6F 75 70    QUARE.png" group
00002c30: 2D 74 69 74 6C 65 3D 22 43 6F 6D 65 64 79 22 2C    -title="Comedy",
00002c40: 44 72 79 20 42 61 72 20 43 6F 6D 65 64 79 0A 68    Dry Bar Comedy.h
00002c50: 74 74 70 73 3A 2F 2F 6A 6D 70 32 2E 75 6B 2F 73    ttps://jmp2.uk/s
00002c60: 74 76 70 2D 55 53 41 4A 33 30 30 30 30 30 33 39    tvp-USAJ30000039
00002c70: 55 0A 23 45 58 54 49 4E 46 3A 2D 31 20 63 68 61    U.#EXTINF:-1 cha
00002c80: 6E 6E 65 6C 2D 69 64 3D 22 55 53 42 43 34 34 30    nnel-id="USBC440
00002c90: 30 30 30 32 47 46 22 20 74 76 67 2D 69 64 3D 22    0002GF" tvg-id="
00002ca0: 55 53 42 43 34 34 30 30 30 30 32 47 46 22 20 74    USBC4400002GF" t
00002cb0: 76 67 2D 63 68 6E 6F 3D 22 31 39 37 36 22 20 74    vg-chno="1976" t
00002cc0: 76 67 2D 6E 61 6D 65 3D 22 44 75 63 6B 20 44 79    vg-name="Duck Dy
00002cd0: 6E 61 73 74 79 22 20 74 76 67 2D 6C 6F 67 6F 3D    nasty" tvg-logo=
00002ce0: 22 68 74 74 70 73 3A 2F 2F 74 76 70 6E 6C 6F 67    "https://tvpnlog
00002cf0: 6F 70 75 73 2E 73 61 6D 73 75 6E 67 63 6C 6F 75    opus.samsungclou
00002d00: 64 2E 74 76 2F 70 6C 61 74 66 6F 72 6D 2F 69 6D    d.tv/platform/im
00002d10: 61 67 65 2F 73 6F 75 72 63 65 6C 6F 67 6F 2F 76    age/sourcelogo/v
00002d20: 63 2F 30 30 2F 30 32 2F 33 34 2F 55 53 42 43 34    c/00/02/34/USBC4
00002d30: 34 30 30 30 30 32 47 46 5F 32 30 32 35 30 38 30    400002GF_2025080
00002d40: 35 54 30 30 35 37 35 39 53 51 55 41 52 45 2E 70    5T005759SQUARE.p
00002d50: 6E 67 22 20 67 72 6F 75 70 2D 74 69 74 6C 65 3D    ng" group-title=
00002d60: 22 52 65 61 6C 69 74 79 20 54 56 22 2C 44 75 63    "Reality TV",Duc
00002d70: 6B 20 44 79 6E 61 73 74 79 0A 68 74 74 70 73 3A    k Dynasty.https:
00002d80: 2F 2F 6A 6D 70 32 2E 75 6B 2F 73 74 76 70 2D 55    //jmp2.uk/stvp-U
00002d90: 53 42 43 34 34 30 30 30 30 32 47 46 0A 23 45 58    SBC4400002GF.#EX
00002da0: 54 49 4E 46 3A 2D 31 20 63 68 61 6E 6E 65 6C 2D    TINF:-1 channel-
00002db0: 69 64 3D 22 55 53 33 34 30 30 30 30 33 48 49 22    id="US3400003HI"
00002dc0: 20 74 76 67 2D 69 64 3D 22 55 53 33 34 30 30 30     tvg-id="US34000
00002dd0: 30 33 48 49 22 20 74 76 67 2D 63 68 6E 6F 3D 22    03HI" tvg-chno="
00002de0: 33 36 37 30 22 20 74 76 67 2D 6E 61 6D 65 3D 22    3670" tvg-name="
00002df0: 64 75 63 6B 74 76 22 20 74 76 67 2D 6C 6F 67 6F    ducktv" tvg-logo
00002e00: 3D 22 68 74 74 70 73 3A 2F 2F 74 76 70 6E 6C 6F    ="https://tvpnlo
00002e10: 67 6F 70 75 73 2E 73 61 6D 73 75 6E 67 63 6C 6F    gopus.samsungclo
00002e20: 75 64 2E 74 76 2F 70 6C 61 74 66 6F 72 6D 2F 69    ud.tv/platform/i
00002e30: 6D 61 67 65 2F 73 6F 75 72 63 65 6C 6F 67 6F 2F    mage/sourcelogo/
00002e40: 76 63 2F 30 30 2F 30 32 2F 33 34 2F 55 53 33 34    vc/00/02/34/US34
00002e50: 30 30 30 30 33 48 49 5F 32 30 32 34 31 31 31 39    00003HI_20241119
00002e60: 54 30 32 30 34 34 37 53 51 55 41 52 45 2E 70 6E    T020447SQUARE.pn
00002e70: 67 22 20 67 72 6F 75 70 2D 74 69 74 6C 65 3D 22    g" group-title="
00002e80: 4B 69 64 73 22 2C 64 75 63 6B 74 76 0A 68 74 74    Kids",ducktv.htt
00002e90: 70 73 3A 2F 2F 6A 6D 70 32 2E 75 6B 2F 73 74 76    ps://jmp2.uk/stv
00002ea0: 70 2D 55 53 33 34 30 30 30 30 33 48 49 0A 23 45    p-US3400003HI.#E
00002eb0: 58 54 49 4E 46 3A 2D 31 20 63 68 61 6E 6E 65 6C    XTINF:-1 channel
00002ec0: 2D 69 64 3D 22 55 53 33 34 30 30 30 30 35 49 34    -id="US3400005I4
00002ed0: 22 20 74 76 67 2D 69 64 3D 22 55 53 33 34 30 30    " tvg-id="US3400
00002ee0: 30 30 35 49 34 22 20 74 76 67 2D 63 68 6E 6F 3D    005I4" tvg-chno=
00002ef0: 22 33 32 32 30 22 20 74 76 67 2D 6E 61 6D 65 3D    "3220" tvg-name=
00002f00: 22 44 75 6E 67 65 6F 6E 73 20 26 20 44 72 61 67    "Dungeons & Drag
00002f10: 6F 6E 73 3A 20 41 64 76 65 6E 74 75 72 65 73 22    ons: Adventures"
00002f20: 20 74 76 67 2D 6C 6F 67 6F 3D 22 68 74 74 70 73     tvg-logo="https
00002f30: 3A 2F 2F 74 76 70 6E 6C 6F 67 6F 70 75 73 2E 73    ://tvpnlogopus.s
00002f40: 61 6D 73 75 6E 67 63 6C 6F 75 64 2E 74 76 2F 70    amsungcloud.tv/p
00002f50: 6C 61 74 66 6F 72 6D 2F 69 6D 61 67 65 2F 73 6F    latform/image/so
00002f60: 75 72 63 65 6C 6F 67 6F 2F 76 63 2F 30 30 2F 30    urcelogo/vc/00/0
00002f70: 32 2F 33 34 2F 55 53 33 34 30 30 30 30 35 49 34    2/34/US3400005I4
00002f80: 5F 32 30 32 35 31 32 30 39 54 30 30 35 39 34 33    _20251209T005943
00002f90: 53 51 55 41 52 45 2E 70 6E 67 22 20 67 72 6F 75    SQUARE.png" grou
00002fa0: 70 2D 74 69 74 6C 65 3D 22 41 6E 69 6D 65 20 26    p-title="Anime &
00002fb0: 20 47 61 6D 69 6E 67 22 2C 44 75 6E 67 65 6F 6E     Gaming",Dungeon
00002fc0: 73 20 26 20 44 72 61 67 6F 6E 73 3A 20 41 64 76    s & Dragons: Adv
00002fd0: 65 6E 74 75 72 65 73 0A 68 74 74 70 73 3A 2F 2F    entures.https://
00002fe0: 6A 6D 70 32 2E 75 6B 2F 73 74 76 70 2D 55 53 33    jmp2.uk/stvp-US3
00002ff0: 34 30 30 30 30 35 49 34 0A 23 45 58 54 49 4E 46    400005I4.#EXTINF
00003000: 3A 2D 31 20 63 68 61 6E 6E 65 6C 2D 69 64 3D 22    :-1 channel-id="
00003010: 55 53 31 38 30 30 30 31 33 33 49 22 20 74 76 67    US18000133I" tvg
00003020: 2D 69 64 3D 22 55 53 31 38 30 30 30 31 33 33 49    -id="US18000133I
00003030: 22 20 74 76 67 2D 63 68 6E 6F 3D 22 31 39 31 37    " tvg-chno="1917
00003040: 22 20 74 76 67 2D 6E 61 6D 65 3D 22 45 21 20 4B    " tvg-name="E! K
00003050: 65 65 70 69 6E 67 20 55 70 22 20 74 76 67 2D 6C    eeping Up" tvg-l
00003060: 6F 67 6F 3D 22 68 74 74 70 73 3A 2F 2F 74 76 70    ogo="https://tvp
00003070: 6E 6C 6F 67 6F 70 75 73 2E 73 61 6D 73 75 6E 67    nlogopus.samsung
00003080: 63 6C 6F 75 64 2E 74 76 2F 70 6C 61 74 66 6F 72    cloud.tv/platfor
00003090: 6D 2F 69 6D 61 67 65 2F 73 6F 75 72 63 65 6C 6F    m/image/sourcelo
000030a0: 67 6F 2F 76 63 2F 30 30 2F 30 32 2F 33 34 2F 55    go/vc/00/02/34/U
000030b0: 53 31 38 30 30 30 31 33 33 49 5F 32 30 32 35 31    S18000133I_20251
000030c0: 31 32 35 54 30 33 30 39 32 35 53 51 55 41 52 45    125T030925SQUARE
000030d0: 2E 70 6E 67 22 20 67 72 6F 75 70 2D 74 69 74 6C    .png" group-titl
000030e0: 65 3D 22 52 65 61 6C 69 74 79 20 54 56 22 2C 45    e="Reality TV",E
000030f0: 21 20 4B 65 65 70 69 6E 67 20 55 70 0A 68 74 74    ! Keeping Up.htt
00003100: 70 73 3A 2F 2F 6A 6D 70 32 2E 75 6B 2F 73 74 76    ps://jmp2.uk/stv
00003110: 70 2D 55 53 31 38 30 30 30 31 33 33 49 0A 23 45    p-US18000133I.#E
00003120: 58 54 49 4E 46 3A 2D 31 20 63 68 61 6E 6E 65 6C    XTINF:-1 channel
00003130: 2D 69 64 3D 22 55 53 42 44 32 35 30 30 30 31 32    -id="USBD2500012
00003140: 44 48 22 20 74 76 67 2D 69 64 3D 22 55 53 42 44    DH" tvg-id="USBD
00003150: 32 35 30 30 30 31 32 44 48 22 20 74 76 67 2D 63    2500012DH" tvg-c
00003160: 68 6E 6F 3D 22 31 35 35 30 22 20 74 76 67 2D 6E    hno="1550" tvg-n
00003170: 61 6D 65 3D 22 45 62 6F 6E 79 20 54 56 20 62 79    ame="Ebony TV by
00003180: 20 4C 69 6F 6E 73 67 61 74 65 22 20 74 76 67 2D     Lionsgate" tvg-
00003190: 6C 6F 67 6F 3D 22 68 74 74 70 73 3A 2F 2F 74 76    logo="https://tv
000031a0: 70 6E 6C 6F 67 6F 70 75 73 2E 73 61 6D 73 75 6E    pnlogopus.samsun
000031b0: 67 63 6C 6F 75 64 2E 74 76 2F 70 6C 61 74 66 6F    gcloud.tv/platfo
000031c0: 72 6D 2F 69 6D 61 67 65 2F 73 6F 75 72 63 65 6C    rm/image/sourcel
000031d0: 6F 67 6F 2F 76 63 2F 30 30 2F 30 32 2F 33 34 2F    ogo/vc/00/02/34/
000031e0: 55 53 42 44 32 35 30 30 30 31 32 44 48 5F 32 30    USBD2500012DH_20
000031f0: 32 35 30 35 31 33 54 30 31 32 36 35 38 53 51 55    250513T012658SQU
00003200: 41 52 45 2E 70 6E 67 22 20 67 72 6F 75 70 2D 74    ARE.png" group-t
00003210: 69 74 6C 65 3D 22 41 63 74 69 6F 6E 20 26 20 44    itle="Action & D
00003220: 72 61 6D 61 22 2C 45 62 6F 6E 79 20 54 56 20 62    rama",Ebony TV b
00003230: 79 20 4C 69 6F 6E 73 67 61 74 65 0A 68 74 74 70    y Lionsgate.http
00003240: 73 3A 2F 2F 6A 6D 70 32 2E 75 6B 2F 73 74 76 70    s://jmp2.uk/stvp
00003250: 2D 55 53 42 44 32 35 30 30 30 31 32 44 48 0A 23    -USBD2500012DH.#
00003260: 45 58 54 49 4E 46 3A 2D 31 20 63 68 61 6E 6E 65    EXTINF:-1 channe
00003270: 6C 2D 69 64 3D 22 55 53 42 43 36 30 30 30 32 32    l-id="USBC600022
00003280: 35 4D 22 20 74 76 67 2D 69 64 3D 22 55 53 42 43    5M" tvg-id="USBC
00003290: 36 30 30 30 32 32 35 4D 22 20 74 76 67 2D 63 68    6000225M" tvg-ch
000032a0: 6E 6F 3D 22 31 35 32 30 22 20 74 76 67 2D 6E 61    no="1520" tvg-na
000032b0: 6D 65 3D 22 45 6C 65 63 74 72 69 63 4E 4F 57 22    me="ElectricNOW"
000032c0: 20 74 76 67 2D 6C 6F 67 6F 3D 22 68 74 74 70 73     tvg-logo="https
000032d0: 3A 2F 2F 74 76 70 6E 6C 6F 67 6F 70 75 73 2E 73    ://tvpnlogopus.s
000032e0: 61 6D 73 75 6E 67 63 6C 6F 75 64 2E 74 76 2F 70    amsungcloud.tv/p
000032f0: 6C 61 74 66 6F 72 6D 2F 69 6D 61 67 65 2F 73 6F    latform/image/so
00003300: 75 72 63 65 6C 6F 67 6F 2F 76 63 2F 30 30 2F 30    urcelogo/vc/00/0
00003310: 32 2F 33 34 2F 55 53 42 43 36 30 30 30 32 32 35    2/34/USBC6000225
00003320: 4D 5F 32 30 32 35 30 36 30 32 54 32 33 31 34 32    M_20250602T23142
00003330: 39 53 51 55 41 52 45 2E 70 6E 67 22 20 67 72 6F    9SQUARE.png" gro
00003340: 75 70 2D 74 69 74 6C 65 3D 22 41 63 74 69 6F 6E    up-title="Action
00003350: 20 26 20 44 72 61 6D 61 22 2C 45 6C 65 63 74 72     & Drama",Electr
00003360: 69 63 4E 4F 57 0A 68 74 74 70 73 3A 2F 2F 6A 6D    icNOW.https://jm
00003370: 70 32 2E 75 6B 2F 73 74 76 70 2D 55 53 42 43 36    p2.uk/stvp-USBC6
00003380: 30 30 30 32 32 35 4D 0A 23 45 58 54 49 4E 46 3A    000225M.#EXTINF:
00003390: 2D 31 20 63 68 61 6E 6E 65 6C 2D 69 64 3D 22 55    -1 channel-id="U
000033a0: 53 34 35 30 30 30 31 30 42 30 22 20 74 76 67 2D    S4500010B0" tvg-
000033b0: 69 64 3D 22 55 53 34 35 30 30 30 31 30 42 30 22    id="US4500010B0"
000033c0: 20 74 76 67 2D 63 68 6E 6F 3D 22 32 31 30 39 22     tvg-chno="2109"
000033d0: 20 74 76 67 2D 6E 61 6D 65 3D 22 45 6D 65 72 69     tvg-name="Emeri
000033e0: 6C 20 4C 61 67 61 73 73 65 20 43 68 61 6E 6E 65    l Lagasse Channe
000033f0: 6C 22 20 74 76 67 2D 6C 6F 67 6F 3D 22 68 74 74    l" tvg-logo="htt
00003400: 70 73 3A 2F 2F 74 76 70 6E 6C 6F 67 6F 70 75 73    ps://tvpnlogopus
00003410: 2E 73 61 6D 73 75 6E 67 63 6C 6F 75 64 2E 74 76    .samsungcloud.tv
00003420: 2F 70 6C 61 74 66 6F 72 6D 2F 69 6D 61 67 65 2F    /platform/image/
00003430: 73 6F 75 72 63 65 6C 6F 67 6F 2F 76 63 2F 30 30    sourcelogo/vc/00
00003440: 2F 30 32 2F 33 34 2F 55 53 34 35 30 30 30 31 30    /02/34/US4500010
00003450: 42 30 5F 32 30 32 35 30 37 32 39 54 30 31 30 34    B0_20250729T0104
00003460: 33 33 53 51 55 41 52 45 2E 70 6E 67 22 20 67 72    33SQUARE.png" gr
00003470: 6F 75 70 2D 74 69 74 6C 65 3D 22 48 6F 6D 65 20    oup-title="Home 
00003480: 26 20 46 6F 6F 64 22 2C 45 6D 65 72 69 6C 20 4C    & Food",Emeril L
00003490: 61 67 61 73 73 65 20 43 68 61 6E 6E 65 6C 0A 68    agasse Channel.h
000034a0: 74 74 70 73 3A 2F 2F 6A 6D 70 32 2E 75 6B 2F 73    ttps://jmp2.uk/s
000034b0: 74 76 70 2D 55 53 34 35 30 30 30 31 30 42 30 0A    tvp-US4500010B0.
000034c0: 23 45 58 54 49 4E 46 3A 2D 31 20 63 68 61 6E 6E    #EXTINF:-1 chann
000034d0: 65 6C 2D 69 64 3D 22 55 53 33 39 30 30 30 30 36    el-id="US3900006
000034e0: 47 4C 22 20 74 76 67 2D 69 64 3D 22 55 53 33 39    GL" tvg-id="US39
000034f0: 30 30 30 30 36 47 4C 22 20 74 76 67 2D 63 68 6E    00006GL" tvg-chn
00003500: 6F 3D 22 32 39 37 37 22 20 74 76 67 2D 6E 61 6D    o="2977" tvg-nam
00003510: 65 3D 22 45 6E 76 6F 79 20 46 41 53 54 22 20 74    e="Envoy FAST" t
00003520: 76 67 2D 6C 6F 67 6F 3D 22 68 74 74 70 73 3A 2F    vg-logo="https:/
00003530: 2F 74 76 70 6E 6C 6F 67 6F 70 75 73 2E 73 61 6D    /tvpnlogopus.sam
00003540: 73 75 6E 67 63 6C 6F 75 64 2E 74 76 2F 70 6C 61    sungcloud.tv/pla
00003550: 74 66 6F 72 6D 2F 69 6D 61 67 65 2F 73 6F 75 72    tform/image/sour
00003560: 63 65 6C 6F 67 6F 2F 76 63 2F 30 30 2F 30 32 2F    celogo/vc/00/02/
00003570: 33 34 2F 55 53 33 39 30 30 30 30 36 47 4C 5F 32    34/US3900006GL_2
00003580: 30 32 35 31 30 32 38 54 30 31 31 31 30 36 53 51    0251028T011106SQ
00003590: 55 41 52 45 2E 70 6E 67 22 20 67 72 6F 75 70 2D    UARE.png" group-
000035a0: 74 69 74 6C 65 3D 22 4C 69 66 65 73 74 79 6C 65    title="Lifestyle
000035b0: 20 26 20 50 6F 70 20 43 75 6C 74 75 72 65 22 2C     & Pop Culture",
000035c0: 45 6E 76 6F 79 20 46 41 53 54 0A 68 74 74 70 73    Envoy FAST.https
000035d0: 3A 2F 2F 6A 6D 70 32 2E 75 6B 2F 73 74 76 70 2D    ://jmp2.uk/stvp-
000035e0: 55 53 33 39 30 30 30 30 36 47 4C 0A 23 45 58 54    US3900006GL.#EXT
000035f0: 49 4E 46 3A 2D 31 20 63 68 61 6E 6E 65 6C 2D 69    INF:-1 channel-i
00003600: 64 3D 22 55 53 32 30 30 30 30 31 37 48 54 22 20    d="US2000017HT" 
00003610: 74 76 67 2D 69 64 3D 22 55 53 32 30 30 30 30 31    tvg-id="US200001
00003620: 37 48 54 22 20 74 76 67 2D 63 68 6E 6F 3D 22 32    7HT" tvg-chno="2
00003630: 30 39 35 22 20 74 76 67 2D 6E 61 6D 65 3D 22 45    095" tvg-name="E
00003640: 70 69 63 20 47 61 72 64 65 6E 69 6E 67 20 54 56    pic Gardening TV
00003650: 22 20 74 76 67 2D 6C 6F 67 6F 3D 22 68 74 74 70    " tvg-logo="http
00003660: 73 3A 2F 2F 74 76 70 6E 6C 6F 67 6F 70 75 73 2E    s://tvpnlogopus.
00003670: 73 61 6D 73 75 6E 67 63 6C 6F 75 64 2E 74 76 2F    samsungcloud.tv/
00003680: 70 6C 61 74 66 6F 72 6D 2F 69 6D 61 67 65 2F 73    platform/image/s
00003690: 6F 75 72 63 65 6C 6F 67 6F 2F 76 63 2F 30 30 2F    ourcelogo/vc/00/
000036a0: 30 32 2F 33 34 2F 55 53 32 30 30 30 30 31 37 48    02/34/US2000017H
000036b0: 54 5F 32 30 32 35 31 30 32 38 54 30 31 31 31 30    T_20251028T01110
000036c0: 39 53 51 55 41 52 45 2E 70 6E 67 22 20 67 72 6F    9SQUARE.png" gro
000036d0: 75 70 2D 74 69 74 6C 65 3D 22 48 6F 6D 65 20 26    up-title="Home &
000036e0: 20 46 6F 6F 64 22 2C 45 70 69 63 20 47 61 72 64     Food",Epic Gard
000036f0: 65 6E 69 6E 67 20 54 56 0A 68 74 74 70 73 3A 2F    ening TV.https:/
00003700: 2F 6A 6D 70 32 2E 75 6B 2F 73 74 76 70 2D 55 53    /jmp2.uk/stvp-US
00003710: 32 30 30 30 30 31 37 48 54 0A 23 45 58 54 49 4E    2000017HT.#EXTIN
00003720: 46 3A 2D 31 20 63 68 61 6E 6E 65 6C 2D 69 64 3D    F:-1 channel-id=
00003730: 22 55 53 33 34 30 30 30 30 34 30 54 22 20 74 76    "US34000040T" tv
00003740: 67 2D 69 64 3D 22 55 53 33 34 30 30 30 30 34 30    g-id="US34000040
00003750: 54 22 20 74 76 67 2D 63 68 6E 6F 3D 22 32 33 34    T" tvg-chno="234
00003760: 30 22 20 74 76 67 2D 6E 61 6D 65 3D 22 45 53 50    0" tvg-name="ESP
00003770: 4E 38 3A 20 54 68 65 20 4F 63 68 6F 22 20 74 76    N8: The Ocho" tv
00003780: 67 2D 6C 6F 67 6F 3D 22 68 74 74 70 73 3A 2F 2F    g-logo="https://
00003790: 74 76 70 6E 6C 6F 67 6F 70 75 73 2E 73 61 6D 73    tvpnlogopus.sams
000037a0: 75 6E 67 63 6C 6F 75 64 2E 74 76 2F 70 6C 61 74    ungcloud.tv/plat
000037b0: 66 6F 72 6D 2F 69 6D 61 67 65 2F 73 6F 75 72 63    form/image/sourc
000037c0: 65 6C 6F 67 6F 2F 76 63 2F 30 30 2F 30 32 2F 33    elogo/vc/00/02/3
000037d0: 34 2F 55 53 33 34 30 30 30 30 34 30 54 5F 32 30    4/US34000040T_20
000037e0: 32 35 31 30 32 31 54 31 39 32 31 35 33 53 51 55    251021T192153SQU
000037f0: 41 52 45 2E 70 6E 67 22 20 67 72 6F 75 70 2D 74    ARE.png" group-t
00003800: 69 74 6C 65 3D 22 53 70 6F 72 74 73 20 26 20 4F    itle="Sports & O
00003810: 75 74 64 6F 6F 72 73 22 2C 45 53 50 4E 38 3A 20    utdoors",ESPN8: 
00003820: 54 68 65 20 4F 63 68 6F 0A 68 74 74 70 73 3A 2F    The Ocho.https:/
00003830: 2F 6A 6D 70 32 2E 75 6B 2F 73 74 76 70 2D 55 53    /jmp2.uk/stvp-US
00003840: 33 34 30 30 30 30 34 30 54 0A 23 45 58 54 49 4E    34000040T.#EXTIN
00003850: 46 3A 2D 31 20 63 68 61 6E 6E 65 6C 2D 69 64 3D    F:-1 channel-id=
00003860: 22 55 53 42 43 32 34 30 30 30 31 34 35 49 22 20    "USBC24000145I" 
00003870: 74 76 67 2D 69 64 3D 22 55 53 42 43 32 34 30 30    tvg-id="USBC2400
00003880: 30 31 34 35 49 22 20 74 76 67 2D 63 68 6E 6F 3D    0145I" tvg-chno=
00003890: 22 33 38 37 34 22 20 74 76 67 2D 6E 61 6D 65 3D    "3874" tvg-name=
000038a0: 22 45 73 74 72 65 6C 6C 61 20 47 61 6D 65 73 22    "Estrella Games"
000038b0: 20 74 76 67 2D 6C 6F 67 6F 3D 22 68 74 74 70 73     tvg-logo="https
000038c0: 3A 2F 2F 74 76 70 6E 6C 6F 67 6F 70 75 73 2E 73    ://tvpnlogopus.s
000038d0: 61 6D 73 75 6E 67 63 6C 6F 75 64 2E 74 76 2F 70    amsungcloud.tv/p
000038e0: 6C 61 74 66 6F 72 6D 2F 69 6D 61 67 65 2F 73 6F    latform/image/so
000038f0: 75 72 63 65 6C 6F 67 6F 2F 76 63 2F 30 30 2F 30    urcelogo/vc/00/0
00003900: 32 2F 33 34 2F 55 53 42 43 32 34 30 30 30 31 34    2/34/USBC2400014
00003910: 35 49 5F 32 30 32 34 30 35 32 30 54 32 31 32 37    5I_20240520T2127
00003920: 35 33 53 51 55 41 52 45 2E 70 6E 67 22 20 67 72    53SQUARE.png" gr
00003930: 6F 75 70 2D 74 69 74 6C 65 3D 22 4C 61 74 69 6E    oup-title="Latin
00003940: 6F 22 2C 45 73 74 72 65 6C 6C 61 20 47 61 6D 65    o",Estrella Game
00003950: 73 0A 68 74 74 70 73 3A 2F 2F 6A 6D 70 32 2E 75    s.https://jmp2.u
00003960: 6B 2F 73 74 76 70 2D 55 53 42 43 32 34 30 30 30    k/stvp-USBC24000
00003970: 31 34 35 49 0A 23 45 58 54 49 4E 46 3A 2D 31 20    145I.#EXTINF:-1 
00003980: 63 68 61 6E 6E 65 6C 2D 69 64 3D 22 55 53 41 4A    channel-id="USAJ
00003990: 32 32 30 30 30 32 30 4E 34 22 20 74 76 67 2D 69    2200020N4" tvg-i
000039a0: 64 3D 22 55 53 41 4A 32 32 30 30 30 32 30 4E 34    d="USAJ2200020N4
000039b0: 22 20 74 76 67 2D 63 68 6E 6F 3D 22 33 38 37 32    " tvg-chno="3872
000039c0: 22 20 74 76 67 2D 6E 61 6D 65 3D 22 45 73 74 72    " tvg-name="Estr
000039d0: 65 6C 6C 61 20 4E 65 77 73 22 20 74 76 67 2D 6C    ella News" tvg-l
000039e0: 6F 67 6F 3D 22 68 74 74 70 73 3A 2F 2F 74 76 70    ogo="https://tvp
000039f0: 6E 6C 6F 67 6F 70 75 73 2E 73 61 6D 73 75 6E 67    nlogopus.samsung
00003a00: 63 6C 6F 75 64 2E 74 76 2F 70 6C 61 74 66 6F 72    cloud.tv/platfor
00003a10: 6D 2F 69 6D 61 67 65 2F 73 6F 75 72 63 65 6C 6F    m/image/sourcelo
00003a20: 67 6F 2F 76 63 2F 30 30 2F 30 32 2F 33 34 2F 55    go/vc/00/02/34/U
00003a30: 53 41 4A 32 32 30 30 30 32 30 4E 34 5F 32 30 32    SAJ2200020N4_202
00003a40: 34 30 35 32 30 54 32 31 32 35 32 35 53 51 55 41    40520T212525SQUA
00003a50: 52 45 2E 70 6E 67 22 20 67 72 6F 75 70 2D 74 69    RE.png" group-ti
00003a60: 74 6C 65 3D 22 4C 61 74 69 6E 6F 22 2C 45 73 74    tle="Latino",Est
00003a70: 72 65 6C 6C 61 20 4E 65 77 73 0A 68 74 74 70 73    rella News.https
00003a80: 3A 2F 2F 6A 6D 70 32 2E 75 6B 2F 73 74 76 70 2D    ://jmp2.uk/stvp-
00003a90: 55 53 41 4A 32 32 30 30 30 32 30 4E 34 0A 23 45    USAJ2200020N4.#E
00003aa0: 58 54 49 4E 46 3A 2D 31 20 63 68 61 6E 6E 65 6C    XTINF:-1 channel
00003ab0: 2D 69 64 3D 22 55 53 42 41 33 30 30 30 34 30 57    -id="USBA300040W
00003ac0: 52 22 20 74 76 67 2D 69 64 3D 22 55 53 42 41 33    R" tvg-id="USBA3
00003ad0: 30 30 30 34 30 57 52 22 20 74 76 67 2D 63 68 6E    00040WR" tvg-chn
00003ae0: 6F 3D 22 33 38 37 30 22 20 74 76 67 2D 6E 61 6D    o="3870" tvg-nam
00003af0: 65 3D 22 45 73 74 72 65 6C 6C 61 20 54 56 22 20    e="Estrella TV" 
00003b00: 74 76 67 2D 6C 6F 67 6F 3D 22 68 74 74 70 73 3A    tvg-logo="https:
00003b10: 2F 2F 74 76 70 6E 6C 6F 67 6F 70 75 73 2E 73 61    //tvpnlogopus.sa
00003b20: 6D 73 75 6E 67 63 6C 6F 75 64 2E 74 76 2F 70 6C    msungcloud.tv/pl
00003b30: 61 74 66 6F 72 6D 2F 69 6D 61 67 65 2F 73 6F 75    atform/image/sou
00003b40: 72 63 65 6C 6F 67 6F 2F 76 63 2F 30 30 2F 30 32    rcelogo/vc/00/02
00003b50: 2F 33 34 2F 55 53 42 41 33 30 30 30 34 30 57 52    /34/USBA300040WR
00003b60: 5F 32 30 32 34 30 35 32 30 54 32 31 32 35 32 37    _20240520T212527
00003b70: 53 51 55 41 52 45 2E 70 6E 67 22 20 67 72 6F 75    SQUARE.png" grou
00003b80: 70 2D 74 69 74 6C 65 3D 22 4C 61 74 69 6E 6F 22    p-title="Latino"
00003b90: 2C 45 73 74 72 65 6C 6C 61 20 54 56 0A 68 74 74    ,Estrella TV.htt
00003ba0: 70 73 3A 2F 2F 6A 6D 70 32 2E 75 6B 2F 73 74 76    ps://jmp2.uk/stv
00003bb0: 70 2D 55 53 42 41 33 30 30 30 34 30 57 52 0A 23    p-USBA300040WR.#
00003bc0: 45 58 54 49 4E 46 3A 2D 31 20 63 68 61 6E 6E 65    EXTINF:-1 channe
00003bd0: 6C 2D 69 64 3D 22 55 53 42 41 33 37 30 30 30 30    l-id="USBA370000
00003be0: 32 4A 46 22 20 74 76 67 2D 69 64 3D 22 55 53 42    2JF" tvg-id="USB
00003bf0: 41 33 37 30 30 30 30 32 4A 46 22 20 74 76 67 2D    A3700002JF" tvg-
00003c00: 63 68 6E 6F 3D 22 32 39 36 36 22 20 74 76 67 2D    chno="2966" tvg-
00003c10: 6E 61 6D 65 3D 22 45 54 22 20 74 76 67 2D 6C 6F    name="ET" tvg-lo
00003c20: 67 6F 3D 22 68 74 74 70 73 3A 2F 2F 74 76 70 6E    go="https://tvpn
00003c30: 6C 6F 67 6F 70 75 73 2E 73 61 6D 73 75 6E 67 63    logopus.samsungc
00003c40: 6C 6F 75 64 2E 74 76 2F 70 6C 61 74 66 6F 72 6D    loud.tv/platform
00003c50: 2F 69 6D 61 67 65 2F 73 6F 75 72 63 65 6C 6F 67    /image/sourcelog
00003c60: 6F 2F 76 63 2F 30 30 2F 30 32 2F 33 34 2F 55 53    o/vc/00/02/34/US
00003c70: 42 41 33 37 30 30 30 30 32 4A 46 5F 32 30 32 34    BA3700002JF_2024
00003c80: 30 35 32 31 54 30 30 31 33 30 35 53 51 55 41 52    0521T001305SQUAR
00003c90: 45 2E 70 6E 67 22 20 67 72 6F 75 70 2D 74 69 74    E.png" group-tit
00003ca0: 6C 65 3D 22 4C 69 66 65 73 74 79 6C 65 20 26 20    le="Lifestyle & 
00003cb0: 50 6F 70 20 43 75 6C 74 75 72 65 22 2C 45 54 0A    Pop Culture",ET.
00003cc0: 68 74 74 70 73 3A 2F 2F 6A 6D 70 32 2E 75 6B 2F    https://jmp2.uk/
00003cd0: 73 74 76 70 2D 55 53 42 41 33 37 30 30 30 30 32    stvp-USBA3700002
00003ce0: 4A 46 0A 23 45 58 54 49 4E 46 3A 2D 31 20 63 68    JF.#EXTINF:-1 ch
00003cf0: 61 6E 6E 65 6C 2D 69 64 3D 22 55 53 41 4A 33 35    annel-id="USAJ35
00003d00: 30 34 37 30 32 41 22 20 74 76 67 2D 69 64 3D 22    04702A" tvg-id="
00003d10: 55 53 41 4A 33 35 30 34 37 30 32 41 22 20 74 76    USAJ3504702A" tv
00003d20: 67 2D 63 68 6E 6F 3D 22 32 36 38 32 22 20 74 76    g-chno="2682" tv
00003d30: 67 2D 6E 61 6D 65 3D 22 46 61 69 6C 41 72 6D 79    g-name="FailArmy
00003d40: 22 20 74 76 67 2D 6C 6F 67 6F 3D 22 68 74 74 70    " tvg-logo="http
00003d50: 73 3A 2F 2F 74 76 70 6E 6C 6F 67 6F 70 75 73 2E    s://tvpnlogopus.
00003d60: 73 61 6D 73 75 6E 67 63 6C 6F 75 64 2E 74 76 2F    samsungcloud.tv/
00003d70: 70 6C 61 74 66 6F 72 6D 2F 69 6D 61 67 65 2F 73    platform/image/s
00003d80: 6F 75 72 63 65 6C 6F 67 6F 2F 76 63 2F 30 30 2F    ourcelogo/vc/00/
00003d90: 30 32 2F 33 34 2F 55 53 41 4A 33 35 30 34 37 30    02/34/USAJ350470
00003da0: 32 41 5F 32 30 32 34 30 35 32 30 54 32 31 35 38    2A_20240520T2158
00003db0: 33 36 53 51 55 41 52 45 2E 70 6E 67 22 20 67 72    36SQUARE.png" gr
00003dc0: 6F 75 70 2D 74 69 74 6C 65 3D 22 43 6F 6D 65 64    oup-title="Comed
00003dd0: 79 22 2C 46 61 69 6C 41 72 6D 79 0A 68 74 74 70    y",FailArmy.http
00003de0: 73 3A 2F 2F 6A 6D 70 32 2E 75 6B 2F 73 74 76 70    s://jmp2.uk/stvp
00003df0: 2D 55 53 41 4A 33 35 30 34 37 30 32 41 0A 23 45    -USAJ3504702A.#E
00003e00: 58 54 49 4E 46 3A 2D 31 20 63 68 61 6E 6E 65 6C    XTINF:-1 channel
00003e10: 2D 69 64 3D 22 55 53 34 31 30 30 30 32 34 59 55    -id="US4100024YU
00003e20: 22 20 74 76 67 2D 69 64 3D 22 55 53 34 31 30 30    " tvg-id="US4100
00003e30: 30 32 34 59 55 22 20 74 76 67 2D 63 68 6E 6F 3D    024YU" tvg-chno=
00003e40: 22 31 36 31 38 22 20 74 76 67 2D 6E 61 6D 65 3D    "1618" tvg-name=
00003e50: 22 46 61 6D 69 6C 79 20 48 6F 75 72 20 54 56 22    "Family Hour TV"
00003e60: 20 74 76 67 2D 6C 6F 67 6F 3D 22 68 74 74 70 73     tvg-logo="https
00003e70: 3A 2F 2F 74 76 70 6E 6C 6F 67 6F 70 75 73 2E 73    ://tvpnlogopus.s
00003e80: 61 6D 73 75 6E 67 63 6C 6F 75 64 2E 74 76 2F 70    amsungcloud.tv/p
00003e90: 6C 61 74 66 6F 72 6D 2F 69 6D 61 67 65 2F 73 6F    latform/image/so
00003ea0: 75 72 63 65 6C 6F 67 6F 2F 76 63 2F 30 30 2F 30    urcelogo/vc/00/0
00003eb0: 32 2F 33 34 2F 55 53 34 31 30 30 30 32 34 59 55    2/34/US4100024YU
00003ec0: 5F 32 30 32 35 30 33 31 31 54 30 30 33 34 35 33    _20250311T003453
00003ed0: 53 51 55 41 52 45 2E 70 6E 67 22 20 67 72 6F 75    SQUARE.png" grou
00003ee0: 70 2D 74 69 74 6C 65 3D 22 41 63 74 69 6F 6E 20    p-title="Action 
00003ef0: 26 20 44 72 61 6D 61 22 2C 46 61 6D 69 6C 79 20    & Drama",Family 
00003f00: 48 6F 75 72 20 54 56 0A 68 74 74 70 73 3A 2F 2F    Hour TV.https://
00003f10: 6A 6D 70 32 2E 75 6B 2F 73 74 76 70 2D 55 53 34    jmp2.uk/stvp-US4
00003f20: 31 30 30 30 32 34 59 55 0A 23 45 58 54 49 4E 46    100024YU.#EXTINF
00003f30: 3A 2D 31 20 63 68 61 6E 6E 65 6C 2D 69 64 3D 22    :-1 channel-id="
00003f40: 55 53 42 42 33 35 30 30 30 30 33 44 36 22 20 74    USBB3500003D6" t
00003f50: 76 67 2D 69 64 3D 22 55 53 42 42 33 35 30 30 30    vg-id="USBB35000
00003f60: 30 33 44 36 22 20 74 76 67 2D 63 68 6E 6F 3D 22    03D6" tvg-chno="
00003f70: 32 36 37 35 22 20 74 76 67 2D 6E 61 6D 65 3D 22    2675" tvg-name="
00003f80: 46 61 6D 69 6C 79 20 54 69 65 73 22 20 74 76 67    Family Ties" tvg
00003f90: 2D 6C 6F 67 6F 3D 22 68 74 74 70 73 3A 2F 2F 74    -logo="https://t
00003fa0: 76 70 6E 6C 6F 67 6F 70 75 73 2E 73 61 6D 73 75    vpnlogopus.samsu
00003fb0: 6E 67 63 6C 6F 75 64 2E 74 76 2F 70 6C 61 74 66    ngcloud.tv/platf
00003fc0: 6F 72 6D 2F 69 6D 61 67 65 2F 73 6F 75 72 63 65    orm/image/source
00003fd0: 6C 6F 67 6F 2F 76 63 2F 30 30 2F 30 32 2F 33 34    logo/vc/00/02/34
00003fe0: 2F 55 53 42 42 33 35 30 30 30 30 33 44 36 5F 32    /USBB3500003D6_2
00003ff0: 30 32 34 31 31 31 32 54 30 30 30 36 32 37 53 51    0241112T000627SQ

00000000: 55 41 52 45 2E 70 6E 67 22 20 67 72 6F 75 70 2D    UARE.png" group-
00000010: 74 69 74 6C 65 3D 22 43 6F 6D 65 64 79 22 2C 46    title="Comedy",F
00000020: 61 6D 69 6C 79 20 54 69 65 73 0A 68 74 74 70 73    amily Ties.https
00000030: 3A 2F 2F 6A 6D 70 32 2E 75 6B 2F 73 74 76 70 2D    ://jmp2.uk/stvp-
00000040: 55 53 42 42 33 35 30 30 30 30 33 44 36 0A 23 45    USBB3500003D6.#E
00000050: 58 54 49 4E 46 3A 2D 31 20 63 68 61 6E 6E 65 6C    XTINF:-1 channel
00000060: 2D 69 64 3D 22 55 53 31 34 30 30 30 31 32 52 46    -id="US1400012RF
00000070: 22 20 74 76 67 2D 69 64 3D 22 55 53 31 34 30 30    " tvg-id="US1400
00000080: 30 31 32 52 46 22 20 74 76 67 2D 63 68 6E 6F 3D    012RF" tvg-chno=
00000090: 22 32 33 34 34 22 20 74 76 67 2D 6E 61 6D 65 3D    "2344" tvg-name=
000000a0: 22 46 61 6E 44 75 65 6C 20 54 56 20 45 78 74 72    "FanDuel TV Extr
000000b0: 61 22 20 74 76 67 2D 6C 6F 67 6F 3D 22 68 74 74    a" tvg-logo="htt
000000c0: 70 73 3A 2F 2F 74 76 70 6E 6C 6F 67 6F 70 75 73    ps://tvpnlogopus
000000d0: 2E 73 61 6D 73 75 6E 67 63 6C 6F 75 64 2E 74 76    .samsungcloud.tv
000000e0: 2F 70 6C 61 74 66 6F 72 6D 2F 69 6D 61 67 65 2F    /platform/image/
000000f0: 73 6F 75 72 63 65 6C 6F 67 6F 2F 76 63 2F 30 30    sourcelogo/vc/00
00000100: 2F 30 32 2F 33 34 2F 55 53 31 34 30 30 30 31 32    /02/34/US1400012
00000110: 52 46 5F 32 30 32 35 30 33 31 38 54 30 32 31 30    RF_20250318T0210
00000120: 32 37 53 51 55 41 52 45 2E 70 6E 67 22 20 67 72    27SQUARE.png" gr
00000130: 6F 75 70 2D 74 69 74 6C 65 3D 22 53 70 6F 72 74    oup-title="Sport
00000140: 73 20 26 20 4F 75 74 64 6F 6F 72 73 22 2C 46 61    s & Outdoors",Fa
00000150: 6E 44 75 65 6C 20 54 56 20 45 78 74 72 61 0A 68    nDuel TV Extra.h
00000160: 74 74 70 73 3A 2F 2F 6A 6D 70 32 2E 75 6B 2F 73    ttps://jmp2.uk/s
00000170: 74 76 70 2D 55 53 31 34 30 30 30 31 32 52 46 0A    tvp-US1400012RF.
00000180: 23 45 58 54 49 4E 46 3A 2D 31 20 63 68 61 6E 6E    #EXTINF:-1 chann
00000190: 65 6C 2D 69 64 3D 22 55 53 42 42 32 33 30 30 30    el-id="USBB23000
000001a0: 30 32 51 36 22 20 74 76 67 2D 69 64 3D 22 55 53    02Q6" tvg-id="US
000001b0: 42 42 32 33 30 30 30 30 32 51 36 22 20 74 76 67    BB2300002Q6" tvg
000001c0: 2D 63 68 6E 6F 3D 22 32 37 32 30 22 20 74 76 67    -chno="2720" tvg
000001d0: 2D 6E 61 6D 65 3D 22 46 65 61 72 20 46 61 63 74    -name="Fear Fact
000001e0: 6F 72 22 20 74 76 67 2D 6C 6F 67 6F 3D 22 68 74    or" tvg-logo="ht
000001f0: 74 70 73 3A 2F 2F 74 76 70 6E 6C 6F 67 6F 70 75    tps://tvpnlogopu
00000200: 73 2E 73 61 6D 73 75 6E 67 63 6C 6F 75 64 2E 74    s.samsungcloud.t
00000210: 76 2F 70 6C 61 74 66 6F 72 6D 2F 69 6D 61 67 65    v/platform/image
00000220: 2F 73 6F 75 72 63 65 6C 6F 67 6F 2F 76 63 2F 30    /sourcelogo/vc/0
00000230: 30 2F 30 32 2F 33 34 2F 55 53 42 42 32 33 30 30    0/02/34/USBB2300
00000240: 30 30 32 51 36 5F 32 30 32 35 31 31 30 34 54 30    002Q6_20251104T0
00000250: 30 34 35 33 31 53 51 55 41 52 45 2E 70 6E 67 22    04531SQUARE.png"
00000260: 20 67 72 6F 75 70 2D 74 69 74 6C 65 3D 22 52 65     group-title="Re
00000270: 61 6C 69 74 79 20 43 6F 6D 70 65 74 69 74 69 6F    ality Competitio
00000280: 6E 22 2C 46 65 61 72 20 46 61 63 74 6F 72 0A 68    n",Fear Factor.h
00000290: 74 74 70 73 3A 2F 2F 6A 6D 70 32 2E 75 6B 2F 73    ttps://jmp2.uk/s
000002a0: 74 76 70 2D 55 53 42 42 32 33 30 30 30 30 32 51    tvp-USBB2300002Q
000002b0: 36 0A 23 45 58 54 49 4E 46 3A 2D 31 20 63 68 61    6.#EXTINF:-1 cha
000002c0: 6E 6E 65 6C 2D 69 64 3D 22 55 53 42 43 31 33 30    nnel-id="USBC130
000002d0: 30 30 31 32 56 4B 22 20 74 76 67 2D 69 64 3D 22    0012VK" tvg-id="
000002e0: 55 53 42 43 31 33 30 30 30 31 32 56 4B 22 20 74    USBC1300012VK" t
000002f0: 76 67 2D 63 68 6E 6F 3D 22 33 30 30 35 22 20 74    vg-chno="3005" t
00000300: 76 67 2D 6E 61 6D 65 3D 22 46 65 61 72 20 5A 6F    vg-name="Fear Zo
00000310: 6E 65 22 20 74 76 67 2D 6C 6F 67 6F 3D 22 68 74    ne" tvg-logo="ht
00000320: 74 70 73 3A 2F 2F 74 76 70 6E 6C 6F 67 6F 70 75    tps://tvpnlogopu
00000330: 73 2E 73 61 6D 73 75 6E 67 63 6C 6F 75 64 2E 74    s.samsungcloud.t
00000340: 76 2F 70 6C 61 74 66 6F 72 6D 2F 69 6D 61 67 65    v/platform/image
00000350: 2F 73 6F 75 72 63 65 6C 6F 67 6F 2F 76 63 2F 30    /sourcelogo/vc/0
00000360: 30 2F 30 32 2F 33 34 2F 55 53 42 43 31 33 30 30    0/02/34/USBC1300
00000370: 30 31 32 56 4B 5F 32 30 32 35 31 30 31 37 54 31    012VK_20251017T1
00000380: 36 31 38 33 33 53 51 55 41 52 45 2E 70 6E 67 22    61833SQUARE.png"
00000390: 20 67 72 6F 75 70 2D 74 69 74 6C 65 3D 22 53 63     group-title="Sc
000003a0: 69 2D 46 69 20 26 20 48 6F 72 72 6F 72 22 2C 46    i-Fi & Horror",F
000003b0: 65 61 72 20 5A 6F 6E 65 0A 68 74 74 70 73 3A 2F    ear Zone.https:/
000003c0: 2F 6A 6D 70 32 2E 75 6B 2F 73 74 76 70 2D 55 53    /jmp2.uk/stvp-US
000003d0: 42 43 31 33 30 30 30 31 32 56 4B 0A 23 45 58 54    BC1300012VK.#EXT
000003e0: 49 4E 46 3A 2D 31 20 63 68 61 6E 6E 65 6C 2D 69    INF:-1 channel-i
000003f0: 64 3D 22 55 53 42 44 31 32 30 30 30 32 35 35 42    d="USBD12000255B
00000400: 22 20 74 76 67 2D 69 64 3D 22 55 53 42 44 31 32    " tvg-id="USBD12
00000410: 30 30 30 32 35 35 42 22 20 74 76 67 2D 63 68 6E    000255B" tvg-chn
00000420: 6F 3D 22 32 33 36 38 22 20 74 76 67 2D 6E 61 6D    o="2368" tvg-nam
00000430: 65 3D 22 46 49 46 41 2B 22 20 74 76 67 2D 6C 6F    e="FIFA+" tvg-lo
00000440: 67 6F 3D 22 68 74 74 70 73 3A 2F 2F 74 76 70 6E    go="https://tvpn
00000450: 6C 6F 67 6F 70 75 73 2E 73 61 6D 73 75 6E 67 63    logopus.samsungc
00000460: 6C 6F 75 64 2E 74 76 2F 70 6C 61 74 66 6F 72 6D    loud.tv/platform
00000470: 2F 69 6D 61 67 65 2F 73 6F 75 72 63 65 6C 6F 67    /image/sourcelog
00000480: 6F 2F 76 63 2F 30 30 2F 30 32 2F 33 34 2F 55 53    o/vc/00/02/34/US
00000490: 42 44 31 32 30 30 30 32 35 35 42 5F 32 30 32 35    BD12000255B_2025
000004a0: 30 36 32 33 54 32 32 34 37 30 38 53 51 55 41 52    0623T224708SQUAR
000004b0: 45 2E 70 6E 67 22 20 67 72 6F 75 70 2D 74 69 74    E.png" group-tit
000004c0: 6C 65 3D 22 53 70 6F 72 74 73 20 26 20 4F 75 74    le="Sports & Out
000004d0: 64 6F 6F 72 73 22 2C 46 49 46 41 2B 0A 68 74 74    doors",FIFA+.htt
000004e0: 70 73 3A 2F 2F 6A 6D 70 32 2E 75 6B 2F 73 74 76    ps://jmp2.uk/stv
000004f0: 70 2D 55 53 42 44 31 32 30 30 30 32 35 35 42 0A    p-USBD12000255B.
00000500: 23 45 58 54 49 4E 46 3A 2D 31 20 63 68 61 6E 6E    #EXTINF:-1 chann
00000510: 65 6C 2D 69 64 3D 22 55 53 33 35 30 30 30 30 34    el-id="US3500004
00000520: 4D 37 22 20 74 76 67 2D 69 64 3D 22 55 53 33 35    M7" tvg-id="US35
00000530: 30 30 30 30 34 4D 37 22 20 74 76 67 2D 63 68 6E    00004M7" tvg-chn
00000540: 6F 3D 22 33 32 31 30 22 20 74 76 67 2D 6E 61 6D    o="3210" tvg-nam
00000550: 65 3D 22 46 69 6C 6D 52 69 73 65 20 41 6E 69 6D    e="FilmRise Anim
00000560: 65 22 20 74 76 67 2D 6C 6F 67 6F 3D 22 68 74 74    e" tvg-logo="htt
00000570: 70 73 3A 2F 2F 74 76 70 6E 6C 6F 67 6F 70 75 73    ps://tvpnlogopus
00000580: 2E 73 61 6D 73 75 6E 67 63 6C 6F 75 64 2E 74 76    .samsungcloud.tv
00000590: 2F 70 6C 61 74 66 6F 72 6D 2F 69 6D 61 67 65 2F    /platform/image/
000005a0: 73 6F 75 72 63 65 6C 6F 67 6F 2F 76 63 2F 30 30    sourcelogo/vc/00
000005b0: 2F 30 32 2F 33 34 2F 55 53 33 35 30 30 30 30 34    /02/34/US3500004
000005c0: 4D 37 5F 32 30 32 35 31 31 32 35 54 31 39 31 33    M7_20251125T1913
000005d0: 31 30 53 51 55 41 52 45 2E 70 6E 67 22 20 67 72    10SQUARE.png" gr
000005e0: 6F 75 70 2D 74 69 74 6C 65 3D 22 41 6E 69 6D 65    oup-title="Anime
000005f0: 20 26 20 47 61 6D 69 6E 67 22 2C 46 69 6C 6D 52     & Gaming",FilmR
00000600: 69 73 65 20 41 6E 69 6D 65 0A 68 74 74 70 73 3A    ise Anime.https:
00000610: 2F 2F 6A 6D 70 32 2E 75 6B 2F 73 74 76 70 2D 55    //jmp2.uk/stvp-U
00000620: 53 33 35 30 30 30 30 34 4D 37 0A 23 45 58 54 49    S3500004M7.#EXTI
00000630: 4E 46 3A 2D 31 20 63 68 61 6E 6E 65 6C 2D 69 64    NF:-1 channel-id
00000640: 3D 22 55 53 42 42 33 32 30 30 30 31 39 36 4F 22    ="USBB32000196O"
00000650: 20 74 76 67 2D 69 64 3D 22 55 53 42 42 33 32 30     tvg-id="USBB320
00000660: 30 30 31 39 36 4F 22 20 74 76 67 2D 63 68 6E 6F    00196O" tvg-chno
00000670: 3D 22 31 34 30 38 22 20 74 76 67 2D 6E 61 6D 65    ="1408" tvg-name
00000680: 3D 22 46 69 6C 6D 52 69 73 65 20 57 65 73 74 65    ="FilmRise Weste
00000690: 72 6E 73 22 20 74 76 67 2D 6C 6F 67 6F 3D 22 68    rns" tvg-logo="h
000006a0: 74 74 70 73 3A 2F 2F 74 76 70 6E 6C 6F 67 6F 70    ttps://tvpnlogop
000006b0: 75 73 2E 73 61 6D 73 75 6E 67 63 6C 6F 75 64 2E    us.samsungcloud.
000006c0: 74 76 2F 70 6C 61 74 66 6F 72 6D 2F 69 6D 61 67    tv/platform/imag
000006d0: 65 2F 73 6F 75 72 63 65 6C 6F 67 6F 2F 76 63 2F    e/sourcelogo/vc/
000006e0: 30 30 2F 30 32 2F 33 34 2F 55 53 42 42 33 32 30    00/02/34/USBB320
000006f0: 30 30 31 39 36 4F 5F 32 30 32 35 31 31 32 35 54    00196O_20251125T
00000700: 31 39 31 33 30 37 53 51 55 41 52 45 2E 70 6E 67    191307SQUARE.png
00000710: 22 20 67 72 6F 75 70 2D 74 69 74 6C 65 3D 22 57    " group-title="W
00000720: 65 73 74 65 72 6E 20 26 20 43 6C 61 73 73 69 63    estern & Classic
00000730: 20 54 56 22 2C 46 69 6C 6D 52 69 73 65 20 57 65     TV",FilmRise We
00000740: 73 74 65 72 6E 73 0A 68 74 74 70 73 3A 2F 2F 6A    sterns.https://j
00000750: 6D 70 32 2E 75 6B 2F 73 74 76 70 2D 55 53 42 42    mp2.uk/stvp-USBB
00000760: 33 32 30 30 30 31 39 36 4F 0A 23 45 58 54 49 4E    32000196O.#EXTIN
00000770: 46 3A 2D 31 20 63 68 61 6E 6E 65 6C 2D 69 64 3D    F:-1 channel-id=
00000780: 22 55 53 42 44 34 32 30 30 30 31 32 34 54 22 20    "USBD42000124T" 
00000790: 74 76 67 2D 69 64 3D 22 55 53 42 44 34 32 30 30    tvg-id="USBD4200
000007a0: 30 31 32 34 54 22 20 74 76 67 2D 63 68 6E 6F 3D    0124T" tvg-chno=
000007b0: 22 33 36 33 36 22 20 74 76 67 2D 6E 61 6D 65 3D    "3636" tvg-name=
000007c0: 22 46 69 72 65 6D 61 6E 20 53 61 6D 22 20 74 76    "Fireman Sam" tv
000007d0: 67 2D 6C 6F 67 6F 3D 22 68 74 74 70 73 3A 2F 2F    g-logo="https://
000007e0: 74 76 70 6E 6C 6F 67 6F 70 75 73 2E 73 61 6D 73    tvpnlogopus.sams
000007f0: 75 6E 67 63 6C 6F 75 64 2E 74 76 2F 70 6C 61 74    ungcloud.tv/plat
00000800: 66 6F 72 6D 2F 69 6D 61 67 65 2F 73 6F 75 72 63    form/image/sourc
00000810: 65 6C 6F 67 6F 2F 76 63 2F 30 30 2F 30 32 2F 33    elogo/vc/00/02/3
00000820: 34 2F 55 53 42 44 34 32 30 30 30 31 32 34 54 5F    4/USBD42000124T_
00000830: 32 30 32 35 30 31 32 31 54 31 30 31 30 35 35 53    20250121T101055S
00000840: 51 55 41 52 45 2E 70 6E 67 22 20 67 72 6F 75 70    QUARE.png" group
00000850: 2D 74 69 74 6C 65 3D 22 4B 69 64 73 22 2C 46 69    -title="Kids",Fi
00000860: 72 65 6D 61 6E 20 53 61 6D 0A 68 74 74 70 73 3A    reman Sam.https:
00000870: 2F 2F 6A 6D 70 32 2E 75 6B 2F 73 74 76 70 2D 55    //jmp2.uk/stvp-U
00000880: 53 42 44 34 32 30 30 30 31 32 34 54 0A 23 45 58    SBD42000124T.#EX
00000890: 54 49 4E 46 3A 2D 31 20 63 68 61 6E 6E 65 6C 2D    TINF:-1 channel-
000008a0: 69 64 3D 22 55 53 42 41 33 38 30 30 30 30 34 45    id="USBA3800004E
000008b0: 4C 22 20 74 76 67 2D 69 64 3D 22 55 53 42 41 33    L" tvg-id="USBA3
000008c0: 38 30 30 30 30 34 45 4C 22 20 74 76 67 2D 63 68    800004EL" tvg-ch
000008d0: 6E 6F 3D 22 34 35 38 37 22 20 74 76 67 2D 6E 61    no="4587" tvg-na
000008e0: 6D 65 3D 22 46 69 72 65 70 6C 61 63 65 20 56 69    me="Fireplace Vi
000008f0: 62 65 73 22 20 74 76 67 2D 6C 6F 67 6F 3D 22 68    bes" tvg-logo="h
00000900: 74 74 70 73 3A 2F 2F 74 76 70 6E 6C 6F 67 6F 70    ttps://tvpnlogop
00000910: 75 73 2E 73 61 6D 73 75 6E 67 63 6C 6F 75 64 2E    us.samsungcloud.
00000920: 74 76 2F 70 6C 61 74 66 6F 72 6D 2F 69 6D 61 67    tv/platform/imag
00000930: 65 2F 73 6F 75 72 63 65 6C 6F 67 6F 2F 76 63 2F    e/sourcelogo/vc/
00000940: 30 30 2F 30 32 2F 33 34 2F 55 53 42 41 33 38 30    00/02/34/USBA380
00000950: 30 30 30 34 45 4C 5F 32 30 32 34 31 31 30 35 54    0004EL_20241105T
00000960: 31 38 35 36 35 35 53 51 55 41 52 45 2E 70 6E 67    185655SQUARE.png
00000970: 22 20 67 72 6F 75 70 2D 74 69 74 6C 65 3D 22 41    " group-title="A
00000980: 6D 62 69 61 6E 63 65 22 2C 46 69 72 65 70 6C 61    mbiance",Firepla
00000990: 63 65 20 56 69 62 65 73 0A 68 74 74 70 73 3A 2F    ce Vibes.https:/
000009a0: 2F 6A 6D 70 32 2E 75 6B 2F 73 74 76 70 2D 55 53    /jmp2.uk/stvp-US
000009b0: 42 41 33 38 30 30 30 30 34 45 4C 0A 23 45 58 54    BA3800004EL.#EXT
000009c0: 49 4E 46 3A 2D 31 20 63 68 61 6E 6E 65 6C 2D 69    INF:-1 channel-i
000009d0: 64 3D 22 55 53 42 44 34 32 30 30 30 30 38 52 53    d="USBD4200008RS
000009e0: 22 20 74 76 67 2D 69 64 3D 22 55 53 42 44 34 32    " tvg-id="USBD42
000009f0: 30 30 30 30 38 52 53 22 20 74 76 67 2D 63 68 6E    00008RS" tvg-chn
00000a00: 6F 3D 22 32 30 32 30 22 20 74 76 67 2D 6E 61 6D    o="2020" tvg-nam
00000a10: 65 3D 22 46 6C 69 70 70 69 6E 67 20 4E 61 74 69    e="Flipping Nati
00000a20: 6F 6E 22 20 74 76 67 2D 6C 6F 67 6F 3D 22 68 74    on" tvg-logo="ht
00000a30: 74 70 73 3A 2F 2F 74 76 70 6E 6C 6F 67 6F 70 75    tps://tvpnlogopu
00000a40: 73 2E 73 61 6D 73 75 6E 67 63 6C 6F 75 64 2E 74    s.samsungcloud.t
00000a50: 76 2F 70 6C 61 74 66 6F 72 6D 2F 69 6D 61 67 65    v/platform/image
00000a60: 2F 73 6F 75 72 63 65 6C 6F 67 6F 2F 76 63 2F 30    /sourcelogo/vc/0
00000a70: 30 2F 30 32 2F 33 34 2F 55 53 42 44 34 32 30 30    0/02/34/USBD4200
00000a80: 30 30 38 52 53 5F 32 30 32 35 30 39 30 39 54 30    008RS_20250909T0
00000a90: 30 32 38 31 30 53 51 55 41 52 45 2E 70 6E 67 22    02810SQUARE.png"
00000aa0: 20 67 72 6F 75 70 2D 74 69 74 6C 65 3D 22 48 6F     group-title="Ho
00000ab0: 6D 65 20 26 20 46 6F 6F 64 22 2C 46 6C 69 70 70    me & Food",Flipp
00000ac0: 69 6E 67 20 4E 61 74 69 6F 6E 0A 68 74 74 70 73    ing Nation.https
00000ad0: 3A 2F 2F 6A 6D 70 32 2E 75 6B 2F 73 74 76 70 2D    ://jmp2.uk/stvp-
00000ae0: 55 53 42 44 34 32 30 30 30 30 38 52 53 0A 23 45    USBD4200008RS.#E
00000af0: 58 54 49 4E 46 3A 2D 31 20 63 68 61 6E 6E 65 6C    XTINF:-1 channel
00000b00: 2D 69 64 3D 22 55 53 42 42 33 32 30 30 30 31 37    -id="USBB3200017
00000b10: 4D 59 22 20 74 76 67 2D 69 64 3D 22 55 53 42 42    MY" tvg-id="USBB
00000b20: 33 32 30 30 30 31 37 4D 59 22 20 74 76 67 2D 63    3200017MY" tvg-c
00000b30: 68 6E 6F 3D 22 31 38 35 39 22 20 74 76 67 2D 6E    hno="1859" tvg-n
00000b40: 61 6D 65 3D 22 46 6F 72 65 6E 73 69 63 20 46 69    ame="Forensic Fi
00000b50: 6C 65 73 22 20 74 76 67 2D 6C 6F 67 6F 3D 22 68    les" tvg-logo="h
00000b60: 74 74 70 73 3A 2F 2F 74 76 70 6E 6C 6F 67 6F 70    ttps://tvpnlogop
00000b70: 75 73 2E 73 61 6D 73 75 6E 67 63 6C 6F 75 64 2E    us.samsungcloud.
00000b80: 74 76 2F 70 6C 61 74 66 6F 72 6D 2F 69 6D 61 67    tv/platform/imag
00000b90: 65 2F 73 6F 75 72 63 65 6C 6F 67 6F 2F 76 63 2F    e/sourcelogo/vc/
00000ba0: 30 30 2F 30 32 2F 33 34 2F 55 53 42 42 33 32 30    00/02/34/USBB320
00000bb0: 30 30 31 37 4D 59 5F 32 30 32 35 31 32 30 32 54    0017MY_20251202T
00000bc0: 30 30 35 38 35 33 53 51 55 41 52 45 2E 70 6E 67    005853SQUARE.png
00000bd0: 22 20 67 72 6F 75 70 2D 74 69 74 6C 65 3D 22 43    " group-title="C
00000be0: 72 69 6D 65 22 2C 46 6F 72 65 6E 73 69 63 20 46    rime",Forensic F
00000bf0: 69 6C 65 73 0A 68 74 74 70 73 3A 2F 2F 6A 6D 70    iles.https://jmp
00000c00: 32 2E 75 6B 2F 73 74 76 70 2D 55 53 42 42 33 32    2.uk/stvp-USBB32
00000c10: 30 30 30 31 37 4D 59 0A 23 45 58 54 49 4E 46 3A    00017MY.#EXTINF:
00000c20: 2D 31 20 63 68 61 6E 6E 65 6C 2D 69 64 3D 22 55    -1 channel-id="U
00000c30: 53 42 44 32 37 30 30 30 31 34 51 57 22 20 74 76    SBD2700014QW" tv
00000c40: 67 2D 69 64 3D 22 55 53 42 44 32 37 30 30 30 31    g-id="USBD270001
00000c50: 34 51 57 22 20 74 76 67 2D 63 68 6E 6F 3D 22 32    4QW" tvg-chno="2
00000c60: 37 33 34 22 20 74 76 67 2D 6E 61 6D 65 3D 22 46    734" tvg-name="F
00000c70: 6F 72 67 65 64 20 49 6E 20 46 69 72 65 22 20 74    orged In Fire" t
00000c80: 76 67 2D 6C 6F 67 6F 3D 22 68 74 74 70 73 3A 2F    vg-logo="https:/
00000c90: 2F 74 76 70 6E 6C 6F 67 6F 70 75 73 2E 73 61 6D    /tvpnlogopus.sam
00000ca0: 73 75 6E 67 63 6C 6F 75 64 2E 74 76 2F 70 6C 61    sungcloud.tv/pla
00000cb0: 74 66 6F 72 6D 2F 69 6D 61 67 65 2F 73 6F 75 72    tform/image/sour
00000cc0: 63 65 6C 6F 67 6F 2F 76 63 2F 30 30 2F 30 32 2F    celogo/vc/00/02/
00000cd0: 33 34 2F 55 53 42 44 32 37 30 30 30 31 34 51 57    34/USBD2700014QW
00000ce0: 5F 32 30 32 35 31 31 32 35 54 30 33 30 38 34 31    _20251125T030841
00000cf0: 53 51 55 41 52 45 2E 70 6E 67 22 20 67 72 6F 75    SQUARE.png" grou
00000d00: 70 2D 74 69 74 6C 65 3D 22 52 65 61 6C 69 74 79    p-title="Reality
00000d10: 20 43 6F 6D 70 65 74 69 74 69 6F 6E 22 2C 46 6F     Competition",Fo
00000d20: 72 67 65 64 20 49 6E 20 46 69 72 65 0A 68 74 74    rged In Fire.htt
00000d30: 70 73 3A 2F 2F 6A 6D 70 32 2E 75 6B 2F 73 74 76    ps://jmp2.uk/stv
00000d40: 70 2D 55 53 42 44 32 37 30 30 30 31 34 51 57 0A    p-USBD2700014QW.
00000d50: 23 45 58 54 49 4E 46 3A 2D 31 20 63 68 61 6E 6E    #EXTINF:-1 chann
00000d60: 65 6C 2D 69 64 3D 22 55 53 36 30 30 30 31 31 51    el-id="US600011Q
00000d70: 32 22 20 74 76 67 2D 69 64 3D 22 55 53 36 30 30    2" tvg-id="US600
00000d80: 30 31 31 51 32 22 20 74 76 67 2D 63 68 6E 6F 3D    011Q2" tvg-chno=
00000d90: 22 32 35 31 30 22 20 74 76 67 2D 6E 61 6D 65 3D    "2510" tvg-name=
00000da0: 22 46 6F 72 6D 75 6C 61 20 31 20 43 68 61 6E 6E    "Formula 1 Chann
00000db0: 65 6C 22 20 74 76 67 2D 6C 6F 67 6F 3D 22 68 74    el" tvg-logo="ht
00000dc0: 74 70 73 3A 2F 2F 74 76 70 6E 6C 6F 67 6F 70 75    tps://tvpnlogopu
00000dd0: 73 2E 73 61 6D 73 75 6E 67 63 6C 6F 75 64 2E 74    s.samsungcloud.t
00000de0: 76 2F 70 6C 61 74 66 6F 72 6D 2F 69 6D 61 67 65    v/platform/image
00000df0: 2F 73 6F 75 72 63 65 6C 6F 67 6F 2F 76 63 2F 30    /sourcelogo/vc/0
00000e00: 30 2F 30 32 2F 33 34 2F 55 53 36 30 30 30 31 31    0/02/34/US600011
00000e10: 51 32 5F 32 30 32 34 31 31 31 32 54 30 30 31 30    Q2_20241112T0010
00000e20: 31 39 53 51 55 41 52 45 2E 70 6E 67 22 20 67 72    19SQUARE.png" gr
00000e30: 6F 75 70 2D 74 69 74 6C 65 3D 22 4D 6F 74 6F 72    oup-title="Motor
00000e40: 20 53 70 6F 72 74 73 22 2C 46 6F 72 6D 75 6C 61     Sports",Formula
00000e50: 20 31 20 43 68 61 6E 6E 65 6C 0A 68 74 74 70 73     1 Channel.https
00000e60: 3A 2F 2F 6A 6D 70 32 2E 75 6B 2F 73 74 76 70 2D    ://jmp2.uk/stvp-
00000e70: 55 53 36 30 30 30 31 31 51 32 0A 23 45 58 54 49    US600011Q2.#EXTI
00000e80: 4E 46 3A 2D 31 20 63 68 61 6E 6E 65 6C 2D 69 64    NF:-1 channel-id
00000e90: 3D 22 55 53 42 41 33 30 30 30 33 32 4A 37 22 20    ="USBA300032J7" 
00000ea0: 74 76 67 2D 69 64 3D 22 55 53 42 41 33 30 30 30    tvg-id="USBA3000
00000eb0: 33 32 4A 37 22 20 74 76 67 2D 63 68 6E 6F 3D 22    32J7" tvg-chno="
00000ec0: 32 39 35 30 22 20 74 76 67 2D 6E 61 6D 65 3D 22    2950" tvg-name="
00000ed0: 46 4F 58 20 53 4F 55 4C 22 20 74 76 67 2D 6C 6F    FOX SOUL" tvg-lo
00000ee0: 67 6F 3D 22 68 74 74 70 73 3A 2F 2F 74 76 70 6E    go="https://tvpn
00000ef0: 6C 6F 67 6F 70 75 73 2E 73 61 6D 73 75 6E 67 63    logopus.samsungc
00000f00: 6C 6F 75 64 2E 74 76 2F 70 6C 61 74 66 6F 72 6D    loud.tv/platform
00000f10: 2F 69 6D 61 67 65 2F 73 6F 75 72 63 65 6C 6F 67    /image/sourcelog
00000f20: 6F 2F 76 63 2F 30 30 2F 30 32 2F 33 34 2F 55 53    o/vc/00/02/34/US
00000f30: 42 41 33 30 30 30 33 32 4A 37 5F 32 30 32 34 30    BA300032J7_20240
00000f40: 35 32 30 54 32 31 34 35 33 34 53 51 55 41 52 45    520T214534SQUARE
00000f50: 2E 70 6E 67 22 20 67 72 6F 75 70 2D 74 69 74 6C    .png" group-titl
00000f60: 65 3D 22 4C 69 66 65 73 74 79 6C 65 20 26 20 50    e="Lifestyle & P
00000f70: 6F 70 20 43 75 6C 74 75 72 65 22 2C 46 4F 58 20    op Culture",FOX 
00000f80: 53 4F 55 4C 0A 68 74 74 70 73 3A 2F 2F 6A 6D 70    SOUL.https://jmp
00000f90: 32 2E 75 6B 2F 73 74 76 70 2D 55 53 42 41 33 30    2.uk/stvp-USBA30
00000fa0: 30 30 33 32 4A 37 0A 23 45 58 54 49 4E 46 3A 2D    0032J7.#EXTINF:-
00000fb0: 31 20 63 68 61 6E 6E 65 6C 2D 69 64 3D 22 55 53    1 channel-id="US
00000fc0: 32 37 30 30 30 30 31 51 59 22 20 74 76 67 2D 69    2700001QY" tvg-i
00000fd0: 64 3D 22 55 53 32 37 30 30 30 30 31 51 59 22 20    d="US2700001QY" 
00000fe0: 74 76 67 2D 63 68 6E 6F 3D 22 32 33 33 34 22 20    tvg-chno="2334" 
00000ff0: 74 76 67 2D 6E 61 6D 65 3D 22 46 4F 58 20 53 70    tvg-name="FOX Sp
00001000: 6F 72 74 73 22 20 74 76 67 2D 6C 6F 67 6F 3D 22    orts" tvg-logo="
00001010: 68 74 74 70 73 3A 2F 2F 74 76 70 6E 6C 6F 67 6F    https://tvpnlogo
00001020: 70 75 73 2E 73 61 6D 73 75 6E 67 63 6C 6F 75 64    pus.samsungcloud
00001030: 2E 74 76 2F 70 6C 61 74 66 6F 72 6D 2F 69 6D 61    .tv/platform/ima
00001040: 67 65 2F 73 6F 75 72 63 65 6C 6F 67 6F 2F 76 63    ge/sourcelogo/vc
00001050: 2F 30 30 2F 30 32 2F 33 34 2F 55 53 32 37 30 30    /00/02/34/US2700
00001060: 30 30 31 51 59 5F 32 30 32 34 31 31 30 35 54 30    001QY_20241105T0
00001070: 32 34 33 30 35 53 51 55 41 52 45 2E 70 6E 67 22    24305SQUARE.png"
00001080: 20 67 72 6F 75 70 2D 74 69 74 6C 65 3D 22 53 70     group-title="Sp
00001090: 6F 72 74 73 20 26 20 4F 75 74 64 6F 6F 72 73 22    orts & Outdoors"
000010a0: 2C 46 4F 58 20 53 70 6F 72 74 73 0A 68 74 74 70    ,FOX Sports.http
000010b0: 73 3A 2F 2F 6A 6D 70 32 2E 75 6B 2F 73 74 76 70    s://jmp2.uk/stvp
000010c0: 2D 55 53 32 37 30 30 30 30 31 51 59 0A 23 45 58    -US2700001QY.#EX
000010d0: 54 49 4E 46 3A 2D 31 20 63 68 61 6E 6E 65 6C 2D    TINF:-1 channel-
000010e0: 69 64 3D 22 55 53 42 44 37 30 30 30 30 33 4C 37    id="USBD700003L7
000010f0: 22 20 74 76 67 2D 69 64 3D 22 55 53 42 44 37 30    " tvg-id="USBD70
00001100: 30 30 30 33 4C 37 22 20 74 76 67 2D 63 68 6E 6F    0003L7" tvg-chno
00001110: 3D 22 31 31 33 30 22 20 74 76 67 2D 6E 61 6D 65    ="1130" tvg-name
00001120: 3D 22 46 4F 58 20 57 65 61 74 68 65 72 22 20 74    ="FOX Weather" t
00001130: 76 67 2D 6C 6F 67 6F 3D 22 68 74 74 70 73 3A 2F    vg-logo="https:/
00001140: 2F 74 76 70 6E 6C 6F 67 6F 70 75 73 2E 73 61 6D    /tvpnlogopus.sam
00001150: 73 75 6E 67 63 6C 6F 75 64 2E 74 76 2F 70 6C 61    sungcloud.tv/pla
00001160: 74 66 6F 72 6D 2F 69 6D 61 67 65 2F 73 6F 75 72    tform/image/sour
00001170: 63 65 6C 6F 67 6F 2F 76 63 2F 30 30 2F 30 32 2F    celogo/vc/00/02/
00001180: 33 34 2F 55 53 42 44 37 30 30 30 30 33 4C 37 5F    34/USBD700003L7_
00001190: 32 30 32 35 30 39 30 39 54 32 31 33 31 30 39 53    20250909T213109S
000011a0: 51 55 41 52 45 2E 70 6E 67 22 20 67 72 6F 75 70    QUARE.png" group
000011b0: 2D 74 69 74 6C 65 3D 22 4E 65 77 73 20 26 20 4F    -title="News & O
000011c0: 70 69 6E 69 6F 6E 22 2C 46 4F 58 20 57 65 61 74    pinion",FOX Weat
000011d0: 68 65 72 0A 68 74 74 70 73 3A 2F 2F 6A 6D 70 32    her.https://jmp2
000011e0: 2E 75 6B 2F 73 74 76 70 2D 55 53 42 44 37 30 30    .uk/stvp-USBD700
000011f0: 30 30 33 4C 37 0A 23 45 58 54 49 4E 46 3A 2D 31    003L7.#EXTINF:-1
00001200: 20 63 68 61 6E 6E 65 6C 2D 69 64 3D 22 55 53 41     channel-id="USA
00001210: 4A 31 37 30 30 30 30 39 51 4A 22 20 74 76 67 2D    J1700009QJ" tvg-
00001220: 69 64 3D 22 55 53 41 4A 31 37 30 30 30 30 39 51    id="USAJ1700009Q
00001230: 4A 22 20 74 76 67 2D 63 68 6E 6F 3D 22 33 39 39    J" tvg-chno="399
00001240: 33 22 20 74 76 67 2D 6E 61 6D 65 3D 22 46 72 65    3" tvg-name="Fre
00001250: 65 54 56 20 45 73 74 65 6C 61 72 22 20 74 76 67    eTV Estelar" tvg
00001260: 2D 6C 6F 67 6F 3D 22 68 74 74 70 73 3A 2F 2F 74    -logo="https://t
00001270: 76 70 6E 6C 6F 67 6F 70 75 73 2E 73 61 6D 73 75    vpnlogopus.samsu
00001280: 6E 67 63 6C 6F 75 64 2E 74 76 2F 70 6C 61 74 66    ngcloud.tv/platf
00001290: 6F 72 6D 2F 69 6D 61 67 65 2F 73 6F 75 72 63 65    orm/image/source
000012a0: 6C 6F 67 6F 2F 76 63 2F 30 30 2F 30 32 2F 33 34    logo/vc/00/02/34
000012b0: 2F 55 53 41 4A 31 37 30 30 30 30 39 51 4A 5F 32    /USAJ1700009QJ_2
000012c0: 30 32 34 31 31 31 32 54 30 30 30 36 33 34 53 51    0241112T000634SQ
000012d0: 55 41 52 45 2E 70 6E 67 22 20 67 72 6F 75 70 2D    UARE.png" group-
000012e0: 74 69 74 6C 65 3D 22 4C 61 74 69 6E 6F 22 2C 46    title="Latino",F
000012f0: 72 65 65 54 56 20 45 73 74 65 6C 61 72 0A 68 74    reeTV Estelar.ht
00001300: 74 70 73 3A 2F 2F 6A 6D 70 32 2E 75 6B 2F 73 74    tps://jmp2.uk/st
00001310: 76 70 2D 55 53 41 4A 31 37 30 30 30 30 39 51 4A    vp-USAJ1700009QJ
00001320: 0A 23 45 58 54 49 4E 46 3A 2D 31 20 63 68 61 6E    .#EXTINF:-1 chan
00001330: 6E 65 6C 2D 69 64 3D 22 55 53 41 4A 32 32 30 30    nel-id="USAJ2200
00001340: 30 32 33 5A 30 22 20 74 76 67 2D 69 64 3D 22 55    023Z0" tvg-id="U
00001350: 53 41 4A 32 32 30 30 30 32 33 5A 30 22 20 74 76    SAJ2200023Z0" tv
00001360: 67 2D 63 68 6E 6F 3D 22 32 33 38 30 22 20 74 76    g-chno="2380" tv
00001370: 67 2D 6E 61 6D 65 3D 22 66 75 62 6F 20 53 70 6F    g-name="fubo Spo
00001380: 72 74 73 20 4E 65 74 77 6F 72 6B 22 20 74 76 67    rts Network" tvg
00001390: 2D 6C 6F 67 6F 3D 22 68 74 74 70 73 3A 2F 2F 74    -logo="https://t
000013a0: 76 70 6E 6C 6F 67 6F 70 75 73 2E 73 61 6D 73 75    vpnlogopus.samsu
000013b0: 6E 67 63 6C 6F 75 64 2E 74 76 2F 70 6C 61 74 66    ngcloud.tv/platf
000013c0: 6F 72 6D 2F 69 6D 61 67 65 2F 73 6F 75 72 63 65    orm/image/source
000013d0: 6C 6F 67 6F 2F 76 63 2F 30 30 2F 30 32 2F 33 34    logo/vc/00/02/34
000013e0: 2F 55 53 41 4A 32 32 30 30 30 32 33 5A 30 5F 32    /USAJ2200023Z0_2
000013f0: 30 32 35 31 30 31 34 54 32 33 30 31 32 30 53 51    0251014T230120SQ
00001400: 55 41 52 45 2E 70 6E 67 22 20 67 72 6F 75 70 2D    UARE.png" group-
00001410: 74 69 74 6C 65 3D 22 53 70 6F 72 74 73 20 26 20    title="Sports & 
00001420: 4F 75 74 64 6F 6F 72 73 22 2C 66 75 62 6F 20 53    Outdoors",fubo S
00001430: 70 6F 72 74 73 20 4E 65 74 77 6F 72 6B 0A 68 74    ports Network.ht
00001440: 74 70 73 3A 2F 2F 6A 6D 70 32 2E 75 6B 2F 73 74    tps://jmp2.uk/st
00001450: 76 70 2D 55 53 41 4A 32 32 30 30 30 32 33 5A 30    vp-USAJ2200023Z0
00001460: 0A 23 45 58 54 49 4E 46 3A 2D 31 20 63 68 61 6E    .#EXTINF:-1 chan
00001470: 6E 65 6C 2D 69 64 3D 22 55 53 42 44 32 37 30 30    nel-id="USBD2700
00001480: 30 30 32 44 55 22 20 74 76 67 2D 69 64 3D 22 55    002DU" tvg-id="U
00001490: 53 42 44 32 37 30 30 30 30 32 44 55 22 20 74 76    SBD2700002DU" tv
000014a0: 67 2D 63 68 6E 6F 3D 22 33 39 36 30 22 20 74 76    g-chno="3960" tv
000014b0: 67 2D 6E 61 6D 65 3D 22 47 61 6C 61 6E 65 73 22    g-name="Galanes"
000014c0: 20 74 76 67 2D 6C 6F 67 6F 3D 22 68 74 74 70 73     tvg-logo="https
000014d0: 3A 2F 2F 74 76 70 6E 6C 6F 67 6F 70 75 73 2E 73    ://tvpnlogopus.s
000014e0: 61 6D 73 75 6E 67 63 6C 6F 75 64 2E 74 76 2F 70    amsungcloud.tv/p
000014f0: 6C 61 74 66 6F 72 6D 2F 69 6D 61 67 65 2F 73 6F    latform/image/so
00001500: 75 72 63 65 6C 6F 67 6F 2F 76 63 2F 30 30 2F 30    urcelogo/vc/00/0
00001510: 32 2F 33 34 2F 55 53 42 44 32 37 30 30 30 30 32    2/34/USBD2700002
00001520: 44 55 5F 32 30 32 34 31 32 32 38 54 30 31 31 35    DU_20241228T0115
00001530: 31 31 53 51 55 41 52 45 2E 70 6E 67 22 20 67 72    11SQUARE.png" gr
00001540: 6F 75 70 2D 74 69 74 6C 65 3D 22 4C 61 74 69 6E    oup-title="Latin
00001550: 6F 22 2C 47 61 6C 61 6E 65 73 0A 68 74 74 70 73    o",Galanes.https
00001560: 3A 2F 2F 6A 6D 70 32 2E 75 6B 2F 73 74 76 70 2D    ://jmp2.uk/stvp-
00001570: 55 53 42 44 32 37 30 30 30 30 32 44 55 0A 23 45    USBD2700002DU.#E
00001580: 58 54 49 4E 46 3A 2D 31 20 63 68 61 6E 6E 65 6C    XTINF:-1 channel
00001590: 2D 69 64 3D 22 55 53 34 34 30 30 30 30 31 50 4C    -id="US4400001PL
000015a0: 22 20 74 76 67 2D 69 64 3D 22 55 53 34 34 30 30    " tvg-id="US4400
000015b0: 30 30 31 50 4C 22 20 74 76 67 2D 63 68 6E 6F 3D    001PL" tvg-chno=
000015c0: 22 32 34 38 33 22 20 74 76 67 2D 6E 61 6D 65 3D    "2483" tvg-name=
000015d0: 22 47 61 6D 65 20 26 20 46 69 73 68 20 54 56 22    "Game & Fish TV"
000015e0: 20 74 76 67 2D 6C 6F 67 6F 3D 22 68 74 74 70 73     tvg-logo="https
000015f0: 3A 2F 2F 74 76 70 6E 6C 6F 67 6F 70 75 73 2E 73    ://tvpnlogopus.s
00001600: 61 6D 73 75 6E 67 63 6C 6F 75 64 2E 74 76 2F 70    amsungcloud.tv/p
00001610: 6C 61 74 66 6F 72 6D 2F 69 6D 61 67 65 2F 73 6F    latform/image/so
00001620: 75 72 63 65 6C 6F 67 6F 2F 76 63 2F 30 30 2F 30    urcelogo/vc/00/0
00001630: 32 2F 33 34 2F 55 53 34 34 30 30 30 30 31 50 4C    2/34/US4400001PL
00001640: 5F 32 30 32 35 30 33 31 38 54 30 32 31 30 33 30    _20250318T021030
00001650: 53 51 55 41 52 45 2E 70 6E 67 22 20 67 72 6F 75    SQUARE.png" grou
00001660: 70 2D 74 69 74 6C 65 3D 22 53 70 6F 72 74 73 20    p-title="Sports 
00001670: 26 20 4F 75 74 64 6F 6F 72 73 22 2C 47 61 6D 65    & Outdoors",Game
00001680: 20 26 20 46 69 73 68 20 54 56 0A 68 74 74 70 73     & Fish TV.https
00001690: 3A 2F 2F 6A 6D 70 32 2E 75 6B 2F 73 74 76 70 2D    ://jmp2.uk/stvp-
000016a0: 55 53 34 34 30 30 30 30 31 50 4C 0A 23 45 58 54    US4400001PL.#EXT
000016b0: 49 4E 46 3A 2D 31 20 63 68 61 6E 6E 65 6C 2D 69    INF:-1 channel-i
000016c0: 64 3D 22 55 53 41 4A 33 34 30 30 30 31 32 46 41    d="USAJ3400012FA
000016d0: 22 20 74 76 67 2D 69 64 3D 22 55 53 41 4A 33 34    " tvg-id="USAJ34
000016e0: 30 30 30 31 32 46 41 22 20 74 76 67 2D 63 68 6E    00012FA" tvg-chn
000016f0: 6F 3D 22 32 38 31 30 22 20 74 76 67 2D 6E 61 6D    o="2810" tvg-nam
00001700: 65 3D 22 47 61 6D 65 20 53 68 6F 77 20 43 65 6E    e="Game Show Cen
00001710: 74 72 61 6C 22 20 74 76 67 2D 6C 6F 67 6F 3D 22    tral" tvg-logo="
00001720: 68 74 74 70 73 3A 2F 2F 74 76 70 6E 6C 6F 67 6F    https://tvpnlogo
00001730: 70 75 73 2E 73 61 6D 73 75 6E 67 63 6C 6F 75 64    pus.samsungcloud
00001740: 2E 74 76 2F 70 6C 61 74 66 6F 72 6D 2F 69 6D 61    .tv/platform/ima
00001750: 67 65 2F 73 6F 75 72 63 65 6C 6F 67 6F 2F 76 63    ge/sourcelogo/vc
00001760: 2F 30 30 2F 30 32 2F 33 34 2F 55 53 41 4A 33 34    /00/02/34/USAJ34
00001770: 30 30 30 31 32 46 41 5F 32 30 32 34 30 39 32 34    00012FA_20240924
00001780: 54 30 31 30 38 33 37 53 51 55 41 52 45 2E 70 6E    T010837SQUARE.pn
00001790: 67 22 20 67 72 6F 75 70 2D 74 69 74 6C 65 3D 22    g" group-title="
000017a0: 47 61 6D 65 20 53 68 6F 77 73 22 2C 47 61 6D 65    Game Shows",Game
000017b0: 20 53 68 6F 77 20 43 65 6E 74 72 61 6C 0A 68 74     Show Central.ht
000017c0: 74 70 73 3A 2F 2F 6A 6D 70 32 2E 75 6B 2F 73 74    tps://jmp2.uk/st
000017d0: 76 70 2D 55 53 41 4A 33 34 30 30 30 31 32 46 41    vp-USAJ3400012FA
000017e0: 0A 23 45 58 54 49 4E 46 3A 2D 31 20 63 68 61 6E    .#EXTINF:-1 chan
000017f0: 6E 65 6C 2D 69 64 3D 22 55 53 32 30 30 30 30 31    nel-id="US200001
00001800: 32 4B 58 22 20 74 76 67 2D 69 64 3D 22 55 53 32    2KX" tvg-id="US2
00001810: 30 30 30 30 31 32 4B 58 22 20 74 76 67 2D 63 68    000012KX" tvg-ch
00001820: 6E 6F 3D 22 31 36 31 34 22 20 74 76 67 2D 6E 61    no="1614" tvg-na
00001830: 6D 65 3D 22 47 65 6E 69 65 20 4B 2D 44 72 61 6D    me="Genie K-Dram
00001840: 61 22 20 74 76 67 2D 6C 6F 67 6F 3D 22 68 74 74    a" tvg-logo="htt
00001850: 70 73 3A 2F 2F 74 76 70 6E 6C 6F 67 6F 70 75 73    ps://tvpnlogopus
00001860: 2E 73 61 6D 73 75 6E 67 63 6C 6F 75 64 2E 74 76    .samsungcloud.tv
00001870: 2F 70 6C 61 74 66 6F 72 6D 2F 69 6D 61 67 65 2F    /platform/image/
00001880: 73 6F 75 72 63 65 6C 6F 67 6F 2F 76 63 2F 30 30    sourcelogo/vc/00
00001890: 2F 30 32 2F 33 34 2F 55 53 32 30 30 30 30 31 32    /02/34/US2000012
000018a0: 4B 58 5F 32 30 32 35 30 38 31 33 54 31 35 31 35    KX_20250813T1515
000018b0: 31 33 53 51 55 41 52 45 2E 70 6E 67 22 20 67 72    13SQUARE.png" gr
000018c0: 6F 75 70 2D 74 69 74 6C 65 3D 22 41 63 74 69 6F    oup-title="Actio
000018d0: 6E 20 26 20 44 72 61 6D 61 22 2C 47 65 6E 69 65    n & Drama",Genie
000018e0: 20 4B 2D 44 72 61 6D 61 0A 68 74 74 70 73 3A 2F     K-Drama.https:/
000018f0: 2F 6A 6D 70 32 2E 75 6B 2F 73 74 76 70 2D 55 53    /jmp2.uk/stvp-US
00001900: 32 30 30 30 30 31 32 4B 58 0A 23 45 58 54 49 4E    2000012KX.#EXTIN
00001910: 46 3A 2D 31 20 63 68 61 6E 6E 65 6C 2D 69 64 3D    F:-1 channel-id=
00001920: 22 55 53 32 30 30 30 30 31 31 33 37 22 20 74 76    "US200001137" tv
00001930: 67 2D 69 64 3D 22 55 53 32 30 30 30 30 31 31 33    g-id="US20000113
00001940: 37 22 20 74 76 67 2D 63 68 6E 6F 3D 22 31 32 37    7" tvg-chno="127
00001950: 37 22 20 74 76 67 2D 6E 61 6D 65 3D 22 47 65 6E    7" tvg-name="Gen
00001960: 69 65 20 4B 2D 4D 6F 76 69 65 22 20 74 76 67 2D    ie K-Movie" tvg-
00001970: 6C 6F 67 6F 3D 22 68 74 74 70 73 3A 2F 2F 74 76    logo="https://tv
00001980: 70 6E 6C 6F 67 6F 70 75 73 2E 73 61 6D 73 75 6E    pnlogopus.samsun
00001990: 67 63 6C 6F 75 64 2E 74 76 2F 70 6C 61 74 66 6F    gcloud.tv/platfo
000019a0: 72 6D 2F 69 6D 61 67 65 2F 73 6F 75 72 63 65 6C    rm/image/sourcel
000019b0: 6F 67 6F 2F 76 63 2F 30 30 2F 30 32 2F 33 34 2F    ogo/vc/00/02/34/
000019c0: 55 53 32 30 30 30 30 31 31 33 37 5F 32 30 32 35    US200001137_2025
000019d0: 30 38 31 33 54 31 35 31 35 31 35 53 51 55 41 52    0813T151515SQUAR
000019e0: 45 2E 70 6E 67 22 20 67 72 6F 75 70 2D 74 69 74    E.png" group-tit
000019f0: 6C 65 3D 22 4D 6F 76 69 65 73 22 2C 47 65 6E 69    le="Movies",Geni
00001a00: 65 20 4B 2D 4D 6F 76 69 65 0A 68 74 74 70 73 3A    e K-Movie.https:
00001a10: 2F 2F 6A 6D 70 32 2E 75 6B 2F 73 74 76 70 2D 55    //jmp2.uk/stvp-U
00001a20: 53 32 30 30 30 30 31 31 33 37 0A 23 45 58 54 49    S200001137.#EXTI
00001a30: 4E 46 3A 2D 31 20 63 68 61 6E 6E 65 6C 2D 69 64    NF:-1 channel-id
00001a40: 3D 22 55 53 33 35 30 30 30 30 35 36 33 22 20 74    ="US350000563" t
00001a50: 76 67 2D 69 64 3D 22 55 53 33 35 30 30 30 30 35    vg-id="US3500005
00001a60: 36 33 22 20 74 76 67 2D 63 68 6E 6F 3D 22 32 36    63" tvg-chno="26
00001a70: 34 30 22 20 74 76 67 2D 6E 61 6D 65 3D 22 47 45    40" tvg-name="GE
00001a80: 54 20 43 6F 6D 65 64 79 22 20 74 76 67 2D 6C 6F    T Comedy" tvg-lo
00001a90: 67 6F 3D 22 68 74 74 70 73 3A 2F 2F 74 76 70 6E    go="https://tvpn
00001aa0: 6C 6F 67 6F 70 75 73 2E 73 61 6D 73 75 6E 67 63    logopus.samsungc
00001ab0: 6C 6F 75 64 2E 74 76 2F 70 6C 61 74 66 6F 72 6D    loud.tv/platform
00001ac0: 2F 69 6D 61 67 65 2F 73 6F 75 72 63 65 6C 6F 67    /image/sourcelog
00001ad0: 6F 2F 76 63 2F 30 30 2F 30 32 2F 33 34 2F 55 53    o/vc/00/02/34/US
00001ae0: 33 35 30 30 30 30 35 36 33 5F 32 30 32 34 31 30    350000563_202410
00001af0: 32 32 54 30 30 34 34 31 32 53 51 55 41 52 45 2E    22T004412SQUARE.
00001b00: 70 6E 67 22 20 67 72 6F 75 70 2D 74 69 74 6C 65    png" group-title
00001b10: 3D 22 43 6F 6D 65 64 79 22 2C 47 45 54 20 43 6F    ="Comedy",GET Co
00001b20: 6D 65 64 79 0A 68 74 74 70 73 3A 2F 2F 6A 6D 70    medy.https://jmp
00001b30: 32 2E 75 6B 2F 73 74 76 70 2D 55 53 33 35 30 30    2.uk/stvp-US3500
00001b40: 30 30 35 36 33 0A 23 45 58 54 49 4E 46 3A 2D 31    00563.#EXTINF:-1
00001b50: 20 63 68 61 6E 6E 65 6C 2D 69 64 3D 22 55 53 42     channel-id="USB
00001b60: 44 31 32 30 30 30 30 32 50 4D 22 20 74 76 67 2D    D1200002PM" tvg-
00001b70: 69 64 3D 22 55 53 42 44 31 32 30 30 30 30 32 50    id="USBD1200002P
00001b80: 4D 22 20 74 76 67 2D 63 68 6E 6F 3D 22 31 34 35    M" tvg-chno="145
00001b90: 35 22 20 74 76 67 2D 6E 61 6D 65 3D 22 67 65 74    5" tvg-name="get
00001ba0: 20 54 56 22 20 74 76 67 2D 6C 6F 67 6F 3D 22 68     TV" tvg-logo="h
00001bb0: 74 74 70 73 3A 2F 2F 74 76 70 6E 6C 6F 67 6F 70    ttps://tvpnlogop
00001bc0: 75 73 2E 73 61 6D 73 75 6E 67 63 6C 6F 75 64 2E    us.samsungcloud.
00001bd0: 74 76 2F 70 6C 61 74 66 6F 72 6D 2F 69 6D 61 67    tv/platform/imag
00001be0: 65 2F 73 6F 75 72 63 65 6C 6F 67 6F 2F 76 63 2F    e/sourcelogo/vc/
00001bf0: 30 30 2F 30 32 2F 33 34 2F 55 53 42 44 31 32 30    00/02/34/USBD120
00001c00: 30 30 30 32 50 4D 5F 32 30 32 34 31 31 31 32 54    0002PM_20241112T
00001c10: 30 30 32 30 32 39 53 51 55 41 52 45 2E 70 6E 67    002029SQUARE.png
00001c20: 22 20 67 72 6F 75 70 2D 74 69 74 6C 65 3D 22 57    " group-title="W
00001c30: 65 73 74 65 72 6E 20 26 20 43 6C 61 73 73 69 63    estern & Classic
00001c40: 20 54 56 22 2C 67 65 74 20 54 56 0A 68 74 74 70     TV",get TV.http
00001c50: 73 3A 2F 2F 6A 6D 70 32 2E 75 6B 2F 73 74 76 70    s://jmp2.uk/stvp
00001c60: 2D 55 53 42 44 31 32 30 30 30 30 32 50 4D 0A 23    -USBD1200002PM.#
00001c70: 45 58 54 49 4E 46 3A 2D 31 20 63 68 61 6E 6E 65    EXTINF:-1 channe
00001c80: 6C 2D 69 64 3D 22 55 53 33 39 30 30 30 32 31 38    l-id="US39000218
00001c90: 56 22 20 74 76 67 2D 69 64 3D 22 55 53 33 39 30    V" tvg-id="US390
00001ca0: 30 30 32 31 38 56 22 20 74 76 67 2D 63 68 6E 6F    00218V" tvg-chno
00001cb0: 3D 22 33 30 30 39 22 20 74 76 67 2D 6E 61 6D 65    ="3009" tvg-name
00001cc0: 3D 22 47 68 6F 73 74 20 48 75 6E 74 65 72 73 22    ="Ghost Hunters"
00001cd0: 20 74 76 67 2D 6C 6F 67 6F 3D 22 68 74 74 70 73     tvg-logo="https
00001ce0: 3A 2F 2F 74 76 70 6E 6C 6F 67 6F 70 75 73 2E 73    ://tvpnlogopus.s
00001cf0: 61 6D 73 75 6E 67 63 6C 6F 75 64 2E 74 76 2F 70    amsungcloud.tv/p
00001d00: 6C 61 74 66 6F 72 6D 2F 69 6D 61 67 65 2F 73 6F    latform/image/so
00001d10: 75 72 63 65 6C 6F 67 6F 2F 76 63 2F 30 30 2F 30    urcelogo/vc/00/0
00001d20: 32 2F 33 34 2F 55 53 33 39 30 30 30 32 31 38 56    2/34/US39000218V
00001d30: 5F 32 30 32 35 31 31 31 38 54 30 33 30 36 31 34    _20251118T030614
00001d40: 53 51 55 41 52 45 2E 70 6E 67 22 20 67 72 6F 75    SQUARE.png" grou
00001d50: 70 2D 74 69 74 6C 65 3D 22 53 63 69 2D 46 69 20    p-title="Sci-Fi 
00001d60: 26 20 48 6F 72 72 6F 72 22 2C 47 68 6F 73 74 20    & Horror",Ghost 
00001d70: 48 75 6E 74 65 72 73 0A 68 74 74 70 73 3A 2F 2F    Hunters.https://
00001d80: 6A 6D 70 32 2E 75 6B 2F 73 74 76 70 2D 55 53 33    jmp2.uk/stvp-US3
00001d90: 39 30 30 30 32 31 38 56 0A 23 45 58 54 49 4E 46    9000218V.#EXTINF
00001da0: 3A 2D 31 20 63 68 61 6E 6E 65 6C 2D 69 64 3D 22    :-1 channel-id="
00001db0: 55 53 34 32 30 30 30 30 34 4B 4B 22 20 74 76 67    US4200004KK" tvg
00001dc0: 2D 69 64 3D 22 55 53 34 32 30 30 30 30 34 4B 4B    -id="US4200004KK
00001dd0: 22 20 74 76 67 2D 63 68 6E 6F 3D 22 33 30 34 38    " tvg-chno="3048
00001de0: 22 20 74 76 67 2D 6E 61 6D 65 3D 22 47 68 6F 73    " tvg-name="Ghos
00001df0: 74 20 53 74 6F 72 69 65 73 22 20 74 76 67 2D 6C    t Stories" tvg-l
00001e00: 6F 67 6F 3D 22 68 74 74 70 73 3A 2F 2F 74 76 70    ogo="https://tvp
00001e10: 6E 6C 6F 67 6F 70 75 73 2E 73 61 6D 73 75 6E 67    nlogopus.samsung
00001e20: 63 6C 6F 75 64 2E 74 76 2F 70 6C 61 74 66 6F 72    cloud.tv/platfor
00001e30: 6D 2F 69 6D 61 67 65 2F 73 6F 75 72 63 65 6C 6F    m/image/sourcelo
00001e40: 67 6F 2F 76 63 2F 30 30 2F 30 32 2F 33 34 2F 55    go/vc/00/02/34/U
00001e50: 53 34 32 30 30 30 30 34 4B 4B 5F 32 30 32 35 31    S4200004KK_20251
00001e60: 32 30 39 54 30 31 33 35 31 34 53 51 55 41 52 45    209T013514SQUARE
00001e70: 2E 70 6E 67 22 20 67 72 6F 75 70 2D 74 69 74 6C    .png" group-titl
00001e80: 65 3D 22 53 63 69 2D 46 69 20 26 20 48 6F 72 72    e="Sci-Fi & Horr
00001e90: 6F 72 22 2C 47 68 6F 73 74 20 53 74 6F 72 69 65    or",Ghost Storie
00001ea0: 73 0A 68 74 74 70 73 3A 2F 2F 6A 6D 70 32 2E 75    s.https://jmp2.u
00001eb0: 6B 2F 73 74 76 70 2D 55 53 34 32 30 30 30 30 34    k/stvp-US4200004
00001ec0: 4B 4B 0A 23 45 58 54 49 4E 46 3A 2D 31 20 63 68    KK.#EXTINF:-1 ch
00001ed0: 61 6E 6E 65 6C 2D 69 64 3D 22 55 53 42 42 34 30    annel-id="USBB40
00001ee0: 30 30 30 30 31 34 35 22 20 74 76 67 2D 69 64 3D    0000145" tvg-id=
00001ef0: 22 55 53 42 42 34 30 30 30 30 30 31 34 35 22 20    "USBB400000145" 
00001f00: 74 76 67 2D 63 68 6E 6F 3D 22 32 34 33 38 22 20    tvg-chno="2438" 
00001f10: 74 76 67 2D 6E 61 6D 65 3D 22 47 6F 6C 66 50 61    tvg-name="GolfPa
00001f20: 73 73 22 20 74 76 67 2D 6C 6F 67 6F 3D 22 68 74    ss" tvg-logo="ht
00001f30: 74 70 73 3A 2F 2F 74 76 70 6E 6C 6F 67 6F 70 75    tps://tvpnlogopu
00001f40: 73 2E 73 61 6D 73 75 6E 67 63 6C 6F 75 64 2E 74    s.samsungcloud.t
00001f50: 76 2F 70 6C 61 74 66 6F 72 6D 2F 69 6D 61 67 65    v/platform/image
00001f60: 2F 73 6F 75 72 63 65 6C 6F 67 6F 2F 76 63 2F 30    /sourcelogo/vc/0
00001f70: 30 2F 30 32 2F 33 34 2F 55 53 42 42 34 30 30 30    0/02/34/USBB4000
00001f80: 30 30 31 34 35 5F 32 30 32 35 31 32 30 39 54 30    00145_20251209T0
00001f90: 30 35 39 33 33 53 51 55 41 52 45 2E 70 6E 67 22    05933SQUARE.png"
00001fa0: 20 67 72 6F 75 70 2D 74 69 74 6C 65 3D 22 53 70     group-title="Sp
00001fb0: 6F 72 74 73 20 26 20 4F 75 74 64 6F 6F 72 73 22    orts & Outdoors"
00001fc0: 2C 47 6F 6C 66 50 61 73 73 0A 68 74 74 70 73 3A    ,GolfPass.https:
00001fd0: 2F 2F 6A 6D 70 32 2E 75 6B 2F 73 74 76 70 2D 55    //jmp2.uk/stvp-U
00001fe0: 53 42 42 34 30 30 30 30 30 31 34 35 0A 23 45 58    SBB400000145.#EX
00001ff0: 54 49 4E 46 3A 2D 31 20 63 68 61 6E 6E 65 6C 2D    TINF:-1 channel-
00002000: 69 64 3D 22 55 53 42 44 37 30 30 30 31 31 52 45    id="USBD700011RE
00002010: 22 20 74 76 67 2D 69 64 3D 22 55 53 42 44 37 30    " tvg-id="USBD70
00002020: 30 30 31 31 52 45 22 20 74 76 67 2D 63 68 6E 6F    0011RE" tvg-chno
00002030: 3D 22 31 32 36 30 22 20 74 76 67 2D 6E 61 6D 65    ="1260" tvg-name
00002040: 3D 22 47 72 61 76 69 74 61 73 20 4D 6F 76 69 65    ="Gravitas Movie
00002050: 73 22 20 74 76 67 2D 6C 6F 67 6F 3D 22 68 74 74    s" tvg-logo="htt
00002060: 70 73 3A 2F 2F 74 76 70 6E 6C 6F 67 6F 70 75 73    ps://tvpnlogopus
00002070: 2E 73 61 6D 73 75 6E 67 63 6C 6F 75 64 2E 74 76    .samsungcloud.tv
00002080: 2F 70 6C 61 74 66 6F 72 6D 2F 69 6D 61 67 65 2F    /platform/image/
00002090: 73 6F 75 72 63 65 6C 6F 67 6F 2F 76 63 2F 30 30    sourcelogo/vc/00
000020a0: 2F 30 32 2F 33 34 2F 55 53 42 44 37 30 30 30 31    /02/34/USBD70001
000020b0: 31 52 45 5F 32 30 32 34 31 32 30 33 54 30 30 34    1RE_20241203T004
000020c0: 38 30 38 53 51 55 41 52 45 2E 70 6E 67 22 20 67    808SQUARE.png" g
000020d0: 72 6F 75 70 2D 74 69 74 6C 65 3D 22 4D 6F 76 69    roup-title="Movi
000020e0: 65 73 22 2C 47 72 61 76 69 74 61 73 20 4D 6F 76    es",Gravitas Mov
000020f0: 69 65 73 0A 68 74 74 70 73 3A 2F 2F 6A 6D 70 32    ies.https://jmp2
00002100: 2E 75 6B 2F 73 74 76 70 2D 55 53 42 44 37 30 30    .uk/stvp-USBD700
00002110: 30 31 31 52 45 0A 23 45 58 54 49 4E 46 3A 2D 31    011RE.#EXTINF:-1
00002120: 20 63 68 61 6E 6E 65 6C 2D 69 64 3D 22 55 53 42     channel-id="USB
00002130: 43 32 34 30 30 30 32 31 33 50 22 20 74 76 67 2D    C24000213P" tvg-
00002140: 69 64 3D 22 55 53 42 43 32 34 30 30 30 32 31 33    id="USBC24000213
00002150: 50 22 20 74 76 67 2D 63 68 6E 6F 3D 22 31 34 31    P" tvg-chno="141
00002160: 30 22 20 74 76 67 2D 6E 61 6D 65 3D 22 47 72 69    0" tvg-name="Gri
00002170: 74 20 58 74 72 61 22 20 74 76 67 2D 6C 6F 67 6F    t Xtra" tvg-logo
00002180: 3D 22 68 74 74 70 73 3A 2F 2F 74 76 70 6E 6C 6F    ="https://tvpnlo
00002190: 67 6F 70 75 73 2E 73 61 6D 73 75 6E 67 63 6C 6F    gopus.samsungclo
000021a0: 75 64 2E 74 76 2F 70 6C 61 74 66 6F 72 6D 2F 69    ud.tv/platform/i
000021b0: 6D 61 67 65 2F 73 6F 75 72 63 65 6C 6F 67 6F 2F    mage/sourcelogo/
000021c0: 76 63 2F 30 30 2F 30 32 2F 33 34 2F 55 53 42 43    vc/00/02/34/USBC
000021d0: 32 34 30 30 30 32 31 33 50 5F 32 30 32 35 30 36    24000213P_202506
000021e0: 31 36 54 32 32 31 37 31 35 53 51 55 41 52 45 2E    16T221715SQUARE.
000021f0: 70 6E 67 22 20 67 72 6F 75 70 2D 74 69 74 6C 65    png" group-title
00002200: 3D 22 57 65 73 74 65 72 6E 20 26 20 43 6C 61 73    ="Western & Clas
00002210: 73 69 63 20 54 56 22 2C 47 72 69 74 20 58 74 72    sic TV",Grit Xtr
00002220: 61 0A 68 74 74 70 73 3A 2F 2F 6A 6D 70 32 2E 75    a.https://jmp2.u
00002230: 6B 2F 73 74 76 70 2D 55 53 42 43 32 34 30 30 30    k/stvp-USBC24000
00002240: 32 31 33 50 0A 23 45 58 54 49 4E 46 3A 2D 31 20    213P.#EXTINF:-1 
00002250: 63 68 61 6E 6E 65 6C 2D 69 64 3D 22 55 53 34 34    channel-id="US44
00002260: 30 30 30 30 32 37 42 22 20 74 76 67 2D 69 64 3D    000027B" tvg-id=
00002270: 22 55 53 34 34 30 30 30 30 32 37 42 22 20 74 76    "US44000027B" tv
00002280: 67 2D 63 68 6E 6F 3D 22 31 34 30 37 22 20 74 76    g-chno="1407" tv
00002290: 67 2D 6E 61 6D 65 3D 22 47 72 6A 6E 67 6F 22 20    g-name="Grjngo" 
000022a0: 74 76 67 2D 6C 6F 67 6F 3D 22 68 74 74 70 73 3A    tvg-logo="https:
000022b0: 2F 2F 74 76 70 6E 6C 6F 67 6F 70 75 73 2E 73 61    //tvpnlogopus.sa
000022c0: 6D 73 75 6E 67 63 6C 6F 75 64 2E 74 76 2F 70 6C    msungcloud.tv/pl
000022d0: 61 74 66 6F 72 6D 2F 69 6D 61 67 65 2F 73 6F 75    atform/image/sou
000022e0: 72 63 65 6C 6F 67 6F 2F 76 63 2F 30 30 2F 30 32    rcelogo/vc/00/02
000022f0: 2F 33 34 2F 55 53 34 34 30 30 30 30 32 37 42 5F    /34/US44000027B_
00002300: 32 30 32 35 30 32 30 34 54 30 31 34 33 31 30 53    20250204T014310S
00002310: 51 55 41 52 45 2E 70 6E 67 22 20 67 72 6F 75 70    QUARE.png" group
00002320: 2D 74 69 74 6C 65 3D 22 57 65 73 74 65 72 6E 20    -title="Western 
00002330: 26 20 43 6C 61 73 73 69 63 20 54 56 22 2C 47 72    & Classic TV",Gr
00002340: 6A 6E 67 6F 0A 68 74 74 70 73 3A 2F 2F 6A 6D 70    jngo.https://jmp
00002350: 32 2E 75 6B 2F 73 74 76 70 2D 55 53 34 34 30 30    2.uk/stvp-US4400
00002360: 30 30 32 37 42 0A 23 45 58 54 49 4E 46 3A 2D 31    0027B.#EXTINF:-1
00002370: 20 63 68 61 6E 6E 65 6C 2D 69 64 3D 22 55 53 41     channel-id="USA
00002380: 4B 33 35 30 38 37 32 34 41 22 20 74 76 67 2D 69    K3508724A" tvg-i
00002390: 64 3D 22 55 53 41 4B 33 35 30 38 37 32 34 41 22    d="USAK3508724A"
000023a0: 20 74 76 67 2D 63 68 6E 6F 3D 22 32 31 31 34 22     tvg-chno="2114"
000023b0: 20 74 76 67 2D 6E 61 6D 65 3D 22 47 75 73 74 6F     tvg-name="Gusto
000023c0: 20 54 56 22 20 74 76 67 2D 6C 6F 67 6F 3D 22 68     TV" tvg-logo="h
000023d0: 74 74 70 73 3A 2F 2F 74 76 70 6E 6C 6F 67 6F 70    ttps://tvpnlogop
000023e0: 75 73 2E 73 61 6D 73 75 6E 67 63 6C 6F 75 64 2E    us.samsungcloud.
000023f0: 74 76 2F 70 6C 61 74 66 6F 72 6D 2F 69 6D 61 67    tv/platform/imag
00002400: 65 2F 73 6F 75 72 63 65 6C 6F 67 6F 2F 76 63 2F    e/sourcelogo/vc/
00002410: 30 30 2F 30 32 2F 33 34 2F 55 53 41 4B 33 35 30    00/02/34/USAK350
00002420: 38 37 32 34 41 5F 32 30 32 35 30 33 32 35 54 30    8724A_20250325T0
00002430: 31 34 38 33 39 53 51 55 41 52 45 2E 70 6E 67 22    14839SQUARE.png"
00002440: 20 67 72 6F 75 70 2D 74 69 74 6C 65 3D 22 48 6F     group-title="Ho
00002450: 6D 65 20 26 20 46 6F 6F 64 22 2C 47 75 73 74 6F    me & Food",Gusto
00002460: 20 54 56 0A 68 74 74 70 73 3A 2F 2F 6A 6D 70 32     TV.https://jmp2
00002470: 2E 75 6B 2F 73 74 76 70 2D 55 53 41 4B 33 35 30    .uk/stvp-USAK350
00002480: 38 37 32 34 41 0A 23 45 58 54 49 4E 46 3A 2D 31    8724A.#EXTINF:-1
00002490: 20 63 68 61 6E 6E 65 6C 2D 69 64 3D 22 55 53 42     channel-id="USB
000024a0: 44 34 32 30 30 30 31 31 57 34 22 20 74 76 67 2D    D4200011W4" tvg-
000024b0: 69 64 3D 22 55 53 42 44 34 32 30 30 30 31 31 57    id="USBD4200011W
000024c0: 34 22 20 74 76 67 2D 63 68 6E 6F 3D 22 32 35 34    4" tvg-chno="254
000024d0: 35 22 20 74 76 67 2D 6E 61 6D 65 3D 22 48 61 67    5" tvg-name="Hag
000024e0: 65 72 74 79 22 20 74 76 67 2D 6C 6F 67 6F 3D 22    erty" tvg-logo="
000024f0: 68 74 74 70 73 3A 2F 2F 74 76 70 6E 6C 6F 67 6F    https://tvpnlogo
00002500: 70 75 73 2E 73 61 6D 73 75 6E 67 63 6C 6F 75 64    pus.samsungcloud
00002510: 2E 74 76 2F 70 6C 61 74 66 6F 72 6D 2F 69 6D 61    .tv/platform/ima
00002520: 67 65 2F 73 6F 75 72 63 65 6C 6F 67 6F 2F 76 63    ge/sourcelogo/vc
00002530: 2F 30 30 2F 30 32 2F 33 34 2F 55 53 42 44 34 32    /00/02/34/USBD42
00002540: 30 30 30 31 31 57 34 5F 32 30 32 34 30 37 30 39    00011W4_20240709
00002550: 54 30 30 32 31 32 36 53 51 55 41 52 45 2E 70 6E    T002126SQUARE.pn
00002560: 67 22 20 67 72 6F 75 70 2D 74 69 74 6C 65 3D 22    g" group-title="
00002570: 4D 6F 74 6F 72 20 53 70 6F 72 74 73 22 2C 48 61    Motor Sports",Ha
00002580: 67 65 72 74 79 0A 68 74 74 70 73 3A 2F 2F 6A 6D    gerty.https://jm
00002590: 70 32 2E 75 6B 2F 73 74 76 70 2D 55 53 42 44 34    p2.uk/stvp-USBD4
000025a0: 32 30 30 30 31 31 57 34 0A 23 45 58 54 49 4E 46    200011W4.#EXTINF
000025b0: 3A 2D 31 20 63 68 61 6E 6E 65 6C 2D 69 64 3D 22    :-1 channel-id="
000025c0: 55 53 31 33 30 30 30 30 31 47 4D 22 20 74 76 67    US1300001GM" tvg
000025d0: 2D 69 64 3D 22 55 53 31 33 30 30 30 30 31 47 4D    -id="US1300001GM
000025e0: 22 20 74 76 67 2D 63 68 6E 6F 3D 22 33 38 30 35    " tvg-chno="3805
000025f0: 22 20 74 76 67 2D 6E 61 6D 65 3D 22 48 61 6C 6C    " tvg-name="Hall
00002600: 6D 61 72 6B 20 65 6E 20 45 73 70 61 F1 6F 6C 22    mark en Espa.ol"
00002610: 20 74 76 67 2D 6C 6F 67 6F 3D 22 68 74 74 70 73     tvg-logo="https
00002620: 3A 2F 2F 74 76 70 6E 6C 6F 67 6F 70 75 73 2E 73    ://tvpnlogopus.s
00002630: 61 6D 73 75 6E 67 63 6C 6F 75 64 2E 74 76 2F 70    amsungcloud.tv/p
00002640: 6C 61 74 66 6F 72 6D 2F 69 6D 61 67 65 2F 73 6F    latform/image/so
00002650: 75 72 63 65 6C 6F 67 6F 2F 76 63 2F 30 30 2F 30    urcelogo/vc/00/0
00002660: 32 2F 33 34 2F 55 53 31 33 30 30 30 30 31 47 4D    2/34/US1300001GM
00002670: 5F 32 30 32 34 31 30 30 38 54 32 31 32 36 34 33    _20241008T212643
00002680: 53 51 55 41 52 45 2E 70 6E 67 22 20 67 72 6F 75    SQUARE.png" grou
00002690: 70 2D 74 69 74 6C 65 3D 22 4C 61 74 69 6E 6F 22    p-title="Latino"
000026a0: 2C 48 61 6C 6C 6D 61 72 6B 20 65 6E 20 45 73 70    ,Hallmark en Esp
000026b0: 61 F1 6F 6C 0A 68 74 74 70 73 3A 2F 2F 6A 6D 70    a.ol.https://jmp
000026c0: 32 2E 75 6B 2F 73 74 76 70 2D 55 53 31 33 30 30    2.uk/stvp-US1300
000026d0: 30 30 31 47 4D 0A 23 45 58 54 49 4E 46 3A 2D 31    001GM.#EXTINF:-1
000026e0: 20 63 68 61 6E 6E 65 6C 2D 69 64 3D 22 55 53 42     channel-id="USB
000026f0: 44 32 37 30 30 30 31 36 33 33 22 20 74 76 67 2D    D270001633" tvg-
00002700: 69 64 3D 22 55 53 42 44 32 37 30 30 30 31 36 33    id="USBD27000163
00002710: 33 22 20 74 76 67 2D 63 68 6E 6F 3D 22 31 32 32    3" tvg-chno="122
00002720: 30 22 20 74 76 67 2D 6E 61 6D 65 3D 22 48 61 6C    0" tvg-name="Hal
00002730: 6C 6D 61 72 6B 20 4D 6F 76 69 65 73 20 26 20 4D    lmark Movies & M
00002740: 6F 72 65 22 20 74 76 67 2D 6C 6F 67 6F 3D 22 68    ore" tvg-logo="h
00002750: 74 74 70 73 3A 2F 2F 74 76 70 6E 6C 6F 67 6F 70    ttps://tvpnlogop
00002760: 75 73 2E 73 61 6D 73 75 6E 67 63 6C 6F 75 64 2E    us.samsungcloud.
00002770: 74 76 2F 70 6C 61 74 66 6F 72 6D 2F 69 6D 61 67    tv/platform/imag
00002780: 65 2F 73 6F 75 72 63 65 6C 6F 67 6F 2F 76 63 2F    e/sourcelogo/vc/
00002790: 30 30 2F 30 32 2F 33 34 2F 55 53 42 44 32 37 30    00/02/34/USBD270
000027a0: 30 30 31 36 33 33 5F 32 30 32 35 31 32 30 39 54    001633_20251209T
000027b0: 30 31 33 35 31 37 53 51 55 41 52 45 2E 70 6E 67    013517SQUARE.png
000027c0: 22 20 67 72 6F 75 70 2D 74 69 74 6C 65 3D 22 4D    " group-title="M
000027d0: 6F 76 69 65 73 22 2C 48 61 6C 6C 6D 61 72 6B 20    ovies",Hallmark 
000027e0: 4D 6F 76 69 65 73 20 26 20 4D 6F 72 65 0A 68 74    Movies & More.ht
000027f0: 74 70 73 3A 2F 2F 6A 6D 70 32 2E 75 6B 2F 73 74    tps://jmp2.uk/st
00002800: 76 70 2D 55 53 42 44 32 37 30 30 30 31 36 33 33    vp-USBD270001633
00002810: 0A 23 45 58 54 49 4E 46 3A 2D 31 20 63 68 61 6E    .#EXTINF:-1 chan
00002820: 6E 65 6C 2D 69 64 3D 22 55 53 42 43 34 34 30 30    nel-id="USBC4400
00002830: 30 30 37 32 49 22 20 74 76 67 2D 69 64 3D 22 55    0072I" tvg-id="U
00002840: 53 42 43 34 34 30 30 30 30 37 32 49 22 20 74 76    SBC44000072I" tv
00002850: 67 2D 63 68 6E 6F 3D 22 33 36 35 34 22 20 74 76    g-chno="3654" tv
00002860: 67 2D 6E 61 6D 65 3D 22 48 61 70 70 79 4B 69 64    g-name="HappyKid
00002870: 73 22 20 74 76 67 2D 6C 6F 67 6F 3D 22 68 74 74    s" tvg-logo="htt
00002880: 70 73 3A 2F 2F 74 76 70 6E 6C 6F 67 6F 70 75 73    ps://tvpnlogopus
00002890: 2E 73 61 6D 73 75 6E 67 63 6C 6F 75 64 2E 74 76    .samsungcloud.tv
000028a0: 2F 70 6C 61 74 66 6F 72 6D 2F 69 6D 61 67 65 2F    /platform/image/
000028b0: 73 6F 75 72 63 65 6C 6F 67 6F 2F 76 63 2F 30 30    sourcelogo/vc/00
000028c0: 2F 30 32 2F 33 34 2F 55 53 42 43 34 34 30 30 30    /02/34/USBC44000
000028d0: 30 37 32 49 5F 32 30 32 34 30 35 32 30 54 32 31    072I_20240520T21
000028e0: 34 38 30 31 53 51 55 41 52 45 2E 70 6E 67 22 20    4801SQUARE.png" 
000028f0: 67 72 6F 75 70 2D 74 69 74 6C 65 3D 22 4B 69 64    group-title="Kid
00002900: 73 22 2C 48 61 70 70 79 4B 69 64 73 0A 68 74 74    s",HappyKids.htt
00002910: 70 73 3A 2F 2F 6A 6D 70 32 2E 75 6B 2F 73 74 76    ps://jmp2.uk/stv
00002920: 70 2D 55 53 42 43 34 34 30 30 30 30 37 32 49 0A    p-USBC44000072I.
00002930: 23 45 58 54 49 4E 46 3A 2D 31 20 63 68 61 6E 6E    #EXTINF:-1 chann
00002940: 65 6C 2D 69 64 3D 22 55 53 42 43 34 34 30 30 30    el-id="USBC44000
00002950: 30 36 42 52 22 20 74 76 67 2D 69 64 3D 22 55 53    06BR" tvg-id="US
00002960: 42 43 34 34 30 30 30 30 36 42 52 22 20 74 76 67    BC4400006BR" tvg
00002970: 2D 63 68 6E 6F 3D 22 33 30 34 35 22 20 74 76 67    -chno="3045" tvg
00002980: 2D 6E 61 6D 65 3D 22 48 61 75 6E 74 20 54 56 22    -name="Haunt TV"
00002990: 20 74 76 67 2D 6C 6F 67 6F 3D 22 68 74 74 70 73     tvg-logo="https
000029a0: 3A 2F 2F 74 76 70 6E 6C 6F 67 6F 70 75 73 2E 73    ://tvpnlogopus.s
000029b0: 61 6D 73 75 6E 67 63 6C 6F 75 64 2E 74 76 2F 70    amsungcloud.tv/p
000029c0: 6C 61 74 66 6F 72 6D 2F 69 6D 61 67 65 2F 73 6F    latform/image/so
000029d0: 75 72 63 65 6C 6F 67 6F 2F 76 63 2F 30 30 2F 30    urcelogo/vc/00/0
000029e0: 32 2F 33 34 2F 55 53 42 43 34 34 30 30 30 30 36    2/34/USBC4400006
000029f0: 42 52 5F 32 30 32 34 31 30 31 34 54 32 33 32 31    BR_20241014T2321
00002a00: 35 35 53 51 55 41 52 45 2E 70 6E 67 22 20 67 72    55SQUARE.png" gr
00002a10: 6F 75 70 2D 74 69 74 6C 65 3D 22 53 63 69 2D 46    oup-title="Sci-F
00002a20: 69 20 26 20 48 6F 72 72 6F 72 22 2C 48 61 75 6E    i & Horror",Haun
00002a30: 74 20 54 56 0A 68 74 74 70 73 3A 2F 2F 6A 6D 70    t TV.https://jmp
00002a40: 32 2E 75 6B 2F 73 74 76 70 2D 55 53 42 43 34 34    2.uk/stvp-USBC44
00002a50: 30 30 30 30 36 42 52 0A 23 45 58 54 49 4E 46 3A    00006BR.#EXTINF:
00002a60: 2D 31 20 63 68 61 6E 6E 65 6C 2D 69 64 3D 22 55    -1 channel-id="U
00002a70: 53 42 42 32 39 30 30 30 30 33 4F 33 22 20 74 76    SBB2900003O3" tv
00002a80: 67 2D 69 64 3D 22 55 53 42 42 32 39 30 30 30 30    g-id="USBB290000
00002a90: 33 4F 33 22 20 74 76 67 2D 63 68 6E 6F 3D 22 31    3O3" tvg-chno="1
00002aa0: 35 38 30 22 20 74 76 67 2D 6E 61 6D 65 3D 22 48    580" tvg-name="H
00002ab0: 65 61 72 74 6C 61 6E 64 22 20 74 76 67 2D 6C 6F    eartland" tvg-lo
00002ac0: 67 6F 3D 22 68 74 74 70 73 3A 2F 2F 74 76 70 6E    go="https://tvpn
00002ad0: 6C 6F 67 6F 70 75 73 2E 73 61 6D 73 75 6E 67 63    logopus.samsungc
00002ae0: 6C 6F 75 64 2E 74 76 2F 70 6C 61 74 66 6F 72 6D    loud.tv/platform
00002af0: 2F 69 6D 61 67 65 2F 73 6F 75 72 63 65 6C 6F 67    /image/sourcelog
00002b00: 6F 2F 76 63 2F 30 30 2F 30 32 2F 33 34 2F 55 53    o/vc/00/02/34/US
00002b10: 42 42 32 39 30 30 30 30 33 4F 33 5F 32 30 32 35    BB2900003O3_2025
00002b20: 31 32 30 39 54 30 31 33 34 35 37 53 51 55 41 52    1209T013457SQUAR
00002b30: 45 2E 70 6E 67 22 20 67 72 6F 75 70 2D 74 69 74    E.png" group-tit
00002b40: 6C 65 3D 22 41 63 74 69 6F 6E 20 26 20 44 72 61    le="Action & Dra
00002b50: 6D 61 22 2C 48 65 61 72 74 6C 61 6E 64 0A 68 74    ma",Heartland.ht
00002b60: 74 70 73 3A 2F 2F 6A 6D 70 32 2E 75 6B 2F 73 74    tps://jmp2.uk/st
00002b70: 76 70 2D 55 53 42 42 32 39 30 30 30 30 33 4F 33    vp-USBB2900003O3
00002b80: 0A 23 45 58 54 49 4E 46 3A 2D 31 20 63 68 61 6E    .#EXTINF:-1 chan
00002b90: 6E 65 6C 2D 69 64 3D 22 55 53 42 42 32 39 30 30    nel-id="USBB2900
00002ba0: 30 30 32 5A 37 22 20 74 76 67 2D 69 64 3D 22 55    002Z7" tvg-id="U
00002bb0: 53 42 42 32 39 30 30 30 30 32 5A 37 22 20 74 76    SBB2900002Z7" tv
00002bc0: 67 2D 63 68 6E 6F 3D 22 32 37 30 34 22 20 74 76    g-chno="2704" tv
00002bd0: 67 2D 6E 61 6D 65 3D 22 48 65 6C 6C 27 73 20 4B    g-name="Hell's K
00002be0: 69 74 63 68 65 6E 22 20 74 76 67 2D 6C 6F 67 6F    itchen" tvg-logo
00002bf0: 3D 22 68 74 74 70 73 3A 2F 2F 74 76 70 6E 6C 6F    ="https://tvpnlo
00002c00: 67 6F 70 75 73 2E 73 61 6D 73 75 6E 67 63 6C 6F    gopus.samsungclo
00002c10: 75 64 2E 74 76 2F 70 6C 61 74 66 6F 72 6D 2F 69    ud.tv/platform/i
00002c20: 6D 61 67 65 2F 73 6F 75 72 63 65 6C 6F 67 6F 2F    mage/sourcelogo/
00002c30: 76 63 2F 30 30 2F 30 32 2F 33 34 2F 55 53 42 42    vc/00/02/34/USBB
00002c40: 32 39 30 30 30 30 32 5A 37 5F 32 30 32 35 31 31    2900002Z7_202511
00002c50: 32 35 54 30 33 30 38 32 36 53 51 55 41 52 45 2E    25T030826SQUARE.
00002c60: 70 6E 67 22 20 67 72 6F 75 70 2D 74 69 74 6C 65    png" group-title
00002c70: 3D 22 52 65 61 6C 69 74 79 20 43 6F 6D 70 65 74    ="Reality Compet
00002c80: 69 74 69 6F 6E 22 2C 48 65 6C 6C 27 73 20 4B 69    ition",Hell's Ki
00002c90: 74 63 68 65 6E 0A 68 74 74 70 73 3A 2F 2F 6A 6D    tchen.https://jm
00002ca0: 70 32 2E 75 6B 2F 73 74 76 70 2D 55 53 42 42 32    p2.uk/stvp-USBB2
00002cb0: 39 30 30 30 30 32 5A 37 0A 23 45 58 54 49 4E 46    900002Z7.#EXTINF
00002cc0: 3A 2D 31 20 63 68 61 6E 6E 65 6C 2D 69 64 3D 22    :-1 channel-id="
00002cd0: 55 53 32 36 30 30 30 31 39 49 43 22 20 74 76 67    US2600019IC" tvg
00002ce0: 2D 69 64 3D 22 55 53 32 36 30 30 30 31 39 49 43    -id="US2600019IC
00002cf0: 22 20 74 76 67 2D 63 68 6E 6F 3D 22 33 38 31 30    " tvg-chno="3810
00002d00: 22 20 74 76 67 2D 6E 61 6D 65 3D 22 48 69 73 74    " tvg-name="Hist
00002d10: 6F 72 69 61 22 20 74 76 67 2D 6C 6F 67 6F 3D 22    oria" tvg-logo="
00002d20: 68 74 74 70 73 3A 2F 2F 74 76 70 6E 6C 6F 67 6F    https://tvpnlogo
00002d30: 70 75 73 2E 73 61 6D 73 75 6E 67 63 6C 6F 75 64    pus.samsungcloud
00002d40: 2E 74 76 2F 70 6C 61 74 66 6F 72 6D 2F 69 6D 61    .tv/platform/ima
00002d50: 67 65 2F 73 6F 75 72 63 65 6C 6F 67 6F 2F 76 63    ge/sourcelogo/vc
00002d60: 2F 30 30 2F 30 32 2F 33 34 2F 55 53 32 36 30 30    /00/02/34/US2600
00002d70: 30 31 39 49 43 5F 32 30 32 34 31 30 30 32 54 32    019IC_20241002T2
00002d80: 33 33 37 33 33 53 51 55 41 52 45 2E 70 6E 67 22    33733SQUARE.png"
00002d90: 20 67 72 6F 75 70 2D 74 69 74 6C 65 3D 22 4C 61     group-title="La
00002da0: 74 69 6E 6F 22 2C 48 69 73 74 6F 72 69 61 0A 68    tino",Historia.h
00002db0: 74 74 70 73 3A 2F 2F 6A 6D 70 32 2E 75 6B 2F 73    ttps://jmp2.uk/s
00002dc0: 74 76 70 2D 55 53 32 36 30 30 30 31 39 49 43 0A    tvp-US2600019IC.
00002dd0: 23 45 58 54 49 4E 46 3A 2D 31 20 63 68 61 6E 6E    #EXTINF:-1 chann
00002de0: 65 6C 2D 69 64 3D 22 55 53 42 44 31 32 30 30 30    el-id="USBD12000
00002df0: 30 39 4A 49 22 20 74 76 67 2D 69 64 3D 22 55 53    09JI" tvg-id="US
00002e00: 42 44 31 32 30 30 30 30 39 4A 49 22 20 74 76 67    BD1200009JI" tvg
00002e10: 2D 63 68 6E 6F 3D 22 33 35 34 37 22 20 74 76 67    -chno="3547" tvg
00002e20: 2D 6E 61 6D 65 3D 22 48 69 73 74 6F 72 79 20 26    -name="History &
00002e30: 20 57 61 72 66 61 72 65 20 4E 6F 77 22 20 74 76     Warfare Now" tv
00002e40: 67 2D 6C 6F 67 6F 3D 22 68 74 74 70 73 3A 2F 2F    g-logo="https://
00002e50: 74 76 70 6E 6C 6F 67 6F 70 75 73 2E 73 61 6D 73    tvpnlogopus.sams
00002e60: 75 6E 67 63 6C 6F 75 64 2E 74 76 2F 70 6C 61 74    ungcloud.tv/plat
00002e70: 66 6F 72 6D 2F 69 6D 61 67 65 2F 73 6F 75 72 63    form/image/sourc
00002e80: 65 6C 6F 67 6F 2F 76 63 2F 30 30 2F 30 32 2F 33    elogo/vc/00/02/3
00002e90: 34 2F 55 53 42 44 31 32 30 30 30 30 39 4A 49 5F    4/USBD1200009JI_
00002ea0: 32 30 32 35 30 34 30 31 54 30 30 34 38 33 31 53    20250401T004831S
00002eb0: 51 55 41 52 45 2E 70 6E 67 22 20 67 72 6F 75 70    QUARE.png" group
00002ec0: 2D 74 69 74 6C 65 3D 22 4E 61 74 75 72 65 2C 20    -title="Nature, 
00002ed0: 48 69 73 74 6F 72 79 20 26 20 53 63 69 65 6E 63    History & Scienc
00002ee0: 65 22 2C 48 69 73 74 6F 72 79 20 26 20 57 61 72    e",History & War
00002ef0: 66 61 72 65 20 4E 6F 77 0A 68 74 74 70 73 3A 2F    fare Now.https:/
00002f00: 2F 6A 6D 70 32 2E 75 6B 2F 73 74 76 70 2D 55 53    /jmp2.uk/stvp-US
00002f10: 42 44 31 32 30 30 30 30 39 4A 49 0A 23 45 58 54    BD1200009JI.#EXT
00002f20: 49 4E 46 3A 2D 31 20 63 68 61 6E 6E 65 6C 2D 69    INF:-1 channel-i
00002f30: 64 3D 22 55 53 42 44 33 35 30 30 30 34 32 38 4F    d="USBD35000428O
00002f40: 22 20 74 76 67 2D 69 64 3D 22 55 53 42 44 33 35    " tvg-id="USBD35
00002f50: 30 30 30 34 32 38 4F 22 20 74 76 67 2D 63 68 6E    000428O" tvg-chn
00002f60: 6F 3D 22 33 35 34 31 22 20 74 76 67 2D 6E 61 6D    o="3541" tvg-nam
00002f70: 65 3D 22 48 69 73 74 6F 72 79 20 33 36 35 22 20    e="History 365" 
00002f80: 74 76 67 2D 6C 6F 67 6F 3D 22 68 74 74 70 73 3A    tvg-logo="https:
00002f90: 2F 2F 74 76 70 6E 6C 6F 67 6F 70 75 73 2E 73 61    //tvpnlogopus.sa
00002fa0: 6D 73 75 6E 67 63 6C 6F 75 64 2E 74 76 2F 70 6C    msungcloud.tv/pl
00002fb0: 61 74 66 6F 72 6D 2F 69 6D 61 67 65 2F 73 6F 75    atform/image/sou
00002fc0: 72 63 65 6C 6F 67 6F 2F 76 63 2F 30 30 2F 30 32    rcelogo/vc/00/02
00002fd0: 2F 33 34 2F 55 53 42 44 33 35 30 30 30 34 32 38    /34/USBD35000428
00002fe0: 4F 5F 32 30 32 35 30 37 32 39 54 30 31 30 34 33    O_20250729T01043
00002ff0: 35 53 51 55 41 52 45 2E 70 6E 67 22 20 67 72 6F    5SQUARE.png" gro
00003000: 75 70 2D 74 69 74 6C 65 3D 22 4E 61 74 75 72 65    up-title="Nature
00003010: 2C 20 48 69 73 74 6F 72 79 20 26 20 53 63 69 65    , History & Scie
00003020: 6E 63 65 22 2C 48 69 73 74 6F 72 79 20 33 36 35    nce",History 365
00003030: 0A 68 74 74 70 73 3A 2F 2F 6A 6D 70 32 2E 75 6B    .https://jmp2.uk
00003040: 2F 73 74 76 70 2D 55 53 42 44 33 35 30 30 30 34    /stvp-USBD350004
00003050: 32 38 4F 0A 23 45 58 54 49 4E 46 3A 2D 31 20 63    28O.#EXTINF:-1 c
00003060: 68 61 6E 6E 65 6C 2D 69 64 3D 22 55 53 42 44 34    hannel-id="USBD4
00003070: 32 30 30 30 30 39 59 34 22 20 74 76 67 2D 69 64    200009Y4" tvg-id
00003080: 3D 22 55 53 42 44 34 32 30 30 30 30 39 59 34 22    ="USBD4200009Y4"
00003090: 20 74 76 67 2D 63 68 6E 6F 3D 22 31 39 37 30 22     tvg-chno="1970"
000030a0: 20 74 76 67 2D 6E 61 6D 65 3D 22 48 6F 61 72 64     tvg-name="Hoard
000030b0: 65 72 73 20 62 79 20 41 26 45 22 20 74 76 67 2D    ers by A&E" tvg-
000030c0: 6C 6F 67 6F 3D 22 68 74 74 70 73 3A 2F 2F 74 76    logo="https://tv
000030d0: 70 6E 6C 6F 67 6F 70 75 73 2E 73 61 6D 73 75 6E    pnlogopus.samsun
000030e0: 67 63 6C 6F 75 64 2E 74 76 2F 70 6C 61 74 66 6F    gcloud.tv/platfo
000030f0: 72 6D 2F 69 6D 61 67 65 2F 73 6F 75 72 63 65 6C    rm/image/sourcel
00003100: 6F 67 6F 2F 76 63 2F 30 30 2F 30 32 2F 33 34 2F    ogo/vc/00/02/34/
00003110: 55 53 42 44 34 32 30 30 30 30 39 59 34 5F 32 30    USBD4200009Y4_20
00003120: 32 35 30 38 30 35 54 30 30 35 38 30 32 53 51 55    250805T005802SQU
00003130: 41 52 45 2E 70 6E 67 22 20 67 72 6F 75 70 2D 74    ARE.png" group-t
00003140: 69 74 6C 65 3D 22 52 65 61 6C 69 74 79 20 54 56    itle="Reality TV
00003150: 22 2C 48 6F 61 72 64 65 72 73 20 62 79 20 41 26    ",Hoarders by A&
00003160: 45 0A 68 74 74 70 73 3A 2F 2F 6A 6D 70 32 2E 75    E.https://jmp2.u
00003170: 6B 2F 73 74 76 70 2D 55 53 42 44 34 32 30 30 30    k/stvp-USBD42000
00003180: 30 39 59 34 0A 23 45 58 54 49 4E 46 3A 2D 31 20    09Y4.#EXTINF:-1 
00003190: 63 68 61 6E 6E 65 6C 2D 69 64 3D 22 55 53 33 34    channel-id="US34
000031a0: 30 30 30 30 38 36 55 22 20 74 76 67 2D 69 64 3D    000086U" tvg-id=
000031b0: 22 55 53 33 34 30 30 30 30 38 36 55 22 20 74 76    "US34000086U" tv
000031c0: 67 2D 63 68 6E 6F 3D 22 34 35 39 30 22 20 74 76    g-chno="4590" tv
000031d0: 67 2D 6E 61 6D 65 3D 22 48 6F 6C 69 64 61 79 20    g-name="Holiday 
000031e0: 46 69 72 65 70 6C 61 63 65 20 56 69 62 65 73 22    Fireplace Vibes"
000031f0: 20 74 76 67 2D 6C 6F 67 6F 3D 22 68 74 74 70 73     tvg-logo="https
00003200: 3A 2F 2F 74 76 70 6E 6C 6F 67 6F 70 75 73 2E 73    ://tvpnlogopus.s
00003210: 61 6D 73 75 6E 67 63 6C 6F 75 64 2E 74 76 2F 70    amsungcloud.tv/p
00003220: 6C 61 74 66 6F 72 6D 2F 69 6D 61 67 65 2F 73 6F    latform/image/so
00003230: 75 72 63 65 6C 6F 67 6F 2F 76 63 2F 30 30 2F 30    urcelogo/vc/00/0
00003240: 32 2F 33 34 2F 55 53 33 34 30 30 30 30 38 36 55    2/34/US34000086U
00003250: 5F 32 30 32 35 31 32 30 39 54 30 31 33 35 32 30    _20251209T013520
00003260: 53 51 55 41 52 45 2E 70 6E 67 22 20 67 72 6F 75    SQUARE.png" grou
00003270: 70 2D 74 69 74 6C 65 3D 22 41 6D 62 69 61 6E 63    p-title="Ambianc
00003280: 65 22 2C 48 6F 6C 69 64 61 79 20 46 69 72 65 70    e",Holiday Firep
00003290: 6C 61 63 65 20 56 69 62 65 73 0A 68 74 74 70 73    lace Vibes.https
000032a0: 3A 2F 2F 6A 6D 70 32 2E 75 6B 2F 73 74 76 70 2D    ://jmp2.uk/stvp-
000032b0: 55 53 33 34 30 30 30 30 38 36 55 0A 23 45 58 54    US34000086U.#EXT
000032c0: 49 4E 46 3A 2D 31 20 63 68 61 6E 6E 65 6C 2D 69    INF:-1 channel-i
000032d0: 64 3D 22 55 53 42 42 35 32 30 30 30 31 39 46 4F    d="USBB5200019FO
000032e0: 22 20 74 76 67 2D 69 64 3D 22 55 53 42 42 35 32    " tvg-id="USBB52
000032f0: 30 30 30 31 39 46 4F 22 20 74 76 67 2D 63 68 6E    00019FO" tvg-chn
00003300: 6F 3D 22 31 30 30 33 22 20 74 76 67 2D 6E 61 6D    o="1003" tvg-nam
00003310: 65 3D 22 48 6F 6C 69 64 61 79 20 4D 6F 76 69 65    e="Holiday Movie
00003320: 20 46 61 76 6F 72 69 74 65 73 20 62 79 20 4C 69     Favorites by Li
00003330: 66 65 74 69 6D 65 22 20 74 76 67 2D 6C 6F 67 6F    fetime" tvg-logo
00003340: 3D 22 68 74 74 70 73 3A 2F 2F 74 76 70 6E 6C 6F    ="https://tvpnlo
00003350: 67 6F 70 75 73 2E 73 61 6D 73 75 6E 67 63 6C 6F    gopus.samsungclo
00003360: 75 64 2E 74 76 2F 70 6C 61 74 66 6F 72 6D 2F 69    ud.tv/platform/i
00003370: 6D 61 67 65 2F 73 6F 75 72 63 65 6C 6F 67 6F 2F    mage/sourcelogo/
00003380: 76 63 2F 30 30 2F 30 32 2F 33 34 2F 55 53 42 42    vc/00/02/34/USBB
00003390: 35 32 30 30 30 31 39 46 4F 5F 32 30 32 35 31 32    5200019FO_202512
000033a0: 30 39 54 30 31 33 35 32 33 53 51 55 41 52 45 2E    09T013523SQUARE.
000033b0: 70 6E 67 22 20 67 72 6F 75 70 2D 74 69 74 6C 65    png" group-title
000033c0: 3D 22 4D 6F 76 69 65 73 22 2C 48 6F 6C 69 64 61    ="Movies",Holida
000033d0: 79 20 4D 6F 76 69 65 20 46 61 76 6F 72 69 74 65    y Movie Favorite
000033e0: 73 20 62 79 20 4C 69 66 65 74 69 6D 65 0A 68 74    s by Lifetime.ht
000033f0: 74 70 73 3A 2F 2F 6A 6D 70 32 2E 75 6B 2F 73 74    tps://jmp2.uk/st
00003400: 76 70 2D 55 53 42 42 35 32 30 30 30 31 39 46 4F    vp-USBB5200019FO
00003410: 0A 23 45 58 54 49 4E 46 3A 2D 31 20 63 68 61 6E    .#EXTINF:-1 chan
00003420: 6E 65 6C 2D 69 64 3D 22 55 53 42 43 32 34 30 30    nel-id="USBC2400
00003430: 30 31 35 44 4F 22 20 74 76 67 2D 69 64 3D 22 55    015DO" tvg-id="U
00003440: 53 42 43 32 34 30 30 30 31 35 44 4F 22 20 74 76    SBC2400015DO" tv
00003450: 67 2D 63 68 6E 6F 3D 22 32 39 37 30 22 20 74 76    g-chno="2970" tv
00003460: 67 2D 6E 61 6D 65 3D 22 48 6F 6C 6C 79 77 69 72    g-name="Hollywir
00003470: 65 22 20 74 76 67 2D 6C 6F 67 6F 3D 22 68 74 74    e" tvg-logo="htt
00003480: 70 73 3A 2F 2F 74 76 70 6E 6C 6F 67 6F 70 75 73    ps://tvpnlogopus
00003490: 2E 73 61 6D 73 75 6E 67 63 6C 6F 75 64 2E 74 76    .samsungcloud.tv
000034a0: 2F 70 6C 61 74 66 6F 72 6D 2F 69 6D 61 67 65 2F    /platform/image/
000034b0: 73 6F 75 72 63 65 6C 6F 67 6F 2F 76 63 2F 30 30    sourcelogo/vc/00
000034c0: 2F 30 32 2F 33 34 2F 55 53 42 43 32 34 30 30 30    /02/34/USBC24000
000034d0: 31 35 44 4F 5F 32 30 32 34 30 35 32 30 54 32 31    15DO_20240520T21
000034e0: 34 38 30 36 53 51 55 41 52 45 2E 70 6E 67 22 20    4806SQUARE.png" 
000034f0: 67 72 6F 75 70 2D 74 69 74 6C 65 3D 22 4C 69 66    group-title="Lif
00003500: 65 73 74 79 6C 65 20 26 20 50 6F 70 20 43 75 6C    estyle & Pop Cul
00003510: 74 75 72 65 22 2C 48 6F 6C 6C 79 77 69 72 65 0A    ture",Hollywire.
00003520: 68 74 74 70 73 3A 2F 2F 6A 6D 70 32 2E 75 6B 2F    https://jmp2.uk/
00003530: 73 74 76 70 2D 55 53 42 43 32 34 30 30 30 31 35    stvp-USBC2400015
00003540: 44 4F 0A 23 45 58 54 49 4E 46 3A 2D 31 20 63 68    DO.#EXTINF:-1 ch
00003550: 61 6E 6E 65 6C 2D 69 64 3D 22 55 53 42 43 32 31    annel-id="USBC21
00003560: 30 30 30 31 34 32 54 22 20 74 76 67 2D 69 64 3D    000142T" tvg-id=
00003570: 22 55 53 42 43 32 31 30 30 30 31 34 32 54 22 20    "USBC21000142T" 
00003580: 74 76 67 2D 63 68 6E 6F 3D 22 32 30 30 35 22 20    tvg-chno="2005" 
00003590: 74 76 67 2D 6E 61 6D 65 3D 22 48 6F 6D 65 20 52    tvg-name="Home R
000035a0: 65 66 72 65 73 68 22 20 74 76 67 2D 6C 6F 67 6F    efresh" tvg-logo
000035b0: 3D 22 68 74 74 70 73 3A 2F 2F 74 76 70 6E 6C 6F    ="https://tvpnlo
000035c0: 67 6F 70 75 73 2E 73 61 6D 73 75 6E 67 63 6C 6F    gopus.samsungclo
000035d0: 75 64 2E 74 76 2F 70 6C 61 74 66 6F 72 6D 2F 69    ud.tv/platform/i
000035e0: 6D 61 67 65 2F 73 6F 75 72 63 65 6C 6F 67 6F 2F    mage/sourcelogo/
000035f0: 76 63 2F 30 30 2F 30 32 2F 33 34 2F 55 53 42 43    vc/00/02/34/USBC
00003600: 32 31 30 30 30 31 34 32 54 5F 32 30 32 35 31 31    21000142T_202511
00003610: 32 35 54 30 33 30 39 33 30 53 51 55 41 52 45 2E    25T030930SQUARE.
00003620: 70 6E 67 22 20 67 72 6F 75 70 2D 74 69 74 6C 65    png" group-title
00003630: 3D 22 48 6F 6D 65 20 26 20 46 6F 6F 64 22 2C 48    ="Home & Food",H
00003640: 6F 6D 65 20 52 65 66 72 65 73 68 0A 68 74 74 70    ome Refresh.http
00003650: 73 3A 2F 2F 6A 6D 70 32 2E 75 6B 2F 73 74 76 70    s://jmp2.uk/stvp
00003660: 2D 55 53 42 43 32 31 30 30 30 31 34 32 54 0A 23    -USBC21000142T.#
00003670: 45 58 54 49 4E 46 3A 2D 31 20 63 68 61 6E 6E 65    EXTINF:-1 channe
00003680: 6C 2D 69 64 3D 22 55 53 41 4A 33 30 30 30 30 30    l-id="USAJ300000
00003690: 36 58 35 22 20 74 76 67 2D 69 64 3D 22 55 53 41    6X5" tvg-id="USA
000036a0: 4A 33 30 30 30 30 30 36 58 35 22 20 74 76 67 2D    J3000006X5" tvg-
000036b0: 63 68 6E 6F 3D 22 32 30 31 30 22 20 74 76 67 2D    chno="2010" tvg-
000036c0: 6E 61 6D 65 3D 22 48 6F 6D 65 2E 4D 61 64 65 2E    name="Home.Made.
000036d0: 4E 61 74 69 6F 6E 22 20 74 76 67 2D 6C 6F 67 6F    Nation" tvg-logo
000036e0: 3D 22 68 74 74 70 73 3A 2F 2F 74 76 70 6E 6C 6F    ="https://tvpnlo
000036f0: 67 6F 70 75 73 2E 73 61 6D 73 75 6E 67 63 6C 6F    gopus.samsungclo
00003700: 75 64 2E 74 76 2F 70 6C 61 74 66 6F 72 6D 2F 69    ud.tv/platform/i
00003710: 6D 61 67 65 2F 73 6F 75 72 63 65 6C 6F 67 6F 2F    mage/sourcelogo/
00003720: 76 63 2F 30 30 2F 30 32 2F 33 34 2F 55 53 41 4A    vc/00/02/34/USAJ
00003730: 33 30 30 30 30 30 36 58 35 5F 32 30 32 35 30 38    3000006X5_202508
00003740: 30 35 54 30 30 35 36 34 33 53 51 55 41 52 45 2E    05T005643SQUARE.
00003750: 70 6E 67 22 20 67 72 6F 75 70 2D 74 69 74 6C 65    png" group-title
00003760: 3D 22 48 6F 6D 65 20 26 20 46 6F 6F 64 22 2C 48    ="Home & Food",H
00003770: 6F 6D 65 2E 4D 61 64 65 2E 4E 61 74 69 6F 6E 0A    ome.Made.Nation.
00003780: 68 74 74 70 73 3A 2F 2F 6A 6D 70 32 2E 75 6B 2F    https://jmp2.uk/
00003790: 73 74 76 70 2D 55 53 41 4A 33 30 30 30 30 30 36    stvp-USAJ3000006
000037a0: 58 35 0A 23 45 58 54 49 4E 46 3A 2D 31 20 63 68    X5.#EXTINF:-1 ch
000037b0: 61 6E 6E 65 6C 2D 69 64 3D 22 55 53 42 44 37 30    annel-id="USBD70
000037c0: 30 30 32 32 4D 35 22 20 74 76 67 2D 69 64 3D 22    0022M5" tvg-id="
000037d0: 55 53 42 44 37 30 30 30 32 32 4D 35 22 20 74 76    USBD700022M5" tv
000037e0: 67 2D 63 68 6E 6F 3D 22 32 30 32 33 22 20 74 76    g-chno="2023" tv
000037f0: 67 2D 6E 61 6D 65 3D 22 48 6F 6D 65 66 75 6C 22    g-name="Homeful"
00003800: 20 74 76 67 2D 6C 6F 67 6F 3D 22 68 74 74 70 73     tvg-logo="https
00003810: 3A 2F 2F 74 76 70 6E 6C 6F 67 6F 70 75 73 2E 73    ://tvpnlogopus.s
00003820: 61 6D 73 75 6E 67 63 6C 6F 75 64 2E 74 76 2F 70    amsungcloud.tv/p
00003830: 6C 61 74 66 6F 72 6D 2F 69 6D 61 67 65 2F 73 6F    latform/image/so
00003840: 75 72 63 65 6C 6F 67 6F 2F 76 63 2F 30 30 2F 30    urcelogo/vc/00/0
00003850: 32 2F 33 34 2F 55 53 42 44 37 30 30 30 32 32 4D    2/34/USBD700022M
00003860: 35 5F 32 30 32 34 31 30 31 34 54 32 33 32 31 35    5_20241014T23215
00003870: 37 53 51 55 41 52 45 2E 70 6E 67 22 20 67 72 6F    7SQUARE.png" gro
00003880: 75 70 2D 74 69 74 6C 65 3D 22 48 6F 6D 65 20 26    up-title="Home &
00003890: 20 46 6F 6F 64 22 2C 48 6F 6D 65 66 75 6C 0A 68     Food",Homeful.h
000038a0: 74 74 70 73 3A 2F 2F 6A 6D 70 32 2E 75 6B 2F 73    ttps://jmp2.uk/s
000038b0: 74 76 70 2D 55 53 42 44 37 30 30 30 32 32 4D 35    tvp-USBD700022M5
000038c0: 0A 23 45 58 54 49 4E 46 3A 2D 31 20 63 68 61 6E    .#EXTINF:-1 chan
000038d0: 6E 65 6C 2D 69 64 3D 22 55 53 42 43 31 30 30 30    nel-id="USBC1000
000038e0: 30 31 31 37 35 22 20 74 76 67 2D 69 64 3D 22 55    01175" tvg-id="U
000038f0: 53 42 43 31 30 30 30 30 31 31 37 35 22 20 74 76    SBC100001175" tv
00003900: 67 2D 63 68 6E 6F 3D 22 33 30 37 35 22 20 74 76    g-chno="3075" tv
00003910: 67 2D 6E 61 6D 65 3D 22 48 6F 72 72 6F 72 20 62    g-name="Horror b
00003920: 79 20 41 4C 54 45 52 22 20 74 76 67 2D 6C 6F 67    y ALTER" tvg-log
00003930: 6F 3D 22 68 74 74 70 73 3A 2F 2F 74 76 70 6E 6C    o="https://tvpnl
00003940: 6F 67 6F 70 75 73 2E 73 61 6D 73 75 6E 67 63 6C    ogopus.samsungcl
00003950: 6F 75 64 2E 74 76 2F 70 6C 61 74 66 6F 72 6D 2F    oud.tv/platform/
00003960: 69 6D 61 67 65 2F 73 6F 75 72 63 65 6C 6F 67 6F    image/sourcelogo
00003970: 2F 76 63 2F 30 30 2F 30 32 2F 33 34 2F 55 53 42    /vc/00/02/34/USB
00003980: 43 31 30 30 30 30 31 31 37 35 5F 32 30 32 34 30    C100001175_20240
00003990: 37 33 30 54 30 31 32 38 30 30 53 51 55 41 52 45    730T012800SQUARE
000039a0: 2E 70 6E 67 22 20 67 72 6F 75 70 2D 74 69 74 6C    .png" group-titl
000039b0: 65 3D 22 53 63 69 2D 46 69 20 26 20 48 6F 72 72    e="Sci-Fi & Horr
000039c0: 6F 72 22 2C 48 6F 72 72 6F 72 20 62 79 20 41 4C    or",Horror by AL
000039d0: 54 45 52 0A 68 74 74 70 73 3A 2F 2F 6A 6D 70 32    TER.https://jmp2
000039e0: 2E 75 6B 2F 73 74 76 70 2D 55 53 42 43 31 30 30    .uk/stvp-USBC100
000039f0: 30 30 31 31 37 35 0A 23 45 58 54 49 4E 46 3A 2D    001175.#EXTINF:-
00003a00: 31 20 63 68 61 6E 6E 65 6C 2D 69 64 3D 22 55 53    1 channel-id="US
00003a10: 32 39 30 30 30 30 36 49 56 22 20 74 76 67 2D 69    2900006IV" tvg-i
00003a20: 64 3D 22 55 53 32 39 30 30 30 30 36 49 56 22 20    d="US2900006IV" 
00003a30: 74 76 67 2D 63 68 6E 6F 3D 22 32 36 32 32 22 20    tvg-chno="2622" 
00003a40: 74 76 67 2D 6E 61 6D 65 3D 22 48 6F 74 20 4F 6E    tvg-name="Hot On
00003a50: 65 73 22 20 74 76 67 2D 6C 6F 67 6F 3D 22 68 74    es" tvg-logo="ht
00003a60: 74 70 73 3A 2F 2F 74 76 70 6E 6C 6F 67 6F 70 75    tps://tvpnlogopu
00003a70: 73 2E 73 61 6D 73 75 6E 67 63 6C 6F 75 64 2E 74    s.samsungcloud.t
00003a80: 76 2F 70 6C 61 74 66 6F 72 6D 2F 69 6D 61 67 65    v/platform/image
00003a90: 2F 73 6F 75 72 63 65 6C 6F 67 6F 2F 76 63 2F 30    /sourcelogo/vc/0
00003aa0: 30 2F 30 32 2F 33 34 2F 55 53 32 39 30 30 30 30    0/02/34/US290000
00003ab0: 36 49 56 5F 32 30 32 35 30 38 31 32 54 30 30 33    6IV_20250812T003
00003ac0: 34 35 38 53 51 55 41 52 45 2E 70 6E 67 22 20 67    458SQUARE.png" g
00003ad0: 72 6F 75 70 2D 74 69 74 6C 65 3D 22 43 6F 6D 65    roup-title="Come
00003ae0: 64 79 22 2C 48 6F 74 20 4F 6E 65 73 0A 68 74 74    dy",Hot Ones.htt
00003af0: 70 73 3A 2F 2F 6A 6D 70 32 2E 75 6B 2F 73 74 76    ps://jmp2.uk/stv
00003b00: 70 2D 55 53 32 39 30 30 30 30 36 49 56 0A 23 45    p-US2900006IV.#E
00003b10: 58 54 49 4E 46 3A 2D 31 20 63 68 61 6E 6E 65 6C    XTINF:-1 channel
00003b20: 2D 69 64 3D 22 55 53 32 39 30 30 30 31 33 41 59    -id="US2900013AY
00003b30: 22 20 74 76 67 2D 69 64 3D 22 55 53 32 39 30 30    " tvg-id="US2900
00003b40: 30 31 33 41 59 22 20 74 76 67 2D 63 68 6E 6F 3D    013AY" tvg-chno=
00003b50: 22 33 36 31 34 22 20 74 76 67 2D 6E 61 6D 65 3D    "3614" tvg-name=
00003b60: 22 48 6F 74 20 57 68 65 65 6C 73 20 41 63 74 69    "Hot Wheels Acti
00003b70: 6F 6E 22 20 74 76 67 2D 6C 6F 67 6F 3D 22 68 74    on" tvg-logo="ht
00003b80: 74 70 73 3A 2F 2F 74 76 70 6E 6C 6F 67 6F 70 75    tps://tvpnlogopu
00003b90: 73 2E 73 61 6D 73 75 6E 67 63 6C 6F 75 64 2E 74    s.samsungcloud.t
00003ba0: 76 2F 70 6C 61 74 66 6F 72 6D 2F 69 6D 61 67 65    v/platform/image
00003bb0: 2F 73 6F 75 72 63 65 6C 6F 67 6F 2F 76 63 2F 30    /sourcelogo/vc/0
00003bc0: 30 2F 30 32 2F 33 34 2F 55 53 32 39 30 30 30 31    0/02/34/US290001
00003bd0: 33 41 59 5F 32 30 32 34 31 30 32 38 54 31 37 34    3AY_20241028T174
00003be0: 32 32 36 53 51 55 41 52 45 2E 70 6E 67 22 20 67    226SQUARE.png" g
00003bf0: 72 6F 75 70 2D 74 69 74 6C 65 3D 22 4B 69 64 73    roup-title="Kids
00003c00: 22 2C 48 6F 74 20 57 68 65 65 6C 73 20 41 63 74    ",Hot Wheels Act
00003c10: 69 6F 6E 0A 68 74 74 70 73 3A 2F 2F 6A 6D 70 32    ion.https://jmp2
00003c20: 2E 75 6B 2F 73 74 76 70 2D 55 53 32 39 30 30 30    .uk/stvp-US29000
00003c30: 31 33 41 59 0A 23 45 58 54 49 4E 46 3A 2D 31 20    13AY.#EXTINF:-1 
00003c40: 63 68 61 6E 6E 65 6C 2D 69 64 3D 22 55 53 41 4A    channel-id="USAJ
00003c50: 32 32 30 30 30 30 39 43 32 22 20 74 76 67 2D 69    2200009C2" tvg-i
00003c60: 64 3D 22 55 53 41 4A 32 32 30 30 30 30 39 43 32    d="USAJ2200009C2
00003c70: 22 20 74 76 67 2D 63 68 6E 6F 3D 22 32 31 31 38    " tvg-chno="2118
00003c80: 22 20 74 76 67 2D 6E 61 6D 65 3D 22 48 75 6E 67    " tvg-name="Hung
00003c90: 72 79 22 20 74 76 67 2D 6C 6F 67 6F 3D 22 68 74    ry" tvg-logo="ht
00003ca0: 74 70 73 3A 2F 2F 74 76 70 6E 6C 6F 67 6F 70 75    tps://tvpnlogopu
00003cb0: 73 2E 73 61 6D 73 75 6E 67 63 6C 6F 75 64 2E 74    s.samsungcloud.t
00003cc0: 76 2F 70 6C 61 74 66 6F 72 6D 2F 69 6D 61 67 65    v/platform/image
00003cd0: 2F 73 6F 75 72 63 65 6C 6F 67 6F 2F 76 63 2F 30    /sourcelogo/vc/0
00003ce0: 30 2F 30 32 2F 33 34 2F 55 53 41 4A 32 32 30 30    0/02/34/USAJ2200
00003cf0: 30 30 39 43 32 5F 32 30 32 35 31 32 30 39 54 32    009C2_20251209T2
00003d00: 33 30 32 30 34 53 51 55 41 52 45 2E 70 6E 67 22    30204SQUARE.png"
00003d10: 20 67 72 6F 75 70 2D 74 69 74 6C 65 3D 22 48 6F     group-title="Ho
00003d20: 6D 65 20 26 20 46 6F 6F 64 22 2C 48 75 6E 67 72    me & Food",Hungr
00003d30: 79 0A 68 74 74 70 73 3A 2F 2F 6A 6D 70 32 2E 75    y.https://jmp2.u
00003d40: 6B 2F 73 74 76 70 2D 55 53 41 4A 32 32 30 30 30    k/stvp-USAJ22000
00003d50: 30 39 43 32 0A 23 45 58 54 49 4E 46 3A 2D 31 20    09C2.#EXTINF:-1 
00003d60: 63 68 61 6E 6E 65 6C 2D 69 64 3D 22 55 53 32 37    channel-id="US27
00003d70: 30 30 30 30 35 38 35 22 20 74 76 67 2D 69 64 3D    0000585" tvg-id=
00003d80: 22 55 53 32 37 30 30 30 30 35 38 35 22 20 74 76    "US270000585" tv
00003d90: 67 2D 63 68 6E 6F 3D 22 33 32 31 35 22 20 74 76    g-chno="3215" tv
00003da0: 67 2D 6E 61 6D 65 3D 22 48 75 6E 74 65 72 20 78    g-name="Hunter x
00003db0: 20 48 75 6E 74 65 72 22 20 74 76 67 2D 6C 6F 67     Hunter" tvg-log
00003dc0: 6F 3D 22 68 74 74 70 73 3A 2F 2F 74 76 70 6E 6C    o="https://tvpnl
00003dd0: 6F 67 6F 70 75 73 2E 73 61 6D 73 75 6E 67 63 6C    ogopus.samsungcl
00003de0: 6F 75 64 2E 74 76 2F 70 6C 61 74 66 6F 72 6D 2F    oud.tv/platform/
00003df0: 69 6D 61 67 65 2F 73 6F 75 72 63 65 6C 6F 67 6F    image/sourcelogo
00003e00: 2F 76 63 2F 30 30 2F 30 32 2F 33 34 2F 55 53 32    /vc/00/02/34/US2
00003e10: 37 30 30 30 30 35 38 35 5F 32 30 32 35 30 38 32    70000585_2025082
00003e20: 36 54 32 33 34 35 32 39 53 51 55 41 52 45 2E 70    6T234529SQUARE.p
00003e30: 6E 67 22 20 67 72 6F 75 70 2D 74 69 74 6C 65 3D    ng" group-title=
00003e40: 22 41 6E 69 6D 65 20 26 20 47 61 6D 69 6E 67 22    "Anime & Gaming"
00003e50: 2C 48 75 6E 74 65 72 20 78 20 48 75 6E 74 65 72    ,Hunter x Hunter
00003e60: 0A 68 74 74 70 73 3A 2F 2F 6A 6D 70 32 2E 75 6B    .https://jmp2.uk
00003e70: 2F 73 74 76 70 2D 55 53 32 37 30 30 30 30 35 38    /stvp-US27000058
00003e80: 35 0A 23 45 58 54 49 4E 46 3A 2D 31 20 63 68 61    5.#EXTINF:-1 cha
00003e90: 6E 6E 65 6C 2D 69 64 3D 22 55 53 42 44 31 37 30    nnel-id="USBD170
00003ea0: 30 30 30 38 48 39 22 20 74 76 67 2D 69 64 3D 22    0008H9" tvg-id="
00003eb0: 55 53 42 44 31 37 30 30 30 30 38 48 39 22 20 74    USBD1700008H9" t
00003ec0: 76 67 2D 63 68 6E 6F 3D 22 31 38 32 32 22 20 74    vg-chno="1822" t
00003ed0: 76 67 2D 6E 61 6D 65 3D 22 49 20 53 75 72 76 69    vg-name="I Survi
00003ee0: 76 65 64 85 22 20 74 76 67 2D 6C 6F 67 6F 3D 22    ved." tvg-logo="
00003ef0: 68 74 74 70 73 3A 2F 2F 74 76 70 6E 6C 6F 67 6F    https://tvpnlogo
00003f00: 70 75 73 2E 73 61 6D 73 75 6E 67 63 6C 6F 75 64    pus.samsungcloud
00003f10: 2E 74 76 2F 70 6C 61 74 66 6F 72 6D 2F 69 6D 61    .tv/platform/ima
00003f20: 67 65 2F 73 6F 75 72 63 65 6C 6F 67 6F 2F 76 63    ge/sourcelogo/vc
00003f30: 2F 30 30 2F 30 32 2F 33 34 2F 55 53 42 44 31 37    /00/02/34/USBD17
00003f40: 30 30 30 30 38 48 39 5F 32 30 32 35 30 38 30 35    00008H9_20250805
00003f50: 54 30 30 35 38 30 37 53 51 55 41 52 45 2E 70 6E    T005807SQUARE.pn
00003f60: 67 22 20 67 72 6F 75 70 2D 74 69 74 6C 65 3D 22    g" group-title="
00003f70: 43 72 69 6D 65 22 2C 49 20 53 75 72 76 69 76 65    Crime",I Survive
00003f80: 64 85 0A 68 74 74 70 73 3A 2F 2F 6A 6D 70 32 2E    d..https://jmp2.
00003f90: 75 6B 2F 73 74 76 70 2D 55 53 42 44 31 37 30 30    uk/stvp-USBD1700
00003fa0: 30 30 38 48 39 0A 23 45 58 54 49 4E 46 3A 2D 31    008H9.#EXTINF:-1
00003fb0: 20 63 68 61 6E 6E 65 6C 2D 69 64 3D 22 55 53 42     channel-id="USB
00003fc0: 42 35 32 30 30 30 32 31 37 33 22 20 74 76 67 2D    B520002173" tvg-
00003fd0: 69 64 3D 22 55 53 42 42 35 32 30 30 30 32 31 37    id="USBB52000217
00003fe0: 33 22 20 74 76 67 2D 63 68 6E 6F 3D 22 32 37 33    3" tvg-chno="273
00003ff0: 39 22 20 74 76 67 2D 6E 61 6D 65 3D 22 49 63 65    9" tvg-name="Ice

00000000: 20 52 6F 61 64 20 54 72 75 63 6B 65 72 73 22 20     Road Truckers" 
00000010: 74 76 67 2D 6C 6F 67 6F 3D 22 68 74 74 70 73 3A    tvg-logo="https:
00000020: 2F 2F 74 76 70 6E 6C 6F 67 6F 70 75 73 2E 73 61    //tvpnlogopus.sa
00000030: 6D 73 75 6E 67 63 6C 6F 75 64 2E 74 76 2F 70 6C    msungcloud.tv/pl
00000040: 61 74 66 6F 72 6D 2F 69 6D 61 67 65 2F 73 6F 75    atform/image/sou
00000050: 72 63 65 6C 6F 67 6F 2F 76 63 2F 30 30 2F 30 32    rcelogo/vc/00/02
00000060: 2F 33 34 2F 55 53 42 42 35 32 30 30 30 32 31 37    /34/USBB52000217
00000070: 33 5F 32 30 32 35 30 38 30 35 54 30 30 35 38 31    3_20250805T00581
00000080: 32 53 51 55 41 52 45 2E 70 6E 67 22 20 67 72 6F    2SQUARE.png" gro
00000090: 75 70 2D 74 69 74 6C 65 3D 22 52 65 61 6C 69 74    up-title="Realit
000000a0: 79 20 43 6F 6D 70 65 74 69 74 69 6F 6E 22 2C 49    y Competition",I
000000b0: 63 65 20 52 6F 61 64 20 54 72 75 63 6B 65 72 73    ce Road Truckers
000000c0: 0A 68 74 74 70 73 3A 2F 2F 6A 6D 70 32 2E 75 6B    .https://jmp2.uk
000000d0: 2F 73 74 76 70 2D 55 53 42 42 35 32 30 30 30 32    /stvp-USBB520002
000000e0: 31 37 33 0A 23 45 58 54 49 4E 46 3A 2D 31 20 63    173.#EXTINF:-1 c
000000f0: 68 61 6E 6E 65 6C 2D 69 64 3D 22 55 53 32 36 30    hannel-id="US260
00000100: 30 30 32 34 45 4F 22 20 74 76 67 2D 69 64 3D 22    0024EO" tvg-id="
00000110: 55 53 32 36 30 30 30 32 34 45 4F 22 20 74 76 67    US2600024EO" tvg
00000120: 2D 63 68 6E 6F 3D 22 32 39 30 37 22 20 74 76 67    -chno="2907" tvg
00000130: 2D 6E 61 6D 65 3D 22 49 6E 20 44 65 70 74 68 20    -name="In Depth 
00000140: 77 69 74 68 20 47 72 61 68 61 6D 20 42 65 6E 73    with Graham Bens
00000150: 69 6E 67 65 72 22 20 74 76 67 2D 6C 6F 67 6F 3D    inger" tvg-logo=
00000160: 22 68 74 74 70 73 3A 2F 2F 74 76 70 6E 6C 6F 67    "https://tvpnlog
00000170: 6F 70 75 73 2E 73 61 6D 73 75 6E 67 63 6C 6F 75    opus.samsungclou
00000180: 64 2E 74 76 2F 70 6C 61 74 66 6F 72 6D 2F 69 6D    d.tv/platform/im
00000190: 61 67 65 2F 73 6F 75 72 63 65 6C 6F 67 6F 2F 76    age/sourcelogo/v
000001a0: 63 2F 30 30 2F 30 32 2F 33 34 2F 55 53 32 36 30    c/00/02/34/US260
000001b0: 30 30 32 34 45 4F 5F 32 30 32 35 31 30 30 36 54    0024EO_20251006T
000001c0: 32 32 35 30 33 30 53 51 55 41 52 45 2E 70 6E 67    225030SQUARE.png
000001d0: 22 20 67 72 6F 75 70 2D 74 69 74 6C 65 3D 22 4C    " group-title="L
000001e0: 69 66 65 73 74 79 6C 65 20 26 20 50 6F 70 20 43    ifestyle & Pop C
000001f0: 75 6C 74 75 72 65 22 2C 49 6E 20 44 65 70 74 68    ulture",In Depth
00000200: 20 77 69 74 68 20 47 72 61 68 61 6D 20 42 65 6E     with Graham Ben
00000210: 73 69 6E 67 65 72 0A 68 74 74 70 73 3A 2F 2F 6A    singer.https://j
00000220: 6D 70 32 2E 75 6B 2F 73 74 76 70 2D 55 53 32 36    mp2.uk/stvp-US26
00000230: 30 30 30 32 34 45 4F 0A 23 45 58 54 49 4E 46 3A    00024EO.#EXTINF:
00000240: 2D 31 20 63 68 61 6E 6E 65 6C 2D 69 64 3D 22 55    -1 channel-id="U
00000250: 53 42 41 33 30 30 30 32 32 4A 58 22 20 74 76 67    SBA300022JX" tvg
00000260: 2D 69 64 3D 22 55 53 42 41 33 30 30 30 32 32 4A    -id="USBA300022J
00000270: 58 22 20 74 76 67 2D 63 68 6E 6F 3D 22 31 39 38    X" tvg-chno="198
00000280: 34 22 20 74 76 67 2D 6E 61 6D 65 3D 22 49 4E 46    4" tvg-name="INF
00000290: 41 53 54 22 20 74 76 67 2D 6C 6F 67 6F 3D 22 68    AST" tvg-logo="h
000002a0: 74 74 70 73 3A 2F 2F 74 76 70 6E 6C 6F 67 6F 70    ttps://tvpnlogop
000002b0: 75 73 2E 73 61 6D 73 75 6E 67 63 6C 6F 75 64 2E    us.samsungcloud.
000002c0: 74 76 2F 70 6C 61 74 66 6F 72 6D 2F 69 6D 61 67    tv/platform/imag
000002d0: 65 2F 73 6F 75 72 63 65 6C 6F 67 6F 2F 76 63 2F    e/sourcelogo/vc/
000002e0: 30 30 2F 30 32 2F 33 34 2F 55 53 42 41 33 30 30    00/02/34/USBA300
000002f0: 30 32 32 4A 58 5F 32 30 32 35 30 35 31 33 54 30    022JX_20250513T0
00000300: 31 32 36 35 34 53 51 55 41 52 45 2E 70 6E 67 22    12654SQUARE.png"
00000310: 20 67 72 6F 75 70 2D 74 69 74 6C 65 3D 22 52 65     group-title="Re
00000320: 61 6C 69 74 79 20 54 56 22 2C 49 4E 46 41 53 54    ality TV",INFAST
00000330: 0A 68 74 74 70 73 3A 2F 2F 6A 6D 70 32 2E 75 6B    .https://jmp2.uk
00000340: 2F 73 74 76 70 2D 55 53 42 41 33 30 30 30 32 32    /stvp-USBA300022
00000350: 4A 58 0A 23 45 58 54 49 4E 46 3A 2D 31 20 63 68    JX.#EXTINF:-1 ch
00000360: 61 6E 6E 65 6C 2D 69 64 3D 22 55 53 42 44 33 35    annel-id="USBD35
00000370: 30 30 30 34 30 57 58 22 20 74 76 67 2D 69 64 3D    00040WX" tvg-id=
00000380: 22 55 53 42 44 33 35 30 30 30 34 30 57 58 22 20    "USBD3500040WX" 
00000390: 74 76 67 2D 63 68 6E 6F 3D 22 31 39 36 38 22 20    tvg-chno="1968" 
000003a0: 74 76 67 2D 6E 61 6D 65 3D 22 49 6E 74 65 72 76    tvg-name="Interv
000003b0: 65 6E 74 69 6F 6E 20 62 79 20 41 26 45 22 20 74    ention by A&E" t
000003c0: 76 67 2D 6C 6F 67 6F 3D 22 68 74 74 70 73 3A 2F    vg-logo="https:/
000003d0: 2F 74 76 70 6E 6C 6F 67 6F 70 75 73 2E 73 61 6D    /tvpnlogopus.sam
000003e0: 73 75 6E 67 63 6C 6F 75 64 2E 74 76 2F 70 6C 61    sungcloud.tv/pla
000003f0: 74 66 6F 72 6D 2F 69 6D 61 67 65 2F 73 6F 75 72    tform/image/sour
00000400: 63 65 6C 6F 67 6F 2F 76 63 2F 30 30 2F 30 32 2F    celogo/vc/00/02/
00000410: 33 34 2F 55 53 42 44 33 35 30 30 30 34 30 57 58    34/USBD3500040WX
00000420: 5F 32 30 32 35 30 38 30 35 54 30 30 35 38 31 35    _20250805T005815
00000430: 53 51 55 41 52 45 2E 70 6E 67 22 20 67 72 6F 75    SQUARE.png" grou
00000440: 70 2D 74 69 74 6C 65 3D 22 52 65 61 6C 69 74 79    p-title="Reality
00000450: 20 54 56 22 2C 49 6E 74 65 72 76 65 6E 74 69 6F     TV",Interventio
00000460: 6E 20 62 79 20 41 26 45 0A 68 74 74 70 73 3A 2F    n by A&E.https:/
00000470: 2F 6A 6D 70 32 2E 75 6B 2F 73 74 76 70 2D 55 53    /jmp2.uk/stvp-US
00000480: 42 44 33 35 30 30 30 34 30 57 58 0A 23 45 58 54    BD3500040WX.#EXT
00000490: 49 4E 46 3A 2D 31 20 63 68 61 6E 6E 65 6C 2D 69    INF:-1 channel-i
000004a0: 64 3D 22 55 53 42 41 33 30 30 30 32 33 47 38 22    d="USBA300023G8"
000004b0: 20 74 76 67 2D 69 64 3D 22 55 53 42 41 33 30 30     tvg-id="USBA300
000004c0: 30 32 33 47 38 22 20 74 76 67 2D 63 68 6E 6F 3D    023G8" tvg-chno=
000004d0: 22 33 35 33 38 22 20 74 76 67 2D 6E 61 6D 65 3D    "3538" tvg-name=
000004e0: 22 49 6E 57 6F 6E 64 65 72 22 20 74 76 67 2D 6C    "InWonder" tvg-l
000004f0: 6F 67 6F 3D 22 68 74 74 70 73 3A 2F 2F 74 76 70    ogo="https://tvp
00000500: 6E 6C 6F 67 6F 70 75 73 2E 73 61 6D 73 75 6E 67    nlogopus.samsung
00000510: 63 6C 6F 75 64 2E 74 76 2F 70 6C 61 74 66 6F 72    cloud.tv/platfor
00000520: 6D 2F 69 6D 61 67 65 2F 73 6F 75 72 63 65 6C 6F    m/image/sourcelo
00000530: 67 6F 2F 76 63 2F 30 30 2F 30 32 2F 33 34 2F 55    go/vc/00/02/34/U
00000540: 53 42 41 33 30 30 30 32 33 47 38 5F 32 30 32 35    SBA300023G8_2025
00000550: 30 35 31 33 54 30 31 32 37 30 35 53 51 55 41 52    0513T012705SQUAR
00000560: 45 2E 70 6E 67 22 20 67 72 6F 75 70 2D 74 69 74    E.png" group-tit
00000570: 6C 65 3D 22 4E 61 74 75 72 65 2C 20 48 69 73 74    le="Nature, Hist
00000580: 6F 72 79 20 26 20 53 63 69 65 6E 63 65 22 2C 49    ory & Science",I
00000590: 6E 57 6F 6E 64 65 72 0A 68 74 74 70 73 3A 2F 2F    nWonder.https://
000005a0: 6A 6D 70 32 2E 75 6B 2F 73 74 76 70 2D 55 53 42    jmp2.uk/stvp-USB
000005b0: 41 33 30 30 30 32 33 47 38 0A 23 45 58 54 49 4E    A300023G8.#EXTIN
000005c0: 46 3A 2D 31 20 63 68 61 6E 6E 65 6C 2D 69 64 3D    F:-1 channel-id=
000005d0: 22 55 53 42 44 33 30 30 30 30 32 54 55 22 20 74    "USBD300002TU" t
000005e0: 76 67 2D 69 64 3D 22 55 53 42 44 33 30 30 30 30    vg-id="USBD30000
000005f0: 32 54 55 22 20 74 76 67 2D 63 68 6E 6F 3D 22 31    2TU" tvg-chno="1
00000600: 35 31 30 22 20 74 76 67 2D 6E 61 6D 65 3D 22 49    510" tvg-name="I
00000610: 4F 4E 22 20 74 76 67 2D 6C 6F 67 6F 3D 22 68 74    ON" tvg-logo="ht
00000620: 74 70 73 3A 2F 2F 74 76 70 6E 6C 6F 67 6F 70 75    tps://tvpnlogopu
00000630: 73 2E 73 61 6D 73 75 6E 67 63 6C 6F 75 64 2E 74    s.samsungcloud.t
00000640: 76 2F 70 6C 61 74 66 6F 72 6D 2F 69 6D 61 67 65    v/platform/image
00000650: 2F 73 6F 75 72 63 65 6C 6F 67 6F 2F 76 63 2F 30    /sourcelogo/vc/0
00000660: 30 2F 30 32 2F 33 34 2F 55 53 42 44 33 30 30 30    0/02/34/USBD3000
00000670: 30 32 54 55 5F 32 30 32 35 31 30 32 31 54 31 39    02TU_20251021T19
00000680: 32 31 35 36 53 51 55 41 52 45 2E 70 6E 67 22 20    2156SQUARE.png" 
00000690: 67 72 6F 75 70 2D 74 69 74 6C 65 3D 22 41 63 74    group-title="Act
000006a0: 69 6F 6E 20 26 20 44 72 61 6D 61 22 2C 49 4F 4E    ion & Drama",ION
000006b0: 0A 68 74 74 70 73 3A 2F 2F 6A 6D 70 32 2E 75 6B    .https://jmp2.uk
000006c0: 2F 73 74 76 70 2D 55 53 42 44 33 30 30 30 30 32    /stvp-USBD300002
000006d0: 54 55 0A 23 45 58 54 49 4E 46 3A 2D 31 20 63 68    TU.#EXTINF:-1 ch
000006e0: 61 6E 6E 65 6C 2D 69 64 3D 22 55 53 42 43 32 34    annel-id="USBC24
000006f0: 30 30 30 32 32 33 53 22 20 74 76 67 2D 69 64 3D    000223S" tvg-id=
00000700: 22 55 53 42 43 32 34 30 30 30 32 32 33 53 22 20    "USBC24000223S" 
00000710: 74 76 67 2D 63 68 6E 6F 3D 22 31 38 31 30 22 20    tvg-chno="1810" 
00000720: 74 76 67 2D 6E 61 6D 65 3D 22 49 4F 4E 20 4D 79    tvg-name="ION My
00000730: 73 74 65 72 79 22 20 74 76 67 2D 6C 6F 67 6F 3D    stery" tvg-logo=
00000740: 22 68 74 74 70 73 3A 2F 2F 74 76 70 6E 6C 6F 67    "https://tvpnlog
00000750: 6F 70 75 73 2E 73 61 6D 73 75 6E 67 63 6C 6F 75    opus.samsungclou
00000760: 64 2E 74 76 2F 70 6C 61 74 66 6F 72 6D 2F 69 6D    d.tv/platform/im
00000770: 61 67 65 2F 73 6F 75 72 63 65 6C 6F 67 6F 2F 76    age/sourcelogo/v
00000780: 63 2F 30 30 2F 30 32 2F 33 34 2F 55 53 42 43 32    c/00/02/34/USBC2
00000790: 34 30 30 30 32 32 33 53 5F 32 30 32 35 31 31 31    4000223S_2025111
000007a0: 30 54 32 33 35 31 30 30 53 51 55 41 52 45 2E 70    0T235100SQUARE.p
000007b0: 6E 67 22 20 67 72 6F 75 70 2D 74 69 74 6C 65 3D    ng" group-title=
000007c0: 22 43 72 69 6D 65 22 2C 49 4F 4E 20 4D 79 73 74    "Crime",ION Myst
000007d0: 65 72 79 0A 68 74 74 70 73 3A 2F 2F 6A 6D 70 32    ery.https://jmp2
000007e0: 2E 75 6B 2F 73 74 76 70 2D 55 53 42 43 32 34 30    .uk/stvp-USBC240
000007f0: 30 30 32 32 33 53 0A 23 45 58 54 49 4E 46 3A 2D    00223S.#EXTINF:-
00000800: 31 20 63 68 61 6E 6E 65 6C 2D 69 64 3D 22 55 53    1 channel-id="US
00000810: 42 44 33 30 30 30 30 33 4C 4B 22 20 74 76 67 2D    BD300003LK" tvg-
00000820: 69 64 3D 22 55 53 42 44 33 30 30 30 30 33 4C 4B    id="USBD300003LK
00000830: 22 20 74 76 67 2D 63 68 6E 6F 3D 22 31 35 31 31    " tvg-chno="1511
00000840: 22 20 74 76 67 2D 6E 61 6D 65 3D 22 49 4F 4E 20    " tvg-name="ION 
00000850: 50 6C 75 73 22 20 74 76 67 2D 6C 6F 67 6F 3D 22    Plus" tvg-logo="
00000860: 68 74 74 70 73 3A 2F 2F 74 76 70 6E 6C 6F 67 6F    https://tvpnlogo
00000870: 70 75 73 2E 73 61 6D 73 75 6E 67 63 6C 6F 75 64    pus.samsungcloud
00000880: 2E 74 76 2F 70 6C 61 74 66 6F 72 6D 2F 69 6D 61    .tv/platform/ima
00000890: 67 65 2F 73 6F 75 72 63 65 6C 6F 67 6F 2F 76 63    ge/sourcelogo/vc
000008a0: 2F 30 30 2F 30 32 2F 33 34 2F 55 53 42 44 33 30    /00/02/34/USBD30
000008b0: 30 30 30 33 4C 4B 5F 32 30 32 35 31 31 32 35 54    0003LK_20251125T
000008c0: 30 33 30 38 34 34 53 51 55 41 52 45 2E 70 6E 67    030844SQUARE.png
000008d0: 22 20 67 72 6F 75 70 2D 74 69 74 6C 65 3D 22 41    " group-title="A
000008e0: 63 74 69 6F 6E 20 26 20 44 72 61 6D 61 22 2C 49    ction & Drama",I
000008f0: 4F 4E 20 50 6C 75 73 0A 68 74 74 70 73 3A 2F 2F    ON Plus.https://
00000900: 6A 6D 70 32 2E 75 6B 2F 73 74 76 70 2D 55 53 42    jmp2.uk/stvp-USB
00000910: 44 33 30 30 30 30 33 4C 4B 0A 23 45 58 54 49 4E    D300003LK.#EXTIN
00000920: 46 3A 2D 31 20 63 68 61 6E 6E 65 6C 2D 69 64 3D    F:-1 channel-id=
00000930: 22 55 53 31 34 30 30 30 30 37 56 36 22 20 74 76    "US1400007V6" tv
00000940: 67 2D 69 64 3D 22 55 53 31 34 30 30 30 30 37 56    g-id="US1400007V
00000950: 36 22 20 74 76 67 2D 63 68 6E 6F 3D 22 34 35 31    6" tvg-chno="451
00000960: 30 22 20 74 76 67 2D 6E 61 6D 65 3D 22 49 73 6C    0" tvg-name="Isl
00000970: 61 6E 64 20 56 69 62 65 73 22 20 74 76 67 2D 6C    and Vibes" tvg-l
00000980: 6F 67 6F 3D 22 68 74 74 70 73 3A 2F 2F 74 76 70    ogo="https://tvp
00000990: 6E 6C 6F 67 6F 70 75 73 2E 73 61 6D 73 75 6E 67    nlogopus.samsung
000009a0: 63 6C 6F 75 64 2E 74 76 2F 70 6C 61 74 66 6F 72    cloud.tv/platfor
000009b0: 6D 2F 69 6D 61 67 65 2F 73 6F 75 72 63 65 6C 6F    m/image/sourcelo
000009c0: 67 6F 2F 76 63 2F 30 30 2F 30 32 2F 33 34 2F 55    go/vc/00/02/34/U
000009d0: 53 31 34 30 30 30 30 37 56 36 5F 32 30 32 34 31    S1400007V6_20241
000009e0: 32 31 30 54 30 31 33 39 30 37 53 51 55 41 52 45    210T013907SQUARE
000009f0: 2E 70 6E 67 22 20 67 72 6F 75 70 2D 74 69 74 6C    .png" group-titl
00000a00: 65 3D 22 41 6D 62 69 61 6E 63 65 22 2C 49 73 6C    e="Ambiance",Isl
00000a10: 61 6E 64 20 56 69 62 65 73 0A 68 74 74 70 73 3A    and Vibes.https:
00000a20: 2F 2F 6A 6D 70 32 2E 75 6B 2F 73 74 76 70 2D 55    //jmp2.uk/stvp-U
00000a30: 53 31 34 30 30 30 30 37 56 36 0A 23 45 58 54 49    S1400007V6.#EXTI
00000a40: 4E 46 3A 2D 31 20 63 68 61 6E 6E 65 6C 2D 69 64    NF:-1 channel-id
00000a50: 3D 22 55 53 31 31 30 30 30 30 32 30 56 22 20 74    ="US11000020V" t
00000a60: 76 67 2D 69 64 3D 22 55 53 31 31 30 30 30 30 32    vg-id="US1100002
00000a70: 30 56 22 20 74 76 67 2D 63 68 6E 6F 3D 22 33 32    0V" tvg-chno="32
00000a80: 30 32 22 20 74 76 67 2D 6E 61 6D 65 3D 22 49 74    02" tvg-name="It
00000a90: 92 73 20 41 6E 69 6D 65 22 20 74 76 67 2D 6C 6F    .s Anime" tvg-lo
00000aa0: 67 6F 3D 22 68 74 74 70 73 3A 2F 2F 74 76 70 6E    go="https://tvpn
00000ab0: 6C 6F 67 6F 70 75 73 2E 73 61 6D 73 75 6E 67 63    logopus.samsungc
00000ac0: 6C 6F 75 64 2E 74 76 2F 70 6C 61 74 66 6F 72 6D    loud.tv/platform
00000ad0: 2F 69 6D 61 67 65 2F 73 6F 75 72 63 65 6C 6F 67    /image/sourcelog
00000ae0: 6F 2F 76 63 2F 30 30 2F 30 32 2F 33 34 2F 55 53    o/vc/00/02/34/US
00000af0: 31 31 30 30 30 30 32 30 56 5F 32 30 32 35 30 37    11000020V_202507
00000b00: 31 34 54 32 32 33 31 33 32 53 51 55 41 52 45 2E    14T223132SQUARE.
00000b10: 70 6E 67 22 20 67 72 6F 75 70 2D 74 69 74 6C 65    png" group-title
00000b20: 3D 22 41 6E 69 6D 65 20 26 20 47 61 6D 69 6E 67    ="Anime & Gaming
00000b30: 22 2C 49 74 92 73 20 41 6E 69 6D 65 0A 68 74 74    ",It.s Anime.htt
00000b40: 70 73 3A 2F 2F 6A 6D 70 32 2E 75 6B 2F 73 74 76    ps://jmp2.uk/stv
00000b50: 70 2D 55 53 31 31 30 30 30 30 32 30 56 0A 23 45    p-US11000020V.#E
00000b60: 58 54 49 4E 46 3A 2D 31 20 63 68 61 6E 6E 65 6C    XTINF:-1 channel
00000b70: 2D 69 64 3D 22 55 53 42 43 34 34 30 30 30 31 36    -id="USBC4400016
00000b80: 43 4C 22 20 74 76 67 2D 69 64 3D 22 55 53 42 43    CL" tvg-id="USBC
00000b90: 34 34 30 30 30 31 36 43 4C 22 20 74 76 67 2D 63    4400016CL" tvg-c
00000ba0: 68 6E 6F 3D 22 32 31 31 36 22 20 74 76 67 2D 6E    hno="2116" tvg-n
00000bb0: 61 6D 65 3D 22 4A 61 6D 69 65 20 4F 6C 69 76 65    ame="Jamie Olive
00000bc0: 72 22 20 74 76 67 2D 6C 6F 67 6F 3D 22 68 74 74    r" tvg-logo="htt
00000bd0: 70 73 3A 2F 2F 74 76 70 6E 6C 6F 67 6F 70 75 73    ps://tvpnlogopus
00000be0: 2E 73 61 6D 73 75 6E 67 63 6C 6F 75 64 2E 74 76    .samsungcloud.tv
00000bf0: 2F 70 6C 61 74 66 6F 72 6D 2F 69 6D 61 67 65 2F    /platform/image/
00000c00: 73 6F 75 72 63 65 6C 6F 67 6F 2F 76 63 2F 30 30    sourcelogo/vc/00
00000c10: 2F 30 32 2F 33 34 2F 55 53 42 43 34 34 30 30 30    /02/34/USBC44000
00000c20: 31 36 43 4C 5F 32 30 32 35 30 35 32 36 54 32 33    16CL_20250526T23
00000c30: 30 34 30 34 53 51 55 41 52 45 2E 70 6E 67 22 20    0404SQUARE.png" 
00000c40: 67 72 6F 75 70 2D 74 69 74 6C 65 3D 22 48 6F 6D    group-title="Hom
00000c50: 65 20 26 20 46 6F 6F 64 22 2C 4A 61 6D 69 65 20    e & Food",Jamie 
00000c60: 4F 6C 69 76 65 72 0A 68 74 74 70 73 3A 2F 2F 6A    Oliver.https://j
00000c70: 6D 70 32 2E 75 6B 2F 73 74 76 70 2D 55 53 42 43    mp2.uk/stvp-USBC
00000c80: 34 34 30 30 30 31 36 43 4C 0A 23 45 58 54 49 4E    4400016CL.#EXTIN
00000c90: 46 3A 2D 31 20 63 68 61 6E 6E 65 6C 2D 69 64 3D    F:-1 channel-id=
00000ca0: 22 55 53 32 37 30 30 30 30 36 32 55 22 20 74 76    "US27000062U" tv
00000cb0: 67 2D 69 64 3D 22 55 53 32 37 30 30 30 30 36 32    g-id="US27000062
00000cc0: 55 22 20 74 76 67 2D 63 68 6E 6F 3D 22 33 32 31    U" tvg-chno="321
00000cd0: 36 22 20 74 76 67 2D 6E 61 6D 65 3D 22 4A 6F 4A    6" tvg-name="JoJ
00000ce0: 6F 27 73 20 42 69 7A 61 72 72 65 20 41 64 76 65    o's Bizarre Adve
00000cf0: 6E 74 75 72 65 22 20 74 76 67 2D 6C 6F 67 6F 3D    nture" tvg-logo=
00000d00: 22 68 74 74 70 73 3A 2F 2F 74 76 70 6E 6C 6F 67    "https://tvpnlog
00000d10: 6F 70 75 73 2E 73 61 6D 73 75 6E 67 63 6C 6F 75    opus.samsungclou
00000d20: 64 2E 74 76 2F 70 6C 61 74 66 6F 72 6D 2F 69 6D    d.tv/platform/im
00000d30: 61 67 65 2F 73 6F 75 72 63 65 6C 6F 67 6F 2F 76    age/sourcelogo/v
00000d40: 63 2F 30 30 2F 30 32 2F 33 34 2F 55 53 32 37 30    c/00/02/34/US270
00000d50: 30 30 30 36 32 55 5F 32 30 32 35 30 38 32 36 54    00062U_20250826T
00000d60: 32 33 34 35 33 32 53 51 55 41 52 45 2E 70 6E 67    234532SQUARE.png
00000d70: 22 20 67 72 6F 75 70 2D 74 69 74 6C 65 3D 22 41    " group-title="A
00000d80: 6E 69 6D 65 20 26 20 47 61 6D 69 6E 67 22 2C 4A    nime & Gaming",J
00000d90: 6F 4A 6F 27 73 20 42 69 7A 61 72 72 65 20 41 64    oJo's Bizarre Ad
00000da0: 76 65 6E 74 75 72 65 0A 68 74 74 70 73 3A 2F 2F    venture.https://
00000db0: 6A 6D 70 32 2E 75 6B 2F 73 74 76 70 2D 55 53 32    jmp2.uk/stvp-US2
00000dc0: 37 30 30 30 30 36 32 55 0A 23 45 58 54 49 4E 46    7000062U.#EXTINF
00000dd0: 3A 2D 31 20 63 68 61 6E 6E 65 6C 2D 69 64 3D 22    :-1 channel-id="
00000de0: 55 53 42 42 31 30 30 30 30 30 33 48 4C 22 20 74    USBB1000003HL" t
00000df0: 76 67 2D 69 64 3D 22 55 53 42 42 31 30 30 30 30    vg-id="USBB10000
00000e00: 30 33 48 4C 22 20 74 76 67 2D 63 68 6E 6F 3D 22    03HL" tvg-chno="
00000e10: 32 31 33 33 22 20 74 76 67 2D 6E 61 6D 65 3D 22    2133" tvg-name="
00000e20: 4A 4F 55 52 4E 59 20 54 56 22 20 74 76 67 2D 6C    JOURNY TV" tvg-l
00000e30: 6F 67 6F 3D 22 68 74 74 70 73 3A 2F 2F 74 76 70    ogo="https://tvp
00000e40: 6E 6C 6F 67 6F 70 75 73 2E 73 61 6D 73 75 6E 67    nlogopus.samsung
00000e50: 63 6C 6F 75 64 2E 74 76 2F 70 6C 61 74 66 6F 72    cloud.tv/platfor
00000e60: 6D 2F 69 6D 61 67 65 2F 73 6F 75 72 63 65 6C 6F    m/image/sourcelo
00000e70: 67 6F 2F 76 63 2F 30 30 2F 30 32 2F 33 34 2F 55    go/vc/00/02/34/U
00000e80: 53 42 42 31 30 30 30 30 30 33 48 4C 5F 32 30 32    SBB1000003HL_202
00000e90: 35 30 38 32 36 54 32 33 34 35 30 32 53 51 55 41    50826T234502SQUA
00000ea0: 52 45 2E 70 6E 67 22 20 67 72 6F 75 70 2D 74 69    RE.png" group-ti
00000eb0: 74 6C 65 3D 22 48 6F 6D 65 20 26 20 46 6F 6F 64    tle="Home & Food
00000ec0: 22 2C 4A 4F 55 52 4E 59 20 54 56 0A 68 74 74 70    ",JOURNY TV.http
00000ed0: 73 3A 2F 2F 6A 6D 70 32 2E 75 6B 2F 73 74 76 70    s://jmp2.uk/stvp
00000ee0: 2D 55 53 42 42 31 30 30 30 30 30 33 48 4C 0A 23    -USBB1000003HL.#
00000ef0: 45 58 54 49 4E 46 3A 2D 31 20 63 68 61 6E 6E 65    EXTINF:-1 channe
00000f00: 6C 2D 69 64 3D 22 55 53 42 43 34 34 30 30 30 30    l-id="USBC440000
00000f10: 34 4B 4B 22 20 74 76 67 2D 69 64 3D 22 55 53 42    4KK" tvg-id="USB
00000f20: 43 34 34 30 30 30 30 34 4B 4B 22 20 74 76 67 2D    C4400004KK" tvg-
00000f30: 63 68 6E 6F 3D 22 32 36 38 30 22 20 74 76 67 2D    chno="2680" tvg-
00000f40: 6E 61 6D 65 3D 22 4A 75 73 74 20 66 6F 72 20 4C    name="Just for L
00000f50: 61 75 67 68 73 20 47 41 47 53 22 20 74 76 67 2D    aughs GAGS" tvg-
00000f60: 6C 6F 67 6F 3D 22 68 74 74 70 73 3A 2F 2F 74 76    logo="https://tv
00000f70: 70 6E 6C 6F 67 6F 70 75 73 2E 73 61 6D 73 75 6E    pnlogopus.samsun
00000f80: 67 63 6C 6F 75 64 2E 74 76 2F 70 6C 61 74 66 6F    gcloud.tv/platfo
00000f90: 72 6D 2F 69 6D 61 67 65 2F 73 6F 75 72 63 65 6C    rm/image/sourcel
00000fa0: 6F 67 6F 2F 76 63 2F 30 30 2F 30 32 2F 33 34 2F    ogo/vc/00/02/34/
00000fb0: 55 53 42 43 34 34 30 30 30 30 34 4B 4B 5F 32 30    USBC4400004KK_20
00000fc0: 32 34 30 37 32 32 54 32 33 30 38 32 39 53 51 55    240722T230829SQU
00000fd0: 41 52 45 2E 70 6E 67 22 20 67 72 6F 75 70 2D 74    ARE.png" group-t
00000fe0: 69 74 6C 65 3D 22 43 6F 6D 65 64 79 22 2C 4A 75    itle="Comedy",Ju
00000ff0: 73 74 20 66 6F 72 20 4C 61 75 67 68 73 20 47 41    st for Laughs GA
00001000: 47 53 0A 68 74 74 70 73 3A 2F 2F 6A 6D 70 32 2E    GS.https://jmp2.
00001010: 75 6B 2F 73 74 76 70 2D 55 53 42 43 34 34 30 30    uk/stvp-USBC4400
00001020: 30 30 34 4B 4B 0A 23 45 58 54 49 4E 46 3A 2D 31    004KK.#EXTINF:-1
00001030: 20 63 68 61 6E 6E 65 6C 2D 69 64 3D 22 55 53 31     channel-id="US1
00001040: 37 30 30 30 31 36 34 42 22 20 74 76 67 2D 69 64    7000164B" tvg-id
00001050: 3D 22 55 53 31 37 30 30 30 31 36 34 42 22 20 74    ="US17000164B" t
00001060: 76 67 2D 63 68 6E 6F 3D 22 31 36 31 31 22 20 74    vg-chno="1611" t
00001070: 76 67 2D 6E 61 6D 65 3D 22 4B 2D 44 72 61 6D 61    vg-name="K-Drama
00001080: 20 62 79 20 43 4A 20 45 4E 4D 22 20 74 76 67 2D     by CJ ENM" tvg-
00001090: 6C 6F 67 6F 3D 22 68 74 74 70 73 3A 2F 2F 74 76    logo="https://tv
000010a0: 70 6E 6C 6F 67 6F 70 75 73 2E 73 61 6D 73 75 6E    pnlogopus.samsun
000010b0: 67 63 6C 6F 75 64 2E 74 76 2F 70 6C 61 74 66 6F    gcloud.tv/platfo
000010c0: 72 6D 2F 69 6D 61 67 65 2F 73 6F 75 72 63 65 6C    rm/image/sourcel
000010d0: 6F 67 6F 2F 76 63 2F 30 30 2F 30 32 2F 33 34 2F    ogo/vc/00/02/34/
000010e0: 55 53 31 37 30 30 30 31 36 34 42 5F 32 30 32 35    US17000164B_2025
000010f0: 30 38 32 36 54 32 33 34 35 33 34 53 51 55 41 52    0826T234534SQUAR
00001100: 45 2E 70 6E 67 22 20 67 72 6F 75 70 2D 74 69 74    E.png" group-tit
00001110: 6C 65 3D 22 41 63 74 69 6F 6E 20 26 20 44 72 61    le="Action & Dra
00001120: 6D 61 22 2C 4B 2D 44 72 61 6D 61 20 62 79 20 43    ma",K-Drama by C
00001130: 4A 20 45 4E 4D 0A 68 74 74 70 73 3A 2F 2F 6A 6D    J ENM.https://jm
00001140: 70 32 2E 75 6B 2F 73 74 76 70 2D 55 53 31 37 30    p2.uk/stvp-US170
00001150: 30 30 31 36 34 42 0A 23 45 58 54 49 4E 46 3A 2D    00164B.#EXTINF:-
00001160: 31 20 63 68 61 6E 6E 65 6C 2D 69 64 3D 22 55 53    1 channel-id="US
00001170: 31 37 30 30 30 31 37 4E 4D 22 20 74 76 67 2D 69    1700017NM" tvg-i
00001180: 64 3D 22 55 53 31 37 30 30 30 31 37 4E 4D 22 20    d="US1700017NM" 
00001190: 74 76 67 2D 63 68 6E 6F 3D 22 31 36 31 33 22 20    tvg-chno="1613" 
000011a0: 74 76 67 2D 6E 61 6D 65 3D 22 4B 2D 44 72 61 6D    tvg-name="K-Dram
000011b0: 61 2B 22 20 74 76 67 2D 6C 6F 67 6F 3D 22 68 74    a+" tvg-logo="ht
000011c0: 74 70 73 3A 2F 2F 74 76 70 6E 6C 6F 67 6F 70 75    tps://tvpnlogopu
000011d0: 73 2E 73 61 6D 73 75 6E 67 63 6C 6F 75 64 2E 74    s.samsungcloud.t
000011e0: 76 2F 70 6C 61 74 66 6F 72 6D 2F 69 6D 61 67 65    v/platform/image
000011f0: 2F 73 6F 75 72 63 65 6C 6F 67 6F 2F 76 63 2F 30    /sourcelogo/vc/0
00001200: 30 2F 30 32 2F 33 34 2F 55 53 31 37 30 30 30 31    0/02/34/US170001
00001210: 37 4E 4D 5F 32 30 32 35 31 30 31 33 54 32 33 35    7NM_20251013T235
00001220: 37 31 37 53 51 55 41 52 45 2E 70 6E 67 22 20 67    717SQUARE.png" g
00001230: 72 6F 75 70 2D 74 69 74 6C 65 3D 22 41 63 74 69    roup-title="Acti
00001240: 6F 6E 20 26 20 44 72 61 6D 61 22 2C 4B 2D 44 72    on & Drama",K-Dr
00001250: 61 6D 61 2B 0A 68 74 74 70 73 3A 2F 2F 6A 6D 70    ama+.https://jmp
00001260: 32 2E 75 6B 2F 73 74 76 70 2D 55 53 31 37 30 30    2.uk/stvp-US1700
00001270: 30 31 37 4E 4D 0A 23 45 58 54 49 4E 46 3A 2D 31    017NM.#EXTINF:-1
00001280: 20 63 68 61 6E 6E 65 6C 2D 69 64 3D 22 55 53 31     channel-id="US1
00001290: 37 30 30 30 31 38 36 57 22 20 74 76 67 2D 69 64    7000186W" tvg-id
000012a0: 3D 22 55 53 31 37 30 30 30 31 38 36 57 22 20 74    ="US17000186W" t
000012b0: 76 67 2D 63 68 6E 6F 3D 22 32 31 32 32 22 20 74    vg-chno="2122" t
000012c0: 76 67 2D 6E 61 6D 65 3D 22 4B 2D 46 6F 6F 64 20    vg-name="K-Food 
000012d0: 62 79 20 43 4A 20 45 4E 4D 22 20 74 76 67 2D 6C    by CJ ENM" tvg-l
000012e0: 6F 67 6F 3D 22 68 74 74 70 73 3A 2F 2F 74 76 70    ogo="https://tvp
000012f0: 6E 6C 6F 67 6F 70 75 73 2E 73 61 6D 73 75 6E 67    nlogopus.samsung
00001300: 63 6C 6F 75 64 2E 74 76 2F 70 6C 61 74 66 6F 72    cloud.tv/platfor
00001310: 6D 2F 69 6D 61 67 65 2F 73 6F 75 72 63 65 6C 6F    m/image/sourcelo
00001320: 67 6F 2F 76 63 2F 30 30 2F 30 32 2F 33 34 2F 55    go/vc/00/02/34/U
00001330: 53 31 37 30 30 30 31 38 36 57 5F 32 30 32 35 30    S17000186W_20250
00001340: 38 32 36 54 32 33 34 35 33 38 53 51 55 41 52 45    826T234538SQUARE
00001350: 2E 70 6E 67 22 20 67 72 6F 75 70 2D 74 69 74 6C    .png" group-titl
00001360: 65 3D 22 48 6F 6D 65 20 26 20 46 6F 6F 64 22 2C    e="Home & Food",
00001370: 4B 2D 46 6F 6F 64 20 62 79 20 43 4A 20 45 4E 4D    K-Food by CJ ENM
00001380: 0A 68 74 74 70 73 3A 2F 2F 6A 6D 70 32 2E 75 6B    .https://jmp2.uk
00001390: 2F 73 74 76 70 2D 55 53 31 37 30 30 30 31 38 36    /stvp-US17000186
000013a0: 57 0A 23 45 58 54 49 4E 46 3A 2D 31 20 63 68 61    W.#EXTINF:-1 cha
000013b0: 6E 6E 65 6C 2D 69 64 3D 22 55 53 33 39 30 30 30    nnel-id="US39000
000013c0: 30 33 38 57 22 20 74 76 67 2D 69 64 3D 22 55 53    038W" tvg-id="US
000013d0: 33 39 30 30 30 30 33 38 57 22 20 74 76 67 2D 63    39000038W" tvg-c
000013e0: 68 6E 6F 3D 22 34 34 34 35 22 20 74 76 67 2D 6E    hno="4445" tvg-n
000013f0: 61 6D 65 3D 22 4B 2D 50 4F 50 20 62 79 20 43 4A    ame="K-POP by CJ
00001400: 20 45 4E 4D 22 20 74 76 67 2D 6C 6F 67 6F 3D 22     ENM" tvg-logo="
00001410: 68 74 74 70 73 3A 2F 2F 74 76 70 6E 6C 6F 67 6F    https://tvpnlogo
00001420: 70 75 73 2E 73 61 6D 73 75 6E 67 63 6C 6F 75 64    pus.samsungcloud
00001430: 2E 74 76 2F 70 6C 61 74 66 6F 72 6D 2F 69 6D 61    .tv/platform/ima
00001440: 67 65 2F 73 6F 75 72 63 65 6C 6F 67 6F 2F 76 63    ge/sourcelogo/vc
00001450: 2F 30 30 2F 30 32 2F 33 34 2F 55 53 33 39 30 30    /00/02/34/US3900
00001460: 30 30 33 38 57 5F 32 30 32 35 31 32 30 32 54 30    0038W_20251202T0
00001470: 30 35 39 32 37 53 51 55 41 52 45 2E 70 6E 67 22    05927SQUARE.png"
00001480: 20 67 72 6F 75 70 2D 74 69 74 6C 65 3D 22 4D 75     group-title="Mu
00001490: 73 69 63 22 2C 4B 2D 50 4F 50 20 62 79 20 43 4A    sic",K-POP by CJ
000014a0: 20 45 4E 4D 0A 68 74 74 70 73 3A 2F 2F 6A 6D 70     ENM.https://jmp
000014b0: 32 2E 75 6B 2F 73 74 76 70 2D 55 53 33 39 30 30    2.uk/stvp-US3900
000014c0: 30 30 33 38 57 0A 23 45 58 54 49 4E 46 3A 2D 31    0038W.#EXTINF:-1
000014d0: 20 63 68 61 6E 6E 65 6C 2D 69 64 3D 22 55 53 42     channel-id="USB
000014e0: 42 32 39 30 30 30 30 31 50 39 22 20 74 76 67 2D    B2900001P9" tvg-
000014f0: 69 64 3D 22 55 53 42 42 32 39 30 30 30 30 31 50    id="USBB2900001P
00001500: 39 22 20 74 76 67 2D 63 68 6E 6F 3D 22 31 36 31    9" tvg-chno="161
00001510: 30 22 20 74 76 67 2D 6E 61 6D 65 3D 22 4B 2D 53    0" tvg-name="K-S
00001520: 74 6F 72 69 65 73 20 62 79 20 43 4A 20 45 4E 4D    tories by CJ ENM
00001530: 22 20 74 76 67 2D 6C 6F 67 6F 3D 22 68 74 74 70    " tvg-logo="http
00001540: 73 3A 2F 2F 74 76 70 6E 6C 6F 67 6F 70 75 73 2E    s://tvpnlogopus.
00001550: 73 61 6D 73 75 6E 67 63 6C 6F 75 64 2E 74 76 2F    samsungcloud.tv/
00001560: 70 6C 61 74 66 6F 72 6D 2F 69 6D 61 67 65 2F 73    platform/image/s
00001570: 6F 75 72 63 65 6C 6F 67 6F 2F 76 63 2F 30 30 2F    ourcelogo/vc/00/
00001580: 30 32 2F 33 34 2F 55 53 42 42 32 39 30 30 30 30    02/34/USBB290000
00001590: 31 50 39 5F 32 30 32 34 31 30 30 38 54 32 31 32    1P9_20241008T212
000015a0: 36 32 31 53 51 55 41 52 45 2E 70 6E 67 22 20 67    621SQUARE.png" g
000015b0: 72 6F 75 70 2D 74 69 74 6C 65 3D 22 41 63 74 69    roup-title="Acti
000015c0: 6F 6E 20 26 20 44 72 61 6D 61 22 2C 4B 2D 53 74    on & Drama",K-St
000015d0: 6F 72 69 65 73 20 62 79 20 43 4A 20 45 4E 4D 0A    ories by CJ ENM.
000015e0: 68 74 74 70 73 3A 2F 2F 6A 6D 70 32 2E 75 6B 2F    https://jmp2.uk/
000015f0: 73 74 76 70 2D 55 53 42 42 32 39 30 30 30 30 31    stvp-USBB2900001
00001600: 50 39 0A 23 45 58 54 49 4E 46 3A 2D 31 20 63 68    P9.#EXTINF:-1 ch
00001610: 61 6E 6E 65 6C 2D 69 64 3D 22 55 53 32 39 30 30    annel-id="US2900
00001620: 30 31 35 52 4F 22 20 74 76 67 2D 69 64 3D 22 55    015RO" tvg-id="U
00001630: 53 32 39 30 30 30 31 35 52 4F 22 20 74 76 67 2D    S2900015RO" tvg-
00001640: 63 68 6E 6F 3D 22 33 36 37 36 22 20 74 76 67 2D    chno="3676" tvg-
00001650: 6E 61 6D 65 3D 22 4B 61 72 74 6F 6F 6E 20 43 68    name="Kartoon Ch
00001660: 61 6E 6E 65 6C 21 22 20 74 76 67 2D 6C 6F 67 6F    annel!" tvg-logo
00001670: 3D 22 68 74 74 70 73 3A 2F 2F 74 76 70 6E 6C 6F    ="https://tvpnlo
00001680: 67 6F 70 75 73 2E 73 61 6D 73 75 6E 67 63 6C 6F    gopus.samsungclo
00001690: 75 64 2E 74 76 2F 70 6C 61 74 66 6F 72 6D 2F 69    ud.tv/platform/i
000016a0: 6D 61 67 65 2F 73 6F 75 72 63 65 6C 6F 67 6F 2F    mage/sourcelogo/
000016b0: 76 63 2F 30 30 2F 30 32 2F 33 34 2F 55 53 32 39    vc/00/02/34/US29
000016c0: 30 30 30 31 35 52 4F 5F 32 30 32 35 30 32 31 37    00015RO_20250217
000016d0: 54 32 31 30 38 31 32 53 51 55 41 52 45 2E 70 6E    T210812SQUARE.pn
000016e0: 67 22 20 67 72 6F 75 70 2D 74 69 74 6C 65 3D 22    g" group-title="
000016f0: 4B 69 64 73 22 2C 4B 61 72 74 6F 6F 6E 20 43 68    Kids",Kartoon Ch
00001700: 61 6E 6E 65 6C 21 0A 68 74 74 70 73 3A 2F 2F 6A    annel!.https://j
00001710: 6D 70 32 2E 75 6B 2F 73 74 76 70 2D 55 53 32 39    mp2.uk/stvp-US29
00001720: 30 30 30 31 35 52 4F 0A 23 45 58 54 49 4E 46 3A    00015RO.#EXTINF:
00001730: 2D 31 20 63 68 61 6E 6E 65 6C 2D 69 64 3D 22 55    -1 channel-id="U
00001740: 53 41 4B 33 35 30 38 37 31 36 41 22 20 74 76 67    SAK3508716A" tvg
00001750: 2D 69 64 3D 22 55 53 41 4B 33 35 30 38 37 31 36    -id="USAK3508716
00001760: 41 22 20 74 76 67 2D 63 68 6E 6F 3D 22 33 37 30    A" tvg-chno="370
00001770: 38 22 20 74 76 67 2D 6E 61 6D 65 3D 22 4B 69 64    8" tvg-name="Kid
00001780: 6F 6F 64 6C 65 2E 54 56 22 20 74 76 67 2D 6C 6F    oodle.TV" tvg-lo
00001790: 67 6F 3D 22 68 74 74 70 73 3A 2F 2F 74 76 70 6E    go="https://tvpn
000017a0: 6C 6F 67 6F 70 75 73 2E 73 61 6D 73 75 6E 67 63    logopus.samsungc
000017b0: 6C 6F 75 64 2E 74 76 2F 70 6C 61 74 66 6F 72 6D    loud.tv/platform
000017c0: 2F 69 6D 61 67 65 2F 73 6F 75 72 63 65 6C 6F 67    /image/sourcelog
000017d0: 6F 2F 76 63 2F 30 30 2F 30 32 2F 33 34 2F 55 53    o/vc/00/02/34/US
000017e0: 41 4B 33 35 30 38 37 31 36 41 5F 32 30 32 35 30    AK3508716A_20250
000017f0: 38 32 36 54 32 33 34 36 30 31 53 51 55 41 52 45    826T234601SQUARE
00001800: 2E 70 6E 67 22 20 67 72 6F 75 70 2D 74 69 74 6C    .png" group-titl
00001810: 65 3D 22 4B 69 64 73 22 2C 4B 69 64 6F 6F 64 6C    e="Kids",Kidoodl
00001820: 65 2E 54 56 0A 68 74 74 70 73 3A 2F 2F 6A 6D 70    e.TV.https://jmp
00001830: 32 2E 75 6B 2F 73 74 76 70 2D 55 53 41 4B 33 35    2.uk/stvp-USAK35
00001840: 30 38 37 31 36 41 0A 23 45 58 54 49 4E 46 3A 2D    08716A.#EXTINF:-
00001850: 31 20 63 68 61 6E 6E 65 6C 2D 69 64 3D 22 55 53    1 channel-id="US
00001860: 42 41 33 30 30 30 30 34 32 4F 36 22 20 74 76 67    BA3000042O6" tvg
00001870: 2D 69 64 3D 22 55 53 42 41 33 30 30 30 30 34 32    -id="USBA3000042
00001880: 4F 36 22 20 74 76 67 2D 63 68 6E 6F 3D 22 31 39    O6" tvg-chno="19
00001890: 30 35 22 20 74 76 67 2D 6E 61 6D 65 3D 22 4B 69    05" tvg-name="Ki
000018a0: 74 63 68 65 6E 20 4E 69 67 68 74 6D 61 72 65 73    tchen Nightmares
000018b0: 22 20 74 76 67 2D 6C 6F 67 6F 3D 22 68 74 74 70    " tvg-logo="http
000018c0: 73 3A 2F 2F 74 76 70 6E 6C 6F 67 6F 70 75 73 2E    s://tvpnlogopus.
000018d0: 73 61 6D 73 75 6E 67 63 6C 6F 75 64 2E 74 76 2F    samsungcloud.tv/
000018e0: 70 6C 61 74 66 6F 72 6D 2F 69 6D 61 67 65 2F 73    platform/image/s
000018f0: 6F 75 72 63 65 6C 6F 67 6F 2F 76 63 2F 30 30 2F    ourcelogo/vc/00/
00001900: 30 32 2F 33 34 2F 55 53 42 41 33 30 30 30 30 34    02/34/USBA300004
00001910: 32 4F 36 5F 32 30 32 34 31 30 30 32 54 32 33 33    2O6_20241002T233
00001920: 37 32 32 53 51 55 41 52 45 2E 70 6E 67 22 20 67    722SQUARE.png" g
00001930: 72 6F 75 70 2D 74 69 74 6C 65 3D 22 52 65 61 6C    roup-title="Real
00001940: 69 74 79 20 54 56 22 2C 4B 69 74 63 68 65 6E 20    ity TV",Kitchen 
00001950: 4E 69 67 68 74 6D 61 72 65 73 0A 68 74 74 70 73    Nightmares.https
00001960: 3A 2F 2F 6A 6D 70 32 2E 75 6B 2F 73 74 76 70 2D    ://jmp2.uk/stvp-
00001970: 55 53 42 41 33 30 30 30 30 34 32 4F 36 0A 23 45    USBA3000042O6.#E
00001980: 58 54 49 4E 46 3A 2D 31 20 63 68 61 6E 6E 65 6C    XTINF:-1 channel
00001990: 2D 69 64 3D 22 55 53 33 37 30 30 30 30 32 50 30    -id="US3700002P0
000019a0: 22 20 74 76 67 2D 69 64 3D 22 55 53 33 37 30 30    " tvg-id="US3700
000019b0: 30 30 32 50 30 22 20 74 76 67 2D 63 68 6E 6F 3D    002P0" tvg-chno=
000019c0: 22 32 36 34 33 22 20 74 76 67 2D 6E 61 6D 65 3D    "2643" tvg-name=
000019d0: 22 4C 61 66 66 20 4D 6F 72 65 22 20 74 76 67 2D    "Laff More" tvg-
000019e0: 6C 6F 67 6F 3D 22 68 74 74 70 73 3A 2F 2F 74 76    logo="https://tv
000019f0: 70 6E 6C 6F 67 6F 70 75 73 2E 73 61 6D 73 75 6E    pnlogopus.samsun
00001a00: 67 63 6C 6F 75 64 2E 74 76 2F 70 6C 61 74 66 6F    gcloud.tv/platfo
00001a10: 72 6D 2F 69 6D 61 67 65 2F 73 6F 75 72 63 65 6C    rm/image/sourcel
00001a20: 6F 67 6F 2F 76 63 2F 30 30 2F 30 32 2F 33 34 2F    ogo/vc/00/02/34/
00001a30: 55 53 33 37 30 30 30 30 32 50 30 5F 32 30 32 34    US3700002P0_2024
00001a40: 31 31 31 32 54 30 30 30 38 34 38 53 51 55 41 52    1112T000848SQUAR
00001a50: 45 2E 70 6E 67 22 20 67 72 6F 75 70 2D 74 69 74    E.png" group-tit
00001a60: 6C 65 3D 22 43 6F 6D 65 64 79 22 2C 4C 61 66 66    le="Comedy",Laff
00001a70: 20 4D 6F 72 65 0A 68 74 74 70 73 3A 2F 2F 6A 6D     More.https://jm
00001a80: 70 32 2E 75 6B 2F 73 74 76 70 2D 55 53 33 37 30    p2.uk/stvp-US370
00001a90: 30 30 30 32 50 30 0A 23 45 58 54 49 4E 46 3A 2D    0002P0.#EXTINF:-
00001aa0: 31 20 63 68 61 6E 6E 65 6C 2D 69 64 3D 22 55 53    1 channel-id="US
00001ab0: 42 44 31 37 30 30 30 31 37 32 41 22 20 74 76 67    BD17000172A" tvg
00001ac0: 2D 69 64 3D 22 55 53 42 44 31 37 30 30 30 31 37    -id="USBD1700017
00001ad0: 32 41 22 20 74 76 67 2D 63 68 6E 6F 3D 22 33 39    2A" tvg-chno="39
00001ae0: 33 35 22 20 74 76 67 2D 6E 61 6D 65 3D 22 4C 61    35" tvg-name="La
00001af0: 73 20 33 20 4D 61 72 ED 61 73 22 20 74 76 67 2D    s 3 Mar.as" tvg-
00001b00: 6C 6F 67 6F 3D 22 68 74 74 70 73 3A 2F 2F 74 76    logo="https://tv
00001b10: 70 6E 6C 6F 67 6F 70 75 73 2E 73 61 6D 73 75 6E    pnlogopus.samsun
00001b20: 67 63 6C 6F 75 64 2E 74 76 2F 70 6C 61 74 66 6F    gcloud.tv/platfo
00001b30: 72 6D 2F 69 6D 61 67 65 2F 73 6F 75 72 63 65 6C    rm/image/sourcel
00001b40: 6F 67 6F 2F 76 63 2F 30 30 2F 30 32 2F 33 34 2F    ogo/vc/00/02/34/
00001b50: 55 53 42 44 31 37 30 30 30 31 37 32 41 5F 32 30    USBD17000172A_20
00001b60: 32 34 31 32 32 38 54 30 31 31 35 31 36 53 51 55    241228T011516SQU
00001b70: 41 52 45 2E 70 6E 67 22 20 67 72 6F 75 70 2D 74    ARE.png" group-t
00001b80: 69 74 6C 65 3D 22 4C 61 74 69 6E 6F 22 2C 4C 61    itle="Latino",La
00001b90: 73 20 33 20 4D 61 72 ED 61 73 0A 68 74 74 70 73    s 3 Mar.as.https
00001ba0: 3A 2F 2F 6A 6D 70 32 2E 75 6B 2F 73 74 76 70 2D    ://jmp2.uk/stvp-
00001bb0: 55 53 42 44 31 37 30 30 30 31 37 32 41 0A 23 45    USBD17000172A.#E
00001bc0: 58 54 49 4E 46 3A 2D 31 20 63 68 61 6E 6E 65 6C    XTINF:-1 channel
00001bd0: 2D 69 64 3D 22 55 53 31 38 30 30 30 31 31 34 33    -id="US180001143
00001be0: 22 20 74 76 67 2D 69 64 3D 22 55 53 31 38 30 30    " tvg-id="US1800
00001bf0: 30 31 31 34 33 22 20 74 76 67 2D 63 68 6E 6F 3D    01143" tvg-chno=
00001c00: 22 31 35 36 32 22 20 74 76 67 2D 6E 61 6D 65 3D    "1562" tvg-name=
00001c10: 22 4C 61 73 20 56 65 67 61 73 22 20 74 76 67 2D    "Las Vegas" tvg-
00001c20: 6C 6F 67 6F 3D 22 68 74 74 70 73 3A 2F 2F 74 76    logo="https://tv
00001c30: 70 6E 6C 6F 67 6F 70 75 73 2E 73 61 6D 73 75 6E    pnlogopus.samsun
00001c40: 67 63 6C 6F 75 64 2E 74 76 2F 70 6C 61 74 66 6F    gcloud.tv/platfo
00001c50: 72 6D 2F 69 6D 61 67 65 2F 73 6F 75 72 63 65 6C    rm/image/sourcel
00001c60: 6F 67 6F 2F 76 63 2F 30 30 2F 30 32 2F 33 34 2F    ogo/vc/00/02/34/
00001c70: 55 53 31 38 30 30 30 31 31 34 33 5F 32 30 32 35    US180001143_2025
00001c80: 31 32 30 32 54 30 30 35 39 33 31 53 51 55 41 52    1202T005931SQUAR
00001c90: 45 2E 70 6E 67 22 20 67 72 6F 75 70 2D 74 69 74    E.png" group-tit
00001ca0: 6C 65 3D 22 41 63 74 69 6F 6E 20 26 20 44 72 61    le="Action & Dra
00001cb0: 6D 61 22 2C 4C 61 73 20 56 65 67 61 73 0A 68 74    ma",Las Vegas.ht
00001cc0: 74 70 73 3A 2F 2F 6A 6D 70 32 2E 75 6B 2F 73 74    tps://jmp2.uk/st
00001cd0: 76 70 2D 55 53 31 38 30 30 30 31 31 34 33 0A 23    vp-US180001143.#
00001ce0: 45 58 54 49 4E 46 3A 2D 31 20 63 68 61 6E 6E 65    EXTINF:-1 channe
00001cf0: 6C 2D 69 64 3D 22 55 53 31 38 30 30 30 31 30 4E    l-id="US1800010N
00001d00: 45 22 20 74 76 67 2D 69 64 3D 22 55 53 31 38 30    E" tvg-id="US180
00001d10: 30 30 31 30 4E 45 22 20 74 76 67 2D 63 68 6E 6F    0010NE" tvg-chno
00001d20: 3D 22 31 34 33 30 22 20 74 76 67 2D 6E 61 6D 65    ="1430" tvg-name
00001d30: 3D 22 4C 61 73 73 69 65 22 20 74 76 67 2D 6C 6F    ="Lassie" tvg-lo
00001d40: 67 6F 3D 22 68 74 74 70 73 3A 2F 2F 74 76 70 6E    go="https://tvpn
00001d50: 6C 6F 67 6F 70 75 73 2E 73 61 6D 73 75 6E 67 63    logopus.samsungc
00001d60: 6C 6F 75 64 2E 74 76 2F 70 6C 61 74 66 6F 72 6D    loud.tv/platform
00001d70: 2F 69 6D 61 67 65 2F 73 6F 75 72 63 65 6C 6F 67    /image/sourcelog
00001d80: 6F 2F 76 63 2F 30 30 2F 30 32 2F 33 34 2F 55 53    o/vc/00/02/34/US
00001d90: 31 38 30 30 30 31 30 4E 45 5F 32 30 32 35 31 31    1800010NE_202511
00001da0: 32 35 54 30 33 30 39 33 36 53 51 55 41 52 45 2E    25T030936SQUARE.
00001db0: 70 6E 67 22 20 67 72 6F 75 70 2D 74 69 74 6C 65    png" group-title
00001dc0: 3D 22 57 65 73 74 65 72 6E 20 26 20 43 6C 61 73    ="Western & Clas
00001dd0: 73 69 63 20 54 56 22 2C 4C 61 73 73 69 65 0A 68    sic TV",Lassie.h
00001de0: 74 74 70 73 3A 2F 2F 6A 6D 70 32 2E 75 6B 2F 73    ttps://jmp2.uk/s
00001df0: 74 76 70 2D 55 53 31 38 30 30 30 31 30 4E 45 0A    tvp-US1800010NE.
00001e00: 23 45 58 54 49 4E 46 3A 2D 31 20 63 68 61 6E 6E    #EXTINF:-1 chann
00001e10: 65 6C 2D 69 64 3D 22 55 53 41 4B 33 35 30 38 37    el-id="USAK35087
00001e20: 31 30 41 22 20 74 76 67 2D 69 64 3D 22 55 53 41    10A" tvg-id="USA
00001e30: 4B 33 35 30 38 37 31 30 41 22 20 74 76 67 2D 63    K3508710A" tvg-c
00001e40: 68 6E 6F 3D 22 31 38 39 30 22 20 74 76 67 2D 6E    hno="1890" tvg-n
00001e50: 61 6D 65 3D 22 4C 61 77 20 26 20 43 72 69 6D 65    ame="Law & Crime
00001e60: 22 20 74 76 67 2D 6C 6F 67 6F 3D 22 68 74 74 70    " tvg-logo="http
00001e70: 73 3A 2F 2F 74 76 70 6E 6C 6F 67 6F 70 75 73 2E    s://tvpnlogopus.
00001e80: 73 61 6D 73 75 6E 67 63 6C 6F 75 64 2E 74 76 2F    samsungcloud.tv/
00001e90: 70 6C 61 74 66 6F 72 6D 2F 69 6D 61 67 65 2F 73    platform/image/s
00001ea0: 6F 75 72 63 65 6C 6F 67 6F 2F 76 63 2F 30 30 2F    ourcelogo/vc/00/
00001eb0: 30 32 2F 33 34 2F 55 53 41 4B 33 35 30 38 37 31    02/34/USAK350871
00001ec0: 30 41 5F 32 30 32 34 31 31 31 32 54 30 30 30 39    0A_20241112T0009
00001ed0: 32 34 53 51 55 41 52 45 2E 70 6E 67 22 20 67 72    24SQUARE.png" gr
00001ee0: 6F 75 70 2D 74 69 74 6C 65 3D 22 43 72 69 6D 65    oup-title="Crime
00001ef0: 22 2C 4C 61 77 20 26 20 43 72 69 6D 65 0A 68 74    ",Law & Crime.ht
00001f00: 74 70 73 3A 2F 2F 6A 6D 70 32 2E 75 6B 2F 73 74    tps://jmp2.uk/st
00001f10: 76 70 2D 55 53 41 4B 33 35 30 38 37 31 30 41 0A    vp-USAK3508710A.
00001f20: 23 45 58 54 49 4E 46 3A 2D 31 20 63 68 61 6E 6E    #EXTINF:-1 chann
00001f30: 65 6C 2D 69 64 3D 22 55 53 33 30 30 30 30 31 35    el-id="US3000015
00001f40: 4F 34 22 20 74 76 67 2D 69 64 3D 22 55 53 33 30    O4" tvg-id="US30
00001f50: 30 30 30 31 35 4F 34 22 20 74 76 67 2D 63 68 6E    00015O4" tvg-chn
00001f60: 6F 3D 22 31 35 33 30 22 20 74 76 67 2D 6E 61 6D    o="1530" tvg-nam
00001f70: 65 3D 22 4C 61 77 20 26 20 4F 72 64 65 72 22 20    e="Law & Order" 
00001f80: 74 76 67 2D 6C 6F 67 6F 3D 22 68 74 74 70 73 3A    tvg-logo="https:
00001f90: 2F 2F 74 76 70 6E 6C 6F 67 6F 70 75 73 2E 73 61    //tvpnlogopus.sa
00001fa0: 6D 73 75 6E 67 63 6C 6F 75 64 2E 74 76 2F 70 6C    msungcloud.tv/pl
00001fb0: 61 74 66 6F 72 6D 2F 69 6D 61 67 65 2F 73 6F 75    atform/image/sou
00001fc0: 72 63 65 6C 6F 67 6F 2F 76 63 2F 30 30 2F 30 32    rcelogo/vc/00/02
00001fd0: 2F 33 34 2F 55 53 33 30 30 30 30 31 35 4F 34 5F    /34/US3000015O4_
00001fe0: 32 30 32 35 30 39 31 35 54 32 33 33 39 31 38 53    20250915T233918S
00001ff0: 51 55 41 52 45 2E 70 6E 67 22 20 67 72 6F 75 70    QUARE.png" group
00002000: 2D 74 69 74 6C 65 3D 22 41 63 74 69 6F 6E 20 26    -title="Action &
00002010: 20 44 72 61 6D 61 22 2C 4C 61 77 20 26 20 4F 72     Drama",Law & Or
00002020: 64 65 72 0A 68 74 74 70 73 3A 2F 2F 6A 6D 70 32    der.https://jmp2
00002030: 2E 75 6B 2F 73 74 76 70 2D 55 53 33 30 30 30 30    .uk/stvp-US30000
00002040: 31 35 4F 34 0A 23 45 58 54 49 4E 46 3A 2D 31 20    15O4.#EXTINF:-1 
00002050: 63 68 61 6E 6E 65 6C 2D 69 64 3D 22 55 53 37 30    channel-id="US70
00002060: 30 30 32 32 39 42 22 20 74 76 67 2D 69 64 3D 22    00229B" tvg-id="
00002070: 55 53 37 30 30 30 32 32 39 42 22 20 74 76 67 2D    US7000229B" tvg-
00002080: 63 68 6E 6F 3D 22 32 38 30 33 22 20 74 76 67 2D    chno="2803" tvg-
00002090: 6E 61 6D 65 3D 22 4C 65 74 27 73 20 4D 61 6B 65    name="Let's Make
000020a0: 20 41 20 44 65 61 6C 20 43 6C 61 73 73 69 63 22     A Deal Classic"
000020b0: 20 74 76 67 2D 6C 6F 67 6F 3D 22 68 74 74 70 73     tvg-logo="https
000020c0: 3A 2F 2F 74 76 70 6E 6C 6F 67 6F 70 75 73 2E 73    ://tvpnlogopus.s
000020d0: 61 6D 73 75 6E 67 63 6C 6F 75 64 2E 74 76 2F 70    amsungcloud.tv/p
000020e0: 6C 61 74 66 6F 72 6D 2F 69 6D 61 67 65 2F 73 6F    latform/image/so
000020f0: 75 72 63 65 6C 6F 67 6F 2F 76 63 2F 30 30 2F 30    urcelogo/vc/00/0
00002100: 32 2F 33 34 2F 55 53 37 30 30 30 32 32 39 42 5F    2/34/US7000229B_
00002110: 32 30 32 35 30 38 32 36 54 32 33 34 35 34 30 53    20250826T234540S
00002120: 51 55 41 52 45 2E 70 6E 67 22 20 67 72 6F 75 70    QUARE.png" group
00002130: 2D 74 69 74 6C 65 3D 22 47 61 6D 65 20 53 68 6F    -title="Game Sho
00002140: 77 73 22 2C 4C 65 74 27 73 20 4D 61 6B 65 20 41    ws",Let's Make A
00002150: 20 44 65 61 6C 20 43 6C 61 73 73 69 63 0A 68 74     Deal Classic.ht
00002160: 74 70 73 3A 2F 2F 6A 6D 70 32 2E 75 6B 2F 73 74    tps://jmp2.uk/st
00002170: 76 70 2D 55 53 37 30 30 30 32 32 39 42 0A 23 45    vp-US7000229B.#E
00002180: 58 54 49 4E 46 3A 2D 31 20 63 68 61 6E 6E 65 6C    XTINF:-1 channel
00002190: 2D 69 64 3D 22 55 53 34 30 30 30 30 30 34 4E 31    -id="US4000004N1
000021a0: 22 20 74 76 67 2D 69 64 3D 22 55 53 34 30 30 30    " tvg-id="US4000
000021b0: 30 30 34 4E 31 22 20 74 76 67 2D 63 68 6E 6F 3D    004N1" tvg-chno=
000021c0: 22 32 36 31 35 22 20 74 76 67 2D 6E 61 6D 65 3D    "2615" tvg-name=
000021d0: 22 4C 65 74 74 65 72 6D 61 6E 20 54 56 22 20 74    "Letterman TV" t
000021e0: 76 67 2D 6C 6F 67 6F 3D 22 68 74 74 70 73 3A 2F    vg-logo="https:/
000021f0: 2F 74 76 70 6E 6C 6F 67 6F 70 75 73 2E 73 61 6D    /tvpnlogopus.sam
00002200: 73 75 6E 67 63 6C 6F 75 64 2E 74 76 2F 70 6C 61    sungcloud.tv/pla
00002210: 74 66 6F 72 6D 2F 69 6D 61 67 65 2F 73 6F 75 72    tform/image/sour
00002220: 63 65 6C 6F 67 6F 2F 76 63 2F 30 30 2F 30 32 2F    celogo/vc/00/02/
00002230: 33 34 2F 55 53 34 30 30 30 30 30 34 4E 31 5F 32    34/US4000004N1_2
00002240: 30 32 35 30 39 31 35 54 32 33 33 39 32 31 53 51    0250915T233921SQ
00002250: 55 41 52 45 2E 70 6E 67 22 20 67 72 6F 75 70 2D    UARE.png" group-
00002260: 74 69 74 6C 65 3D 22 43 6F 6D 65 64 79 22 2C 4C    title="Comedy",L
00002270: 65 74 74 65 72 6D 61 6E 20 54 56 0A 68 74 74 70    etterman TV.http
00002280: 73 3A 2F 2F 6A 6D 70 32 2E 75 6B 2F 73 74 76 70    s://jmp2.uk/stvp
00002290: 2D 55 53 34 30 30 30 30 30 34 4E 31 0A 23 45 58    -US4000004N1.#EX
000022a0: 54 49 4E 46 3A 2D 31 20 63 68 61 6E 6E 65 6C 2D    TINF:-1 channel-
000022b0: 69 64 3D 22 55 53 31 36 30 30 30 30 32 4F 4B 22    id="US1600002OK"
000022c0: 20 74 76 67 2D 69 64 3D 22 55 53 31 36 30 30 30     tvg-id="US16000
000022d0: 30 32 4F 4B 22 20 74 76 67 2D 63 68 6E 6F 3D 22    02OK" tvg-chno="
000022e0: 31 32 32 36 22 20 74 76 67 2D 6E 61 6D 65 3D 22    1226" tvg-name="
000022f0: 4C 69 66 65 74 69 6D 65 20 4D 6F 76 69 65 73 20    Lifetime Movies 
00002300: 4C 6F 76 65 20 26 20 44 72 61 6D 61 22 20 74 76    Love & Drama" tv
00002310: 67 2D 6C 6F 67 6F 3D 22 68 74 74 70 73 3A 2F 2F    g-logo="https://
00002320: 74 76 70 6E 6C 6F 67 6F 70 75 73 2E 73 61 6D 73    tvpnlogopus.sams
00002330: 75 6E 67 63 6C 6F 75 64 2E 74 76 2F 70 6C 61 74    ungcloud.tv/plat
00002340: 66 6F 72 6D 2F 69 6D 61 67 65 2F 73 6F 75 72 63    form/image/sourc
00002350: 65 6C 6F 67 6F 2F 76 63 2F 30 30 2F 30 32 2F 33    elogo/vc/00/02/3
00002360: 34 2F 55 53 31 36 30 30 30 30 32 4F 4B 5F 32 30    4/US1600002OK_20
00002370: 32 35 30 38 31 32 54 30 30 33 35 30 36 53 51 55    250812T003506SQU
00002380: 41 52 45 2E 70 6E 67 22 20 67 72 6F 75 70 2D 74    ARE.png" group-t
00002390: 69 74 6C 65 3D 22 4D 6F 76 69 65 73 22 2C 4C 69    itle="Movies",Li
000023a0: 66 65 74 69 6D 65 20 4D 6F 76 69 65 73 20 4C 6F    fetime Movies Lo
000023b0: 76 65 20 26 20 44 72 61 6D 61 0A 68 74 74 70 73    ve & Drama.https
000023c0: 3A 2F 2F 6A 6D 70 32 2E 75 6B 2F 73 74 76 70 2D    ://jmp2.uk/stvp-
000023d0: 55 53 31 36 30 30 30 30 32 4F 4B 0A 23 45 58 54    US1600002OK.#EXT
000023e0: 49 4E 46 3A 2D 31 20 63 68 61 6E 6E 65 6C 2D 69    INF:-1 channel-i
000023f0: 64 3D 22 55 53 31 38 30 30 30 30 37 38 41 22 20    d="US18000078A" 
00002400: 74 76 67 2D 69 64 3D 22 55 53 31 38 30 30 30 30    tvg-id="US180000
00002410: 37 38 41 22 20 74 76 67 2D 63 68 6E 6F 3D 22 31    78A" tvg-chno="1
00002420: 34 33 35 22 20 74 76 67 2D 6E 61 6D 65 3D 22 4C    435" tvg-name="L
00002430: 69 74 74 6C 65 20 48 6F 75 73 65 20 6F 6E 20 74    ittle House on t
00002440: 68 65 20 50 72 61 69 72 69 65 22 20 74 76 67 2D    he Prairie" tvg-
00002450: 6C 6F 67 6F 3D 22 68 74 74 70 73 3A 2F 2F 74 76    logo="https://tv
00002460: 70 6E 6C 6F 67 6F 70 75 73 2E 73 61 6D 73 75 6E    pnlogopus.samsun
00002470: 67 63 6C 6F 75 64 2E 74 76 2F 70 6C 61 74 66 6F    gcloud.tv/platfo
00002480: 72 6D 2F 69 6D 61 67 65 2F 73 6F 75 72 63 65 6C    rm/image/sourcel
00002490: 6F 67 6F 2F 76 63 2F 30 30 2F 30 32 2F 33 34 2F    ogo/vc/00/02/34/
000024a0: 55 53 31 38 30 30 30 30 37 38 41 5F 32 30 32 35    US18000078A_2025
000024b0: 31 31 31 31 54 32 30 30 38 33 33 53 51 55 41 52    1111T200833SQUAR
000024c0: 45 2E 70 6E 67 22 20 67 72 6F 75 70 2D 74 69 74    E.png" group-tit
000024d0: 6C 65 3D 22 57 65 73 74 65 72 6E 20 26 20 43 6C    le="Western & Cl
000024e0: 61 73 73 69 63 20 54 56 22 2C 4C 69 74 74 6C 65    assic TV",Little
000024f0: 20 48 6F 75 73 65 20 6F 6E 20 74 68 65 20 50 72     House on the Pr
00002500: 61 69 72 69 65 0A 68 74 74 70 73 3A 2F 2F 6A 6D    airie.https://jm
00002510: 70 32 2E 75 6B 2F 73 74 76 70 2D 55 53 31 38 30    p2.uk/stvp-US180
00002520: 30 30 30 37 38 41 0A 23 45 58 54 49 4E 46 3A 2D    00078A.#EXTINF:-
00002530: 31 20 63 68 61 6E 6E 65 6C 2D 69 64 3D 22 55 53    1 channel-id="US
00002540: 42 44 31 37 30 30 30 30 37 37 31 22 20 74 76 67    BD170000771" tvg
00002550: 2D 69 64 3D 22 55 53 42 44 31 37 30 30 30 30 37    -id="USBD1700007
00002560: 37 31 22 20 74 76 67 2D 63 68 6E 6F 3D 22 31 39    71" tvg-chno="19
00002570: 31 30 22 20 74 76 67 2D 6E 61 6D 65 3D 22 4C 69    10" tvg-name="Li
00002580: 74 74 6C 65 20 57 6F 6D 65 6E 3A 20 4C 41 22 20    ttle Women: LA" 
00002590: 74 76 67 2D 6C 6F 67 6F 3D 22 68 74 74 70 73 3A    tvg-logo="https:
000025a0: 2F 2F 74 76 70 6E 6C 6F 67 6F 70 75 73 2E 73 61    //tvpnlogopus.sa
000025b0: 6D 73 75 6E 67 63 6C 6F 75 64 2E 74 76 2F 70 6C    msungcloud.tv/pl
000025c0: 61 74 66 6F 72 6D 2F 69 6D 61 67 65 2F 73 6F 75    atform/image/sou
000025d0: 72 63 65 6C 6F 67 6F 2F 76 63 2F 30 30 2F 30 32    rcelogo/vc/00/02
000025e0: 2F 33 34 2F 55 53 42 44 31 37 30 30 30 30 37 37    /34/USBD17000077
000025f0: 31 5F 32 30 32 35 30 38 30 35 54 30 30 35 38 32    1_20250805T00582
00002600: 31 53 51 55 41 52 45 2E 70 6E 67 22 20 67 72 6F    1SQUARE.png" gro
00002610: 75 70 2D 74 69 74 6C 65 3D 22 52 65 61 6C 69 74    up-title="Realit
00002620: 79 20 54 56 22 2C 4C 69 74 74 6C 65 20 57 6F 6D    y TV",Little Wom
00002630: 65 6E 3A 20 4C 41 0A 68 74 74 70 73 3A 2F 2F 6A    en: LA.https://j
00002640: 6D 70 32 2E 75 6B 2F 73 74 76 70 2D 55 53 42 44    mp2.uk/stvp-USBD
00002650: 31 37 30 30 30 30 37 37 31 0A 23 45 58 54 49 4E    170000771.#EXTIN
00002660: 46 3A 2D 31 20 63 68 61 6E 6E 65 6C 2D 69 64 3D    F:-1 channel-id=
00002670: 22 55 53 31 36 30 30 30 30 31 35 39 22 20 74 76    "US160000159" tv
00002680: 67 2D 69 64 3D 22 55 53 31 36 30 30 30 30 31 35    g-id="US16000015
00002690: 39 22 20 74 76 67 2D 63 68 6E 6F 3D 22 31 38 34    9" tvg-chno="184
000026a0: 36 22 20 74 76 67 2D 6E 61 6D 65 3D 22 4C 69 76    6" tvg-name="Liv
000026b0: 65 20 50 44 20 50 72 65 73 65 6E 74 73 22 20 74    e PD Presents" t
000026c0: 76 67 2D 6C 6F 67 6F 3D 22 68 74 74 70 73 3A 2F    vg-logo="https:/
000026d0: 2F 74 76 70 6E 6C 6F 67 6F 70 75 73 2E 73 61 6D    /tvpnlogopus.sam
000026e0: 73 75 6E 67 63 6C 6F 75 64 2E 74 76 2F 70 6C 61    sungcloud.tv/pla
000026f0: 74 66 6F 72 6D 2F 69 6D 61 67 65 2F 73 6F 75 72    tform/image/sour
00002700: 63 65 6C 6F 67 6F 2F 76 63 2F 30 30 2F 30 32 2F    celogo/vc/00/02/
00002710: 33 34 2F 55 53 31 36 30 30 30 30 31 35 39 5F 32    34/US160000159_2
00002720: 30 32 35 30 38 30 35 54 30 30 35 38 32 33 53 51    0250805T005823SQ
00002730: 55 41 52 45 2E 70 6E 67 22 20 67 72 6F 75 70 2D    UARE.png" group-
00002740: 74 69 74 6C 65 3D 22 43 72 69 6D 65 22 2C 4C 69    title="Crime",Li
00002750: 76 65 20 50 44 20 50 72 65 73 65 6E 74 73 0A 68    ve PD Presents.h
00002760: 74 74 70 73 3A 2F 2F 6A 6D 70 32 2E 75 6B 2F 73    ttps://jmp2.uk/s
00002770: 74 76 70 2D 55 53 31 36 30 30 30 30 31 35 39 0A    tvp-US160000159.
00002780: 23 45 58 54 49 4E 46 3A 2D 31 20 63 68 61 6E 6E    #EXTINF:-1 chann
00002790: 65 6C 2D 69 64 3D 22 55 53 42 41 33 30 30 30 32    el-id="USBA30002
000027a0: 34 54 4E 22 20 74 76 67 2D 69 64 3D 22 55 53 42    4TN" tvg-id="USB
000027b0: 41 33 30 30 30 32 34 54 4E 22 20 74 76 67 2D 63    A300024TN" tvg-c
000027c0: 68 6E 6F 3D 22 31 31 31 36 22 20 74 76 67 2D 6E    hno="1116" tvg-n
000027d0: 61 6D 65 3D 22 4C 69 76 65 4E 4F 57 20 66 72 6F    ame="LiveNOW fro
000027e0: 6D 20 46 4F 58 22 20 74 76 67 2D 6C 6F 67 6F 3D    m FOX" tvg-logo=
000027f0: 22 68 74 74 70 73 3A 2F 2F 74 76 70 6E 6C 6F 67    "https://tvpnlog
00002800: 6F 70 75 73 2E 73 61 6D 73 75 6E 67 63 6C 6F 75    opus.samsungclou
00002810: 64 2E 74 76 2F 70 6C 61 74 66 6F 72 6D 2F 69 6D    d.tv/platform/im
00002820: 61 67 65 2F 73 6F 75 72 63 65 6C 6F 67 6F 2F 76    age/sourcelogo/v
00002830: 63 2F 30 30 2F 30 32 2F 33 34 2F 55 53 42 41 33    c/00/02/34/USBA3
00002840: 30 30 30 32 34 54 4E 5F 32 30 32 34 31 30 33 31    00024TN_20241031
00002850: 54 31 35 30 31 32 31 53 51 55 41 52 45 2E 70 6E    T150121SQUARE.pn
00002860: 67 22 20 67 72 6F 75 70 2D 74 69 74 6C 65 3D 22    g" group-title="
00002870: 4E 65 77 73 20 26 20 4F 70 69 6E 69 6F 6E 22 2C    News & Opinion",
00002880: 4C 69 76 65 4E 4F 57 20 66 72 6F 6D 20 46 4F 58    LiveNOW from FOX
00002890: 0A 68 74 74 70 73 3A 2F 2F 6A 6D 70 32 2E 75 6B    .https://jmp2.uk
000028a0: 2F 73 74 76 70 2D 55 53 42 41 33 30 30 30 32 34    /stvp-USBA300024
000028b0: 54 4E 0A 23 45 58 54 49 4E 46 3A 2D 31 20 63 68    TN.#EXTINF:-1 ch
000028c0: 61 6E 6E 65 6C 2D 69 64 3D 22 55 53 42 43 34 34    annel-id="USBC44
000028d0: 30 30 30 30 35 48 59 22 20 74 76 67 2D 69 64 3D    00005HY" tvg-id=
000028e0: 22 55 53 42 43 34 34 30 30 30 30 35 48 59 22 20    "USBC4400005HY" 
000028f0: 74 76 67 2D 63 68 6E 6F 3D 22 32 31 34 30 22 20    tvg-chno="2140" 
00002900: 74 76 67 2D 6E 61 6D 65 3D 22 4C 6F 63 61 6C 69    tvg-name="Locali
00002910: 73 68 22 20 74 76 67 2D 6C 6F 67 6F 3D 22 68 74    sh" tvg-logo="ht
00002920: 74 70 73 3A 2F 2F 74 76 70 6E 6C 6F 67 6F 70 75    tps://tvpnlogopu
00002930: 73 2E 73 61 6D 73 75 6E 67 63 6C 6F 75 64 2E 74    s.samsungcloud.t
00002940: 76 2F 70 6C 61 74 66 6F 72 6D 2F 69 6D 61 67 65    v/platform/image
00002950: 2F 73 6F 75 72 63 65 6C 6F 67 6F 2F 76 63 2F 30    /sourcelogo/vc/0
00002960: 30 2F 30 32 2F 33 34 2F 55 53 42 43 34 34 30 30    0/02/34/USBC4400
00002970: 30 30 35 48 59 5F 32 30 32 34 30 35 32 30 54 32    005HY_20240520T2
00002980: 32 31 35 32 36 53 51 55 41 52 45 2E 70 6E 67 22    21526SQUARE.png"
00002990: 20 67 72 6F 75 70 2D 74 69 74 6C 65 3D 22 48 6F     group-title="Ho
000029a0: 6D 65 20 26 20 46 6F 6F 64 22 2C 4C 6F 63 61 6C    me & Food",Local
000029b0: 69 73 68 0A 68 74 74 70 73 3A 2F 2F 6A 6D 70 32    ish.https://jmp2
000029c0: 2E 75 6B 2F 73 74 76 70 2D 55 53 42 43 34 34 30    .uk/stvp-USBC440
000029d0: 30 30 30 35 48 59 0A 23 45 58 54 49 4E 46 3A 2D    0005HY.#EXTINF:-
000029e0: 31 20 63 68 61 6E 6E 65 6C 2D 69 64 3D 22 55 53    1 channel-id="US
000029f0: 42 43 31 33 30 30 30 30 39 56 4D 22 20 74 76 67    BC1300009VM" tvg
00002a00: 2D 69 64 3D 22 55 53 42 43 31 33 30 30 30 30 39    -id="USBC1300009
00002a10: 56 4D 22 20 74 76 67 2D 63 68 6E 6F 3D 22 32 36    VM" tvg-chno="26
00002a20: 33 30 22 20 74 76 67 2D 6E 61 6D 65 3D 22 4C 4F    30" tvg-name="LO
00002a30: 4C 21 20 4E 65 74 77 6F 72 6B 22 20 74 76 67 2D    L! Network" tvg-
00002a40: 6C 6F 67 6F 3D 22 68 74 74 70 73 3A 2F 2F 74 76    logo="https://tv
00002a50: 70 6E 6C 6F 67 6F 70 75 73 2E 73 61 6D 73 75 6E    pnlogopus.samsun
00002a60: 67 63 6C 6F 75 64 2E 74 76 2F 70 6C 61 74 66 6F    gcloud.tv/platfo
00002a70: 72 6D 2F 69 6D 61 67 65 2F 73 6F 75 72 63 65 6C    rm/image/sourcel
00002a80: 6F 67 6F 2F 76 63 2F 30 30 2F 30 32 2F 33 34 2F    ogo/vc/00/02/34/
00002a90: 55 53 42 43 31 33 30 30 30 30 39 56 4D 5F 32 30    USBC1300009VM_20
00002aa0: 32 34 30 37 31 36 54 30 30 32 36 35 30 53 51 55    240716T002650SQU
00002ab0: 41 52 45 2E 70 6E 67 22 20 67 72 6F 75 70 2D 74    ARE.png" group-t
00002ac0: 69 74 6C 65 3D 22 43 6F 6D 65 64 79 22 2C 4C 4F    itle="Comedy",LO
00002ad0: 4C 21 20 4E 65 74 77 6F 72 6B 0A 68 74 74 70 73    L! Network.https
00002ae0: 3A 2F 2F 6A 6D 70 32 2E 75 6B 2F 73 74 76 70 2D    ://jmp2.uk/stvp-
00002af0: 55 53 42 43 31 33 30 30 30 30 39 56 4D 0A 23 45    USBC1300009VM.#E
00002b00: 58 54 49 4E 46 3A 2D 31 20 63 68 61 6E 6E 65 6C    XTINF:-1 channel
00002b10: 2D 69 64 3D 22 55 53 42 42 31 30 30 30 30 30 32    -id="USBB1000002
00002b20: 54 4B 22 20 74 76 67 2D 69 64 3D 22 55 53 42 42    TK" tvg-id="USBB
00002b30: 31 30 30 30 30 30 32 54 4B 22 20 74 76 67 2D 63    1000002TK" tvg-c
00002b40: 68 6E 6F 3D 22 34 35 37 35 22 20 74 76 67 2D 6E    hno="4575" tvg-n
00002b50: 61 6D 65 3D 22 4C 6F 75 70 65 20 34 4B 22 20 74    ame="Loupe 4K" t
00002b60: 76 67 2D 6C 6F 67 6F 3D 22 68 74 74 70 73 3A 2F    vg-logo="https:/
00002b70: 2F 74 76 70 6E 6C 6F 67 6F 70 75 73 2E 73 61 6D    /tvpnlogopus.sam
00002b80: 73 75 6E 67 63 6C 6F 75 64 2E 74 76 2F 70 6C 61    sungcloud.tv/pla
00002b90: 74 66 6F 72 6D 2F 69 6D 61 67 65 2F 73 6F 75 72    tform/image/sour
00002ba0: 63 65 6C 6F 67 6F 2F 76 63 2F 30 30 2F 30 32 2F    celogo/vc/00/02/
00002bb0: 33 34 2F 55 53 42 42 31 30 30 30 30 30 32 54 4B    34/USBB1000002TK
00002bc0: 5F 32 30 32 34 31 31 31 32 54 30 30 30 36 35 33    _20241112T000653
00002bd0: 53 51 55 41 52 45 2E 70 6E 67 22 20 67 72 6F 75    SQUARE.png" grou
00002be0: 70 2D 74 69 74 6C 65 3D 22 41 6D 62 69 61 6E 63    p-title="Ambianc
00002bf0: 65 22 2C 4C 6F 75 70 65 20 34 4B 0A 68 74 74 70    e",Loupe 4K.http
00002c00: 73 3A 2F 2F 6A 6D 70 32 2E 75 6B 2F 73 74 76 70    s://jmp2.uk/stvp
00002c10: 2D 55 53 42 42 31 30 30 30 30 30 32 54 4B 0A 23    -USBB1000002TK.#
00002c20: 45 58 54 49 4E 46 3A 2D 31 20 63 68 61 6E 6E 65    EXTINF:-1 channe
00002c30: 6C 2D 69 64 3D 22 55 53 42 41 33 30 30 30 32 30    l-id="USBA300020
00002c40: 57 43 22 20 74 76 67 2D 69 64 3D 22 55 53 42 41    WC" tvg-id="USBA
00002c50: 33 30 30 30 32 30 57 43 22 20 74 76 67 2D 63 68    300020WC" tvg-ch
00002c60: 6E 6F 3D 22 31 39 35 34 22 20 74 76 67 2D 6E 61    no="1954" tvg-na
00002c70: 6D 65 3D 22 4C 6F 76 65 20 26 20 48 69 70 20 48    me="Love & Hip H
00002c80: 6F 70 22 20 74 76 67 2D 6C 6F 67 6F 3D 22 68 74    op" tvg-logo="ht
00002c90: 74 70 73 3A 2F 2F 74 76 70 6E 6C 6F 67 6F 70 75    tps://tvpnlogopu
00002ca0: 73 2E 73 61 6D 73 75 6E 67 63 6C 6F 75 64 2E 74    s.samsungcloud.t
00002cb0: 76 2F 70 6C 61 74 66 6F 72 6D 2F 69 6D 61 67 65    v/platform/image
00002cc0: 2F 73 6F 75 72 63 65 6C 6F 67 6F 2F 76 63 2F 30    /sourcelogo/vc/0
00002cd0: 30 2F 30 32 2F 33 34 2F 55 53 42 41 33 30 30 30    0/02/34/USBA3000
00002ce0: 32 30 57 43 5F 32 30 32 35 30 34 30 38 54 30 32    20WC_20250408T02
00002cf0: 30 37 33 34 53 51 55 41 52 45 2E 70 6E 67 22 20    0734SQUARE.png" 
00002d00: 67 72 6F 75 70 2D 74 69 74 6C 65 3D 22 52 65 61    group-title="Rea
00002d10: 6C 69 74 79 20 54 56 22 2C 4C 6F 76 65 20 26 20    lity TV",Love & 
00002d20: 48 69 70 20 48 6F 70 0A 68 74 74 70 73 3A 2F 2F    Hip Hop.https://
00002d30: 6A 6D 70 32 2E 75 6B 2F 73 74 76 70 2D 55 53 42    jmp2.uk/stvp-USB
00002d40: 41 33 30 30 30 32 30 57 43 0A 23 45 58 54 49 4E    A300020WC.#EXTIN
00002d50: 46 3A 2D 31 20 63 68 61 6E 6E 65 6C 2D 69 64 3D    F:-1 channel-id=
00002d60: 22 55 53 42 41 33 34 30 30 30 30 33 49 50 22 20    "USBA3400003IP" 
00002d70: 74 76 67 2D 69 64 3D 22 55 53 42 41 33 34 30 30    tvg-id="USBA3400
00002d80: 30 30 33 49 50 22 20 74 76 67 2D 63 68 6E 6F 3D    003IP" tvg-chno=
00002d90: 22 33 35 33 32 22 20 74 76 67 2D 6E 61 6D 65 3D    "3532" tvg-name=
00002da0: 22 4C 6F 76 65 20 4E 61 74 75 72 65 20 34 4B 22    "Love Nature 4K"
00002db0: 20 74 76 67 2D 6C 6F 67 6F 3D 22 68 74 74 70 73     tvg-logo="https
00002dc0: 3A 2F 2F 74 76 70 6E 6C 6F 67 6F 70 75 73 2E 73    ://tvpnlogopus.s
00002dd0: 61 6D 73 75 6E 67 63 6C 6F 75 64 2E 74 76 2F 70    amsungcloud.tv/p
00002de0: 6C 61 74 66 6F 72 6D 2F 69 6D 61 67 65 2F 73 6F    latform/image/so
00002df0: 75 72 63 65 6C 6F 67 6F 2F 76 63 2F 30 30 2F 30    urcelogo/vc/00/0
00002e00: 32 2F 33 34 2F 55 53 42 41 33 34 30 30 30 30 33    2/34/USBA3400003
00002e10: 49 50 5F 32 30 32 35 31 31 32 35 54 30 33 30 37    IP_20251125T0307
00002e20: 35 31 53 51 55 41 52 45 2E 70 6E 67 22 20 67 72    51SQUARE.png" gr
00002e30: 6F 75 70 2D 74 69 74 6C 65 3D 22 4E 61 74 75 72    oup-title="Natur
00002e40: 65 2C 20 48 69 73 74 6F 72 79 20 26 20 53 63 69    e, History & Sci
00002e50: 65 6E 63 65 22 2C 4C 6F 76 65 20 4E 61 74 75 72    ence",Love Natur
00002e60: 65 20 34 4B 0A 68 74 74 70 73 3A 2F 2F 6A 6D 70    e 4K.https://jmp
00002e70: 32 2E 75 6B 2F 73 74 76 70 2D 55 53 42 41 33 34    2.uk/stvp-USBA34
00002e80: 30 30 30 30 33 49 50 0A 23 45 58 54 49 4E 46 3A    00003IP.#EXTINF:
00002e90: 2D 31 20 63 68 61 6E 6E 65 6C 2D 69 64 3D 22 55    -1 channel-id="U
00002ea0: 53 33 30 30 30 36 35 44 42 22 20 74 76 67 2D 69    S300065DB" tvg-i
00002eb0: 64 3D 22 55 53 33 30 30 30 36 35 44 42 22 20 74    d="US300065DB" t
00002ec0: 76 67 2D 63 68 6E 6F 3D 22 33 35 30 39 22 20 74    vg-chno="3509" t
00002ed0: 76 67 2D 6E 61 6D 65 3D 22 4C 6F 76 65 20 50 65    vg-name="Love Pe
00002ee0: 74 73 22 20 74 76 67 2D 6C 6F 67 6F 3D 22 68 74    ts" tvg-logo="ht
00002ef0: 74 70 73 3A 2F 2F 74 76 70 6E 6C 6F 67 6F 70 75    tps://tvpnlogopu
00002f00: 73 2E 73 61 6D 73 75 6E 67 63 6C 6F 75 64 2E 74    s.samsungcloud.t
00002f10: 76 2F 70 6C 61 74 66 6F 72 6D 2F 69 6D 61 67 65    v/platform/image
00002f20: 2F 73 6F 75 72 63 65 6C 6F 67 6F 2F 76 63 2F 30    /sourcelogo/vc/0
00002f30: 30 2F 30 32 2F 33 34 2F 55 53 33 30 30 30 36 35    0/02/34/US300065
00002f40: 44 42 5F 32 30 32 35 30 33 30 34 54 30 34 31 35    DB_20250304T0415
00002f50: 31 34 53 51 55 41 52 45 2E 70 6E 67 22 20 67 72    14SQUARE.png" gr
00002f60: 6F 75 70 2D 74 69 74 6C 65 3D 22 4E 61 74 75 72    oup-title="Natur
00002f70: 65 2C 20 48 69 73 74 6F 72 79 20 26 20 53 63 69    e, History & Sci
00002f80: 65 6E 63 65 22 2C 4C 6F 76 65 20 50 65 74 73 0A    ence",Love Pets.
00002f90: 68 74 74 70 73 3A 2F 2F 6A 6D 70 32 2E 75 6B 2F    https://jmp2.uk/
00002fa0: 73 74 76 70 2D 55 53 33 30 30 30 36 35 44 42 0A    stvp-US300065DB.
00002fb0: 23 45 58 54 49 4E 46 3A 2D 31 20 63 68 61 6E 6E    #EXTINF:-1 chann
00002fc0: 65 6C 2D 69 64 3D 22 55 53 42 41 33 30 30 30 30    el-id="USBA30000
00002fd0: 34 34 42 4A 22 20 74 76 67 2D 69 64 3D 22 55 53    44BJ" tvg-id="US
00002fe0: 42 41 33 30 30 30 30 34 34 42 4A 22 20 74 76 67    BA3000044BJ" tvg
00002ff0: 2D 63 68 6E 6F 3D 22 33 35 31 32 22 20 74 76 67    -chno="3512" tvg
00003000: 2D 6E 61 6D 65 3D 22 4C 75 63 6B 79 20 44 6F 67    -name="Lucky Dog
00003010: 22 20 74 76 67 2D 6C 6F 67 6F 3D 22 68 74 74 70    " tvg-logo="http
00003020: 73 3A 2F 2F 74 76 70 6E 6C 6F 67 6F 70 75 73 2E    s://tvpnlogopus.
00003030: 73 61 6D 73 75 6E 67 63 6C 6F 75 64 2E 74 76 2F    samsungcloud.tv/
00003040: 70 6C 61 74 66 6F 72 6D 2F 69 6D 61 67 65 2F 73    platform/image/s
00003050: 6F 75 72 63 65 6C 6F 67 6F 2F 76 63 2F 30 30 2F    ourcelogo/vc/00/
00003060: 30 32 2F 33 34 2F 55 53 42 41 33 30 30 30 30 34    02/34/USBA300004
00003070: 34 42 4A 5F 32 30 32 34 30 38 32 36 54 31 39 31    4BJ_20240826T191
00003080: 32 31 32 53 51 55 41 52 45 2E 70 6E 67 22 20 67    212SQUARE.png" g
00003090: 72 6F 75 70 2D 74 69 74 6C 65 3D 22 4E 61 74 75    roup-title="Natu
000030a0: 72 65 2C 20 48 69 73 74 6F 72 79 20 26 20 53 63    re, History & Sc
000030b0: 69 65 6E 63 65 22 2C 4C 75 63 6B 79 20 44 6F 67    ience",Lucky Dog
000030c0: 0A 68 74 74 70 73 3A 2F 2F 6A 6D 70 32 2E 75 6B    .https://jmp2.uk
000030d0: 2F 73 74 76 70 2D 55 53 42 41 33 30 30 30 30 34    /stvp-USBA300004
000030e0: 34 42 4A 0A 23 45 58 54 49 4E 46 3A 2D 31 20 63    4BJ.#EXTINF:-1 c
000030f0: 68 61 6E 6E 65 6C 2D 69 64 3D 22 55 53 32 39 30    hannel-id="US290
00003100: 30 30 30 34 4C 32 22 20 74 76 67 2D 69 64 3D 22    0004L2" tvg-id="
00003110: 55 53 32 39 30 30 30 30 34 4C 32 22 20 74 76 67    US2900004L2" tvg
00003120: 2D 63 68 6E 6F 3D 22 34 35 38 35 22 20 74 76 67    -chno="4585" tvg
00003130: 2D 6E 61 6D 65 3D 22 4C 75 78 65 20 46 69 72 65    -name="Luxe Fire
00003140: 70 6C 61 63 65 20 56 69 62 65 73 22 20 74 76 67    place Vibes" tvg
00003150: 2D 6C 6F 67 6F 3D 22 68 74 74 70 73 3A 2F 2F 74    -logo="https://t
00003160: 76 70 6E 6C 6F 67 6F 70 75 73 2E 73 61 6D 73 75    vpnlogopus.samsu
00003170: 6E 67 63 6C 6F 75 64 2E 74 76 2F 70 6C 61 74 66    ngcloud.tv/platf
00003180: 6F 72 6D 2F 69 6D 61 67 65 2F 73 6F 75 72 63 65    orm/image/source
00003190: 6C 6F 67 6F 2F 76 63 2F 30 30 2F 30 32 2F 33 34    logo/vc/00/02/34
000031a0: 2F 55 53 32 39 30 30 30 30 34 4C 32 5F 32 30 32    /US2900004L2_202
000031b0: 34 31 32 31 30 54 30 31 33 39 31 34 53 51 55 41    41210T013914SQUA
000031c0: 52 45 2E 70 6E 67 22 20 67 72 6F 75 70 2D 74 69    RE.png" group-ti
000031d0: 74 6C 65 3D 22 41 6D 62 69 61 6E 63 65 22 2C 4C    tle="Ambiance",L
000031e0: 75 78 65 20 46 69 72 65 70 6C 61 63 65 20 56 69    uxe Fireplace Vi
000031f0: 62 65 73 0A 68 74 74 70 73 3A 2F 2F 6A 6D 70 32    bes.https://jmp2
00003200: 2E 75 6B 2F 73 74 76 70 2D 55 53 32 39 30 30 30    .uk/stvp-US29000
00003210: 30 34 4C 32 0A 23 45 58 54 49 4E 46 3A 2D 31 20    04L2.#EXTINF:-1 
00003220: 63 68 61 6E 6E 65 6C 2D 69 64 3D 22 55 53 41 4A    channel-id="USAJ
00003230: 33 34 30 30 30 30 36 37 37 22 20 74 76 67 2D 69    340000677" tvg-i
00003240: 64 3D 22 55 53 41 4A 33 34 30 30 30 30 36 37 37    d="USAJ340000677
00003250: 22 20 74 76 67 2D 63 68 6E 6F 3D 22 33 35 33 35    " tvg-chno="3535
00003260: 22 20 74 76 67 2D 6E 61 6D 65 3D 22 4D 61 67 65    " tvg-name="Mage
00003270: 6C 6C 61 6E 54 56 20 57 69 6C 64 65 73 74 22 20    llanTV Wildest" 
00003280: 74 76 67 2D 6C 6F 67 6F 3D 22 68 74 74 70 73 3A    tvg-logo="https:
00003290: 2F 2F 74 76 70 6E 6C 6F 67 6F 70 75 73 2E 73 61    //tvpnlogopus.sa
000032a0: 6D 73 75 6E 67 63 6C 6F 75 64 2E 74 76 2F 70 6C    msungcloud.tv/pl
000032b0: 61 74 66 6F 72 6D 2F 69 6D 61 67 65 2F 73 6F 75    atform/image/sou
000032c0: 72 63 65 6C 6F 67 6F 2F 76 63 2F 30 30 2F 30 32    rcelogo/vc/00/02
000032d0: 2F 33 34 2F 55 53 41 4A 33 34 30 30 30 30 36 37    /34/USAJ34000067
000032e0: 37 5F 32 30 32 35 30 34 30 38 54 30 32 30 37 35    7_20250408T02075
000032f0: 31 53 51 55 41 52 45 2E 70 6E 67 22 20 67 72 6F    1SQUARE.png" gro
00003300: 75 70 2D 74 69 74 6C 65 3D 22 4E 61 74 75 72 65    up-title="Nature
00003310: 2C 20 48 69 73 74 6F 72 79 20 26 20 53 63 69 65    , History & Scie
00003320: 6E 63 65 22 2C 4D 61 67 65 6C 6C 61 6E 54 56 20    nce",MagellanTV 
00003330: 57 69 6C 64 65 73 74 0A 68 74 74 70 73 3A 2F 2F    Wildest.https://
00003340: 6A 6D 70 32 2E 75 6B 2F 73 74 76 70 2D 55 53 41    jmp2.uk/stvp-USA
00003350: 4A 33 34 30 30 30 30 36 37 37 0A 23 45 58 54 49    J340000677.#EXTI
00003360: 4E 46 3A 2D 31 20 63 68 61 6E 6E 65 6C 2D 69 64    NF:-1 channel-id
00003370: 3D 22 55 53 32 30 30 30 30 31 30 50 4F 22 20 74    ="US2000010PO" t
00003380: 76 67 2D 69 64 3D 22 55 53 32 30 30 30 30 31 30    vg-id="US2000010
00003390: 50 4F 22 20 74 76 67 2D 63 68 6E 6F 3D 22 33 35    PO" tvg-chno="35
000033a0: 37 30 22 20 74 76 67 2D 6E 61 6D 65 3D 22 4D 61    70" tvg-name="Ma
000033b0: 72 6B 20 52 6F 62 65 72 20 54 56 22 20 74 76 67    rk Rober TV" tvg
000033c0: 2D 6C 6F 67 6F 3D 22 68 74 74 70 73 3A 2F 2F 74    -logo="https://t
000033d0: 76 70 6E 6C 6F 67 6F 70 75 73 2E 73 61 6D 73 75    vpnlogopus.samsu
000033e0: 6E 67 63 6C 6F 75 64 2E 74 76 2F 70 6C 61 74 66    ngcloud.tv/platf
000033f0: 6F 72 6D 2F 69 6D 61 67 65 2F 73 6F 75 72 63 65    orm/image/source
00003400: 6C 6F 67 6F 2F 76 63 2F 30 30 2F 30 32 2F 33 34    logo/vc/00/02/34
00003410: 2F 55 53 32 30 30 30 30 31 30 50 4F 5F 32 30 32    /US2000010PO_202
00003420: 35 31 32 30 32 54 30 30 35 39 33 34 53 51 55 41    51202T005934SQUA
00003430: 52 45 2E 70 6E 67 22 20 67 72 6F 75 70 2D 74 69    RE.png" group-ti
00003440: 74 6C 65 3D 22 4E 61 74 75 72 65 2C 20 48 69 73    tle="Nature, His
00003450: 74 6F 72 79 20 26 20 53 63 69 65 6E 63 65 22 2C    tory & Science",
00003460: 4D 61 72 6B 20 52 6F 62 65 72 20 54 56 0A 68 74    Mark Rober TV.ht
00003470: 74 70 73 3A 2F 2F 6A 6D 70 32 2E 75 6B 2F 73 74    tps://jmp2.uk/st
00003480: 76 70 2D 55 53 32 30 30 30 30 31 30 50 4F 0A 23    vp-US2000010PO.#
00003490: 45 58 54 49 4E 46 3A 2D 31 20 63 68 61 6E 6E 65    EXTINF:-1 channe
000034a0: 6C 2D 69 64 3D 22 55 53 42 43 34 34 30 30 30 30    l-id="USBC440000
000034b0: 31 39 33 22 20 74 76 67 2D 69 64 3D 22 55 53 42    193" tvg-id="USB
000034c0: 43 34 34 30 30 30 30 31 39 33 22 20 74 76 67 2D    C440000193" tvg-
000034d0: 63 68 6E 6F 3D 22 31 39 32 35 22 20 74 76 67 2D    chno="1925" tvg-
000034e0: 6E 61 6D 65 3D 22 4D 61 74 63 68 65 64 20 4D 61    name="Matched Ma
000034f0: 72 72 69 65 64 20 4D 65 65 74 22 20 74 76 67 2D    rried Meet" tvg-
00003500: 6C 6F 67 6F 3D 22 68 74 74 70 73 3A 2F 2F 74 76    logo="https://tv
00003510: 70 6E 6C 6F 67 6F 70 75 73 2E 73 61 6D 73 75 6E    pnlogopus.samsun
00003520: 67 63 6C 6F 75 64 2E 74 76 2F 70 6C 61 74 66 6F    gcloud.tv/platfo
00003530: 72 6D 2F 69 6D 61 67 65 2F 73 6F 75 72 63 65 6C    rm/image/sourcel
00003540: 6F 67 6F 2F 76 63 2F 30 30 2F 30 32 2F 33 34 2F    ogo/vc/00/02/34/
00003550: 55 53 42 43 34 34 30 30 30 30 31 39 33 5F 32 30    USBC440000193_20
00003560: 32 35 30 39 32 39 54 32 33 31 37 35 38 53 51 55    250929T231758SQU
00003570: 41 52 45 2E 70 6E 67 22 20 67 72 6F 75 70 2D 74    ARE.png" group-t
00003580: 69 74 6C 65 3D 22 52 65 61 6C 69 74 79 20 54 56    itle="Reality TV
00003590: 22 2C 4D 61 74 63 68 65 64 20 4D 61 72 72 69 65    ",Matched Marrie
000035a0: 64 20 4D 65 65 74 0A 68 74 74 70 73 3A 2F 2F 6A    d Meet.https://j
000035b0: 6D 70 32 2E 75 6B 2F 73 74 76 70 2D 55 53 42 43    mp2.uk/stvp-USBC
000035c0: 34 34 30 30 30 30 31 39 33 0A 23 45 58 54 49 4E    440000193.#EXTIN
000035d0: 46 3A 2D 31 20 63 68 61 6E 6E 65 6C 2D 69 64 3D    F:-1 channel-id=
000035e0: 22 55 53 34 35 30 30 30 30 32 55 42 22 20 74 76    "US4500002UB" tv
000035f0: 67 2D 69 64 3D 22 55 53 34 35 30 30 30 30 32 55    g-id="US4500002U
00003600: 42 22 20 74 76 67 2D 63 68 6E 6F 3D 22 33 36 31    B" tvg-chno="361
00003610: 32 22 20 74 76 67 2D 6E 61 6D 65 3D 22 4D 61 74    2" tvg-name="Mat
00003620: 74 65 6C 20 4A 72 2E 22 20 74 76 67 2D 6C 6F 67    tel Jr." tvg-log
00003630: 6F 3D 22 68 74 74 70 73 3A 2F 2F 74 76 70 6E 6C    o="https://tvpnl
00003640: 6F 67 6F 70 75 73 2E 73 61 6D 73 75 6E 67 63 6C    ogopus.samsungcl
00003650: 6F 75 64 2E 74 76 2F 70 6C 61 74 66 6F 72 6D 2F    oud.tv/platform/
00003660: 69 6D 61 67 65 2F 73 6F 75 72 63 65 6C 6F 67 6F    image/sourcelogo
00003670: 2F 76 63 2F 30 30 2F 30 32 2F 33 34 2F 55 53 34    /vc/00/02/34/US4
00003680: 35 30 30 30 30 32 55 42 5F 32 30 32 35 30 32 30    500002UB_2025020
00003690: 34 54 30 31 34 32 35 32 53 51 55 41 52 45 2E 70    4T014252SQUARE.p
000036a0: 6E 67 22 20 67 72 6F 75 70 2D 74 69 74 6C 65 3D    ng" group-title=
000036b0: 22 4B 69 64 73 22 2C 4D 61 74 74 65 6C 20 4A 72    "Kids",Mattel Jr
000036c0: 2E 0A 68 74 74 70 73 3A 2F 2F 6A 6D 70 32 2E 75    ..https://jmp2.u
000036d0: 6B 2F 73 74 76 70 2D 55 53 34 35 30 30 30 30 32    k/stvp-US4500002
000036e0: 55 42 0A 23 45 58 54 49 4E 46 3A 2D 31 20 63 68    UB.#EXTINF:-1 ch
000036f0: 61 6E 6E 65 6C 2D 69 64 3D 22 55 53 41 4A 33 30    annel-id="USAJ30
00003700: 30 30 30 30 37 4D 54 22 20 74 76 67 2D 69 64 3D    00007MT" tvg-id=
00003710: 22 55 53 41 4A 33 30 30 30 30 30 37 4D 54 22 20    "USAJ3000007MT" 
00003720: 74 76 67 2D 63 68 6E 6F 3D 22 31 32 38 35 22 20    tvg-chno="1285" 
00003730: 74 76 67 2D 6E 61 6D 65 3D 22 4D 61 76 65 72 69    tvg-name="Maveri
00003740: 63 6B 20 42 6C 61 63 6B 20 43 69 6E 65 6D 61 22    ck Black Cinema"
00003750: 20 74 76 67 2D 6C 6F 67 6F 3D 22 68 74 74 70 73     tvg-logo="https
00003760: 3A 2F 2F 74 76 70 6E 6C 6F 67 6F 70 75 73 2E 73    ://tvpnlogopus.s
00003770: 61 6D 73 75 6E 67 63 6C 6F 75 64 2E 74 76 2F 70    amsungcloud.tv/p
00003780: 6C 61 74 66 6F 72 6D 2F 69 6D 61 67 65 2F 73 6F    latform/image/so
00003790: 75 72 63 65 6C 6F 67 6F 2F 76 63 2F 30 30 2F 30    urcelogo/vc/00/0
000037a0: 32 2F 33 34 2F 55 53 41 4A 33 30 30 30 30 30 37    2/34/USAJ3000007
000037b0: 4D 54 5F 32 30 32 35 31 30 32 38 54 30 31 30 39    MT_20251028T0109
000037c0: 35 39 53 51 55 41 52 45 2E 70 6E 67 22 20 67 72    59SQUARE.png" gr
000037d0: 6F 75 70 2D 74 69 74 6C 65 3D 22 4D 6F 76 69 65    oup-title="Movie
000037e0: 73 22 2C 4D 61 76 65 72 69 63 6B 20 42 6C 61 63    s",Maverick Blac
000037f0: 6B 20 43 69 6E 65 6D 61 0A 68 74 74 70 73 3A 2F    k Cinema.https:/
00003800: 2F 6A 6D 70 32 2E 75 6B 2F 73 74 76 70 2D 55 53    /jmp2.uk/stvp-US
00003810: 41 4A 33 30 30 30 30 30 37 4D 54 0A 23 45 58 54    AJ3000007MT.#EXT
00003820: 49 4E 46 3A 2D 31 20 63 68 61 6E 6E 65 6C 2D 69    INF:-1 channel-i
00003830: 64 3D 22 55 53 32 31 30 30 30 30 34 33 53 22 20    d="US21000043S" 
00003840: 74 76 67 2D 69 64 3D 22 55 53 32 31 30 30 30 30    tvg-id="US210000
00003850: 34 33 53 22 20 74 76 67 2D 63 68 6E 6F 3D 22 32    43S" tvg-chno="2
00003860: 34 38 31 22 20 74 76 67 2D 6E 61 6D 65 3D 22 4D    481" tvg-name="M
00003870: 65 61 74 45 61 74 65 72 22 20 74 76 67 2D 6C 6F    eatEater" tvg-lo
00003880: 67 6F 3D 22 68 74 74 70 73 3A 2F 2F 74 76 70 6E    go="https://tvpn
00003890: 6C 6F 67 6F 70 75 73 2E 73 61 6D 73 75 6E 67 63    logopus.samsungc
000038a0: 6C 6F 75 64 2E 74 76 2F 70 6C 61 74 66 6F 72 6D    loud.tv/platform
000038b0: 2F 69 6D 61 67 65 2F 73 6F 75 72 63 65 6C 6F 67    /image/sourcelog
000038c0: 6F 2F 76 63 2F 30 30 2F 30 32 2F 33 34 2F 55 53    o/vc/00/02/34/US
000038d0: 32 31 30 30 30 30 34 33 53 5F 32 30 32 35 30 39    21000043S_202509
000038e0: 30 39 54 30 30 32 38 32 33 53 51 55 41 52 45 2E    09T002823SQUARE.
000038f0: 70 6E 67 22 20 67 72 6F 75 70 2D 74 69 74 6C 65    png" group-title
00003900: 3D 22 53 70 6F 72 74 73 20 26 20 4F 75 74 64 6F    ="Sports & Outdo
00003910: 6F 72 73 22 2C 4D 65 61 74 45 61 74 65 72 0A 68    ors",MeatEater.h
00003920: 74 74 70 73 3A 2F 2F 6A 6D 70 32 2E 75 6B 2F 73    ttps://jmp2.uk/s
00003930: 74 76 70 2D 55 53 32 31 30 30 30 30 34 33 53 0A    tvp-US21000043S.
00003940: 23 45 58 54 49 4E 46 3A 2D 31 20 63 68 61 6E 6E    #EXTINF:-1 chann
00003950: 65 6C 2D 69 64 3D 22 55 53 41 4A 32 32 30 30 30    el-id="USAJ22000
00003960: 31 33 30 55 22 20 74 76 67 2D 69 64 3D 22 55 53    130U" tvg-id="US
00003970: 41 4A 32 32 30 30 30 31 33 30 55 22 20 74 76 67    AJ22000130U" tvg
00003980: 2D 63 68 6E 6F 3D 22 31 36 31 35 22 20 74 76 67    -chno="1615" tvg
00003990: 2D 6E 61 6D 65 3D 22 4D 48 7A 20 4D 79 73 74 65    -name="MHz Myste
000039a0: 72 69 65 73 22 20 74 76 67 2D 6C 6F 67 6F 3D 22    ries" tvg-logo="
000039b0: 68 74 74 70 73 3A 2F 2F 74 76 70 6E 6C 6F 67 6F    https://tvpnlogo
000039c0: 70 75 73 2E 73 61 6D 73 75 6E 67 63 6C 6F 75 64    pus.samsungcloud
000039d0: 2E 74 76 2F 70 6C 61 74 66 6F 72 6D 2F 69 6D 61    .tv/platform/ima
000039e0: 67 65 2F 73 6F 75 72 63 65 6C 6F 67 6F 2F 76 63    ge/sourcelogo/vc
000039f0: 2F 30 30 2F 30 32 2F 33 34 2F 55 53 41 4A 32 32    /00/02/34/USAJ22
00003a00: 30 30 30 31 33 30 55 5F 32 30 32 35 30 36 31 36    000130U_20250616
00003a10: 54 32 32 31 37 30 34 53 51 55 41 52 45 2E 70 6E    T221704SQUARE.pn
00003a20: 67 22 20 67 72 6F 75 70 2D 74 69 74 6C 65 3D 22    g" group-title="
00003a30: 41 63 74 69 6F 6E 20 26 20 44 72 61 6D 61 22 2C    Action & Drama",
00003a40: 4D 48 7A 20 4D 79 73 74 65 72 69 65 73 0A 68 74    MHz Mysteries.ht
00003a50: 74 70 73 3A 2F 2F 6A 6D 70 32 2E 75 6B 2F 73 74    tps://jmp2.uk/st
00003a60: 76 70 2D 55 53 41 4A 32 32 30 30 30 31 33 30 55    vp-USAJ22000130U
00003a70: 0A 23 45 58 54 49 4E 46 3A 2D 31 20 63 68 61 6E    .#EXTINF:-1 chan
00003a80: 6E 65 6C 2D 69 64 3D 22 55 53 42 44 37 30 30 30    nel-id="USBD7000
00003a90: 31 35 4C 4B 22 20 74 76 67 2D 69 64 3D 22 55 53    15LK" tvg-id="US
00003aa0: 42 44 37 30 30 30 31 35 4C 4B 22 20 74 76 67 2D    BD700015LK" tvg-
00003ab0: 63 68 6E 6F 3D 22 33 30 38 30 22 20 74 76 67 2D    chno="3080" tvg-
00003ac0: 6E 61 6D 65 3D 22 4D 69 64 6E 69 67 68 74 20 50    name="Midnight P
00003ad0: 75 6C 70 22 20 74 76 67 2D 6C 6F 67 6F 3D 22 68    ulp" tvg-logo="h
00003ae0: 74 74 70 73 3A 2F 2F 74 76 70 6E 6C 6F 67 6F 70    ttps://tvpnlogop
00003af0: 75 73 2E 73 61 6D 73 75 6E 67 63 6C 6F 75 64 2E    us.samsungcloud.
00003b00: 74 76 2F 70 6C 61 74 66 6F 72 6D 2F 69 6D 61 67    tv/platform/imag
00003b10: 65 2F 73 6F 75 72 63 65 6C 6F 67 6F 2F 76 63 2F    e/sourcelogo/vc/
00003b20: 30 30 2F 30 32 2F 33 34 2F 55 53 42 44 37 30 30    00/02/34/USBD700
00003b30: 30 31 35 4C 4B 5F 32 30 32 34 31 31 31 32 54 30    015LK_20241112T0
00003b40: 30 30 39 31 39 53 51 55 41 52 45 2E 70 6E 67 22    00919SQUARE.png"
00003b50: 20 67 72 6F 75 70 2D 74 69 74 6C 65 3D 22 53 63     group-title="Sc
00003b60: 69 2D 46 69 20 26 20 48 6F 72 72 6F 72 22 2C 4D    i-Fi & Horror",M
00003b70: 69 64 6E 69 67 68 74 20 50 75 6C 70 0A 68 74 74    idnight Pulp.htt
00003b80: 70 73 3A 2F 2F 6A 6D 70 32 2E 75 6B 2F 73 74 76    ps://jmp2.uk/stv
00003b90: 70 2D 55 53 42 44 37 30 30 30 31 35 4C 4B 0A 23    p-USBD700015LK.#
00003ba0: 45 58 54 49 4E 46 3A 2D 31 20 63 68 61 6E 6E 65    EXTINF:-1 channe
00003bb0: 6C 2D 69 64 3D 22 55 53 42 43 32 34 30 30 30 31    l-id="USBC240001
00003bc0: 33 34 41 22 20 74 76 67 2D 69 64 3D 22 55 53 42    34A" tvg-id="USB
00003bd0: 43 32 34 30 30 30 31 33 34 41 22 20 74 76 67 2D    C24000134A" tvg-
00003be0: 63 68 6E 6F 3D 22 31 38 31 36 22 20 74 76 67 2D    chno="1816" tvg-
00003bf0: 6E 61 6D 65 3D 22 4D 69 64 73 6F 6D 65 72 20 4D    name="Midsomer M
00003c00: 75 72 64 65 72 73 22 20 74 76 67 2D 6C 6F 67 6F    urders" tvg-logo
00003c10: 3D 22 68 74 74 70 73 3A 2F 2F 74 76 70 6E 6C 6F    ="https://tvpnlo
00003c20: 67 6F 70 75 73 2E 73 61 6D 73 75 6E 67 63 6C 6F    gopus.samsungclo
00003c30: 75 64 2E 74 76 2F 70 6C 61 74 66 6F 72 6D 2F 69    ud.tv/platform/i
00003c40: 6D 61 67 65 2F 73 6F 75 72 63 65 6C 6F 67 6F 2F    mage/sourcelogo/
00003c50: 76 63 2F 30 30 2F 30 32 2F 33 34 2F 55 53 42 43    vc/00/02/34/USBC
00003c60: 32 34 30 30 30 31 33 34 41 5F 32 30 32 34 31 30    24000134A_202410
00003c70: 31 34 54 32 33 32 32 35 31 53 51 55 41 52 45 2E    14T232251SQUARE.
00003c80: 70 6E 67 22 20 67 72 6F 75 70 2D 74 69 74 6C 65    png" group-title
00003c90: 3D 22 43 72 69 6D 65 22 2C 4D 69 64 73 6F 6D 65    ="Crime",Midsome
00003ca0: 72 20 4D 75 72 64 65 72 73 0A 68 74 74 70 73 3A    r Murders.https:
00003cb0: 2F 2F 6A 6D 70 32 2E 75 6B 2F 73 74 76 70 2D 55    //jmp2.uk/stvp-U
00003cc0: 53 42 43 32 34 30 30 30 31 33 34 41 0A 23 45 58    SBC24000134A.#EX
00003cd0: 54 49 4E 46 3A 2D 31 20 63 68 61 6E 6E 65 6C 2D    TINF:-1 channel-
00003ce0: 69 64 3D 22 55 53 42 43 33 39 30 30 30 32 30 34    id="USBC39000204
00003cf0: 4A 22 20 74 76 67 2D 69 64 3D 22 55 53 42 43 33    J" tvg-id="USBC3
00003d00: 39 30 30 30 32 30 34 4A 22 20 74 76 67 2D 63 68    9000204J" tvg-ch
00003d10: 6E 6F 3D 22 33 35 35 30 22 20 74 76 67 2D 6E 61    no="3550" tvg-na
00003d20: 6D 65 3D 22 4D 69 6C 69 74 61 72 79 20 48 65 72    me="Military Her
00003d30: 6F 65 73 22 20 74 76 67 2D 6C 6F 67 6F 3D 22 68    oes" tvg-logo="h
00003d40: 74 74 70 73 3A 2F 2F 74 76 70 6E 6C 6F 67 6F 70    ttps://tvpnlogop
00003d50: 75 73 2E 73 61 6D 73 75 6E 67 63 6C 6F 75 64 2E    us.samsungcloud.
00003d60: 74 76 2F 70 6C 61 74 66 6F 72 6D 2F 69 6D 61 67    tv/platform/imag
00003d70: 65 2F 73 6F 75 72 63 65 6C 6F 67 6F 2F 76 63 2F    e/sourcelogo/vc/
00003d80: 30 30 2F 30 32 2F 33 34 2F 55 53 42 43 33 39 30    00/02/34/USBC390
00003d90: 30 30 32 30 34 4A 5F 32 30 32 35 30 38 30 35 54    00204J_20250805T
00003da0: 30 30 35 38 32 36 53 51 55 41 52 45 2E 70 6E 67    005826SQUARE.png
00003db0: 22 20 67 72 6F 75 70 2D 74 69 74 6C 65 3D 22 4E    " group-title="N
00003dc0: 61 74 75 72 65 2C 20 48 69 73 74 6F 72 79 20 26    ature, History &
00003dd0: 20 53 63 69 65 6E 63 65 22 2C 4D 69 6C 69 74 61     Science",Milita
00003de0: 72 79 20 48 65 72 6F 65 73 0A 68 74 74 70 73 3A    ry Heroes.https:
00003df0: 2F 2F 6A 6D 70 32 2E 75 6B 2F 73 74 76 70 2D 55    //jmp2.uk/stvp-U
00003e00: 53 42 43 33 39 30 30 30 32 30 34 4A 0A 23 45 58    SBC39000204J.#EX
00003e10: 54 49 4E 46 3A 2D 31 20 63 68 61 6E 6E 65 6C 2D    TINF:-1 channel-
00003e20: 69 64 3D 22 55 53 33 30 30 30 36 37 46 58 22 20    id="US300067FX" 
00003e30: 74 76 67 2D 69 64 3D 22 55 53 33 30 30 30 36 37    tvg-id="US300067
00003e40: 46 58 22 20 74 76 67 2D 63 68 6E 6F 3D 22 32 30    FX" tvg-chno="20
00003e50: 30 38 22 20 74 76 67 2D 6E 61 6D 65 3D 22 4D 69    08" tvg-name="Mi
00003e60: 6C 6C 69 6F 6E 20 44 6F 6C 6C 61 72 20 44 72 65    llion Dollar Dre
00003e70: 61 6D 20 48 6F 6D 65 22 20 74 76 67 2D 6C 6F 67    am Home" tvg-log
00003e80: 6F 3D 22 68 74 74 70 73 3A 2F 2F 74 76 70 6E 6C    o="https://tvpnl
00003e90: 6F 67 6F 70 75 73 2E 73 61 6D 73 75 6E 67 63 6C    ogopus.samsungcl
00003ea0: 6F 75 64 2E 74 76 2F 70 6C 61 74 66 6F 72 6D 2F    oud.tv/platform/
00003eb0: 69 6D 61 67 65 2F 73 6F 75 72 63 65 6C 6F 67 6F    image/sourcelogo
00003ec0: 2F 76 63 2F 30 30 2F 30 32 2F 33 34 2F 55 53 33    /vc/00/02/34/US3
00003ed0: 30 30 30 36 37 46 58 5F 32 30 32 35 30 38 32 36    00067FX_20250826
00003ee0: 54 32 33 34 35 34 32 53 51 55 41 52 45 2E 70 6E    T234542SQUARE.pn
00003ef0: 67 22 20 67 72 6F 75 70 2D 74 69 74 6C 65 3D 22    g" group-title="
00003f00: 48 6F 6D 65 20 26 20 46 6F 6F 64 22 2C 4D 69 6C    Home & Food",Mil
00003f10: 6C 69 6F 6E 20 44 6F 6C 6C 61 72 20 44 72 65 61    lion Dollar Drea
00003f20: 6D 20 48 6F 6D 65 0A 68 74 74 70 73 3A 2F 2F 6A    m Home.https://j
00003f30: 6D 70 32 2E 75 6B 2F 73 74 76 70 2D 55 53 33 30    mp2.uk/stvp-US30
00003f40: 30 30 36 37 46 58 0A 23 45 58 54 49 4E 46 3A 2D    0067FX.#EXTINF:-
00003f50: 31 20 63 68 61 6E 6E 65 6C 2D 69 64 3D 22 55 53    1 channel-id="US
00003f60: 42 42 33 32 30 30 30 32 34 56 35 22 20 74 76 67    BB3200024V5" tvg
00003f70: 2D 69 64 3D 22 55 53 42 42 33 32 30 30 30 32 34    -id="USBB3200024
00003f80: 56 35 22 20 74 76 67 2D 63 68 6E 6F 3D 22 32 30    V5" tvg-chno="20
00003f90: 33 35 22 20 74 76 67 2D 6E 61 6D 65 3D 22 4D 69    35" tvg-name="Mi
00003fa0: 6C 6C 69 6F 6E 20 44 6F 6C 6C 61 72 20 4C 69 73    llion Dollar Lis
00003fb0: 74 69 6E 67 20 56 61 75 6C 74 22 20 74 76 67 2D    ting Vault" tvg-
00003fc0: 6C 6F 67 6F 3D 22 68 74 74 70 73 3A 2F 2F 74 76    logo="https://tv
00003fd0: 70 6E 6C 6F 67 6F 70 75 73 2E 73 61 6D 73 75 6E    pnlogopus.samsun
00003fe0: 67 63 6C 6F 75 64 2E 74 76 2F 70 6C 61 74 66 6F    gcloud.tv/platfo
00003ff0: 72 6D 2F 69 6D 61 67 65 2F 73 6F 75 72 63 65 6C    rm/image/sourcel

00000000: 6F 67 6F 2F 76 63 2F 30 30 2F 30 32 2F 33 34 2F    ogo/vc/00/02/34/
00000010: 55 53 42 42 33 32 30 30 30 32 34 56 35 5F 32 30    USBB3200024V5_20
00000020: 32 34 31 32 32 38 54 30 31 31 33 35 37 53 51 55    241228T011357SQU
00000030: 41 52 45 2E 70 6E 67 22 20 67 72 6F 75 70 2D 74    ARE.png" group-t
00000040: 69 74 6C 65 3D 22 48 6F 6D 65 20 26 20 46 6F 6F    itle="Home & Foo
00000050: 64 22 2C 4D 69 6C 6C 69 6F 6E 20 44 6F 6C 6C 61    d",Million Dolla
00000060: 72 20 4C 69 73 74 69 6E 67 20 56 61 75 6C 74 0A    r Listing Vault.
00000070: 68 74 74 70 73 3A 2F 2F 6A 6D 70 32 2E 75 6B 2F    https://jmp2.uk/
00000080: 73 74 76 70 2D 55 53 42 42 33 32 30 30 30 32 34    stvp-USBB3200024
00000090: 56 35 0A 23 45 58 54 49 4E 46 3A 2D 31 20 63 68    V5.#EXTINF:-1 ch
000000a0: 61 6E 6E 65 6C 2D 69 64 3D 22 55 53 31 38 30 30    annel-id="US1800
000000b0: 30 31 36 33 46 22 20 74 76 67 2D 69 64 3D 22 55    0163F" tvg-id="U
000000c0: 53 31 38 30 30 30 31 36 33 46 22 20 74 76 67 2D    S18000163F" tvg-
000000d0: 63 68 6E 6F 3D 22 31 32 33 37 22 20 74 76 67 2D    chno="1237" tvg-
000000e0: 6E 61 6D 65 3D 22 4D 69 72 61 6D 61 78 20 43 68    name="Miramax Ch
000000f0: 61 6E 6E 65 6C 22 20 74 76 67 2D 6C 6F 67 6F 3D    annel" tvg-logo=
00000100: 22 68 74 74 70 73 3A 2F 2F 74 76 70 6E 6C 6F 67    "https://tvpnlog
00000110: 6F 70 75 73 2E 73 61 6D 73 75 6E 67 63 6C 6F 75    opus.samsungclou
00000120: 64 2E 74 76 2F 70 6C 61 74 66 6F 72 6D 2F 69 6D    d.tv/platform/im
00000130: 61 67 65 2F 73 6F 75 72 63 65 6C 6F 67 6F 2F 76    age/sourcelogo/v
00000140: 63 2F 30 30 2F 30 32 2F 33 34 2F 55 53 31 38 30    c/00/02/34/US180
00000150: 30 30 31 36 33 46 5F 32 30 32 34 30 37 31 36 54    00163F_20240716T
00000160: 30 30 32 37 30 39 53 51 55 41 52 45 2E 70 6E 67    002709SQUARE.png
00000170: 22 20 67 72 6F 75 70 2D 74 69 74 6C 65 3D 22 4D    " group-title="M
00000180: 6F 76 69 65 73 22 2C 4D 69 72 61 6D 61 78 20 43    ovies",Miramax C
00000190: 68 61 6E 6E 65 6C 0A 68 74 74 70 73 3A 2F 2F 6A    hannel.https://j
000001a0: 6D 70 32 2E 75 6B 2F 73 74 76 70 2D 55 53 31 38    mp2.uk/stvp-US18
000001b0: 30 30 30 31 36 33 46 0A 23 45 58 54 49 4E 46 3A    000163F.#EXTINF:
000001c0: 2D 31 20 63 68 61 6E 6E 65 6C 2D 69 64 3D 22 55    -1 channel-id="U
000001d0: 53 31 34 30 30 30 30 31 57 56 22 20 74 76 67 2D    S1400001WV" tvg-
000001e0: 69 64 3D 22 55 53 31 34 30 30 30 30 31 57 56 22    id="US1400001WV"
000001f0: 20 74 76 67 2D 63 68 6E 6F 3D 22 32 33 31 35 22     tvg-chno="2315"
00000200: 20 74 76 67 2D 6E 61 6D 65 3D 22 4D 4C 42 20 43     tvg-name="MLB C
00000210: 68 61 6E 6E 65 6C 22 20 74 76 67 2D 6C 6F 67 6F    hannel" tvg-logo
00000220: 3D 22 68 74 74 70 73 3A 2F 2F 74 76 70 6E 6C 6F    ="https://tvpnlo
00000230: 67 6F 70 75 73 2E 73 61 6D 73 75 6E 67 63 6C 6F    gopus.samsungclo
00000240: 75 64 2E 74 76 2F 70 6C 61 74 66 6F 72 6D 2F 69    ud.tv/platform/i
00000250: 6D 61 67 65 2F 73 6F 75 72 63 65 6C 6F 67 6F 2F    mage/sourcelogo/
00000260: 76 63 2F 30 30 2F 30 32 2F 33 34 2F 55 53 31 34    vc/00/02/34/US14
00000270: 30 30 30 30 31 57 56 5F 32 30 32 35 30 39 32 39    00001WV_20250929
00000280: 54 32 33 31 37 35 36 53 51 55 41 52 45 2E 70 6E    T231756SQUARE.pn
00000290: 67 22 20 67 72 6F 75 70 2D 74 69 74 6C 65 3D 22    g" group-title="
000002a0: 53 70 6F 72 74 73 20 26 20 4F 75 74 64 6F 6F 72    Sports & Outdoor
000002b0: 73 22 2C 4D 4C 42 20 43 68 61 6E 6E 65 6C 0A 68    s",MLB Channel.h
000002c0: 74 74 70 73 3A 2F 2F 6A 6D 70 32 2E 75 6B 2F 73    ttps://jmp2.uk/s
000002d0: 74 76 70 2D 55 53 31 34 30 30 30 30 31 57 56 0A    tvp-US1400001WV.
000002e0: 23 45 58 54 49 4E 46 3A 2D 31 20 63 68 61 6E 6E    #EXTINF:-1 chann
000002f0: 65 6C 2D 69 64 3D 22 55 53 42 42 35 32 30 30 30    el-id="USBB52000
00000300: 32 35 44 4F 22 20 74 76 67 2D 69 64 3D 22 55 53    25DO" tvg-id="US
00000310: 42 42 35 32 30 30 30 32 35 44 4F 22 20 74 76 67    BB5200025DO" tvg
00000320: 2D 63 68 6E 6F 3D 22 33 35 34 34 22 20 74 76 67    -chno="3544" tvg
00000330: 2D 6E 61 6D 65 3D 22 4D 6F 64 65 72 6E 20 4D 61    -name="Modern Ma
00000340: 72 76 65 6C 73 20 50 72 65 73 65 6E 74 65 64 20    rvels Presented 
00000350: 62 79 20 48 69 73 74 6F 72 79 22 20 74 76 67 2D    by History" tvg-
00000360: 6C 6F 67 6F 3D 22 68 74 74 70 73 3A 2F 2F 74 76    logo="https://tv
00000370: 70 6E 6C 6F 67 6F 70 75 73 2E 73 61 6D 73 75 6E    pnlogopus.samsun
00000380: 67 63 6C 6F 75 64 2E 74 76 2F 70 6C 61 74 66 6F    gcloud.tv/platfo
00000390: 72 6D 2F 69 6D 61 67 65 2F 73 6F 75 72 63 65 6C    rm/image/sourcel
000003a0: 6F 67 6F 2F 76 63 2F 30 30 2F 30 32 2F 33 34 2F    ogo/vc/00/02/34/
000003b0: 55 53 42 42 35 32 30 30 30 32 35 44 4F 5F 32 30    USBB5200025DO_20
000003c0: 32 35 30 38 30 35 54 30 30 35 38 32 39 53 51 55    250805T005829SQU
000003d0: 41 52 45 2E 70 6E 67 22 20 67 72 6F 75 70 2D 74    ARE.png" group-t
000003e0: 69 74 6C 65 3D 22 4E 61 74 75 72 65 2C 20 48 69    itle="Nature, Hi
000003f0: 73 74 6F 72 79 20 26 20 53 63 69 65 6E 63 65 22    story & Science"
00000400: 2C 4D 6F 64 65 72 6E 20 4D 61 72 76 65 6C 73 20    ,Modern Marvels 
00000410: 50 72 65 73 65 6E 74 65 64 20 62 79 20 48 69 73    Presented by His
00000420: 74 6F 72 79 0A 68 74 74 70 73 3A 2F 2F 6A 6D 70    tory.https://jmp
00000430: 32 2E 75 6B 2F 73 74 76 70 2D 55 53 42 42 35 32    2.uk/stvp-USBB52
00000440: 30 30 30 32 35 44 4F 0A 23 45 58 54 49 4E 46 3A    00025DO.#EXTINF:
00000450: 2D 31 20 63 68 61 6E 6E 65 6C 2D 69 64 3D 22 55    -1 channel-id="U
00000460: 53 42 42 31 31 30 30 30 30 31 35 51 22 20 74 76    SBB11000015Q" tv
00000470: 67 2D 69 64 3D 22 55 53 42 42 31 31 30 30 30 30    g-id="USBB110000
00000480: 31 35 51 22 20 74 76 67 2D 63 68 6E 6F 3D 22 33    15Q" tvg-chno="3
00000490: 36 32 37 22 20 74 76 67 2D 6E 61 6D 65 3D 22 4D    627" tvg-name="M
000004a0: 6F 6F 6E 62 75 67 22 20 74 76 67 2D 6C 6F 67 6F    oonbug" tvg-logo
000004b0: 3D 22 68 74 74 70 73 3A 2F 2F 74 76 70 6E 6C 6F    ="https://tvpnlo
000004c0: 67 6F 70 75 73 2E 73 61 6D 73 75 6E 67 63 6C 6F    gopus.samsungclo
000004d0: 75 64 2E 74 76 2F 70 6C 61 74 66 6F 72 6D 2F 69    ud.tv/platform/i
000004e0: 6D 61 67 65 2F 73 6F 75 72 63 65 6C 6F 67 6F 2F    mage/sourcelogo/
000004f0: 76 63 2F 30 30 2F 30 32 2F 33 34 2F 55 53 42 42    vc/00/02/34/USBB
00000500: 31 31 30 30 30 30 31 35 51 5F 32 30 32 34 31 31    11000015Q_202411
00000510: 30 35 54 31 38 35 37 33 34 53 51 55 41 52 45 2E    05T185734SQUARE.
00000520: 70 6E 67 22 20 67 72 6F 75 70 2D 74 69 74 6C 65    png" group-title
00000530: 3D 22 4B 69 64 73 22 2C 4D 6F 6F 6E 62 75 67 0A    ="Kids",Moonbug.
00000540: 68 74 74 70 73 3A 2F 2F 6A 6D 70 32 2E 75 6B 2F    https://jmp2.uk/
00000550: 73 74 76 70 2D 55 53 42 42 31 31 30 30 30 30 31    stvp-USBB1100001
00000560: 35 51 0A 23 45 58 54 49 4E 46 3A 2D 31 20 63 68    5Q.#EXTINF:-1 ch
00000570: 61 6E 6E 65 6C 2D 69 64 3D 22 55 53 33 35 30 30    annel-id="US3500
00000580: 30 30 37 43 34 22 20 74 76 67 2D 69 64 3D 22 55    007C4" tvg-id="U
00000590: 53 33 35 30 30 30 30 37 43 34 22 20 74 76 67 2D    S3500007C4" tvg-
000005a0: 63 68 6E 6F 3D 22 32 35 33 33 22 20 74 76 67 2D    chno="2533" tvg-
000005b0: 6E 61 6D 65 3D 22 4D 6F 74 6F 47 50 20 43 68 61    name="MotoGP Cha
000005c0: 6E 6E 65 6C 22 20 74 76 67 2D 6C 6F 67 6F 3D 22    nnel" tvg-logo="
000005d0: 68 74 74 70 73 3A 2F 2F 74 76 70 6E 6C 6F 67 6F    https://tvpnlogo
000005e0: 70 75 73 2E 73 61 6D 73 75 6E 67 63 6C 6F 75 64    pus.samsungcloud
000005f0: 2E 74 76 2F 70 6C 61 74 66 6F 72 6D 2F 69 6D 61    .tv/platform/ima
00000600: 67 65 2F 73 6F 75 72 63 65 6C 6F 67 6F 2F 76 63    ge/sourcelogo/vc
00000610: 2F 30 30 2F 30 32 2F 33 34 2F 55 53 33 35 30 30    /00/02/34/US3500
00000620: 30 30 37 43 34 5F 32 30 32 35 31 31 31 30 54 32    007C4_20251110T2
00000630: 33 35 31 30 36 53 51 55 41 52 45 2E 70 6E 67 22    35106SQUARE.png"
00000640: 20 67 72 6F 75 70 2D 74 69 74 6C 65 3D 22 4D 6F     group-title="Mo
00000650: 74 6F 72 20 53 70 6F 72 74 73 22 2C 4D 6F 74 6F    tor Sports",Moto
00000660: 47 50 20 43 68 61 6E 6E 65 6C 0A 68 74 74 70 73    GP Channel.https
00000670: 3A 2F 2F 6A 6D 70 32 2E 75 6B 2F 73 74 76 70 2D    ://jmp2.uk/stvp-
00000680: 55 53 33 35 30 30 30 30 37 43 34 0A 23 45 58 54    US3500007C4.#EXT
00000690: 49 4E 46 3A 2D 31 20 63 68 61 6E 6E 65 6C 2D 69    INF:-1 channel-i
000006a0: 64 3D 22 55 53 42 43 33 36 30 30 30 30 35 55 39    d="USBC3600005U9
000006b0: 22 20 74 76 67 2D 69 64 3D 22 55 53 42 43 33 36    " tvg-id="USBC36
000006c0: 30 30 30 30 35 55 39 22 20 74 76 67 2D 63 68 6E    00005U9" tvg-chn
000006d0: 6F 3D 22 32 35 32 35 22 20 74 76 67 2D 6E 61 6D    o="2525" tvg-nam
000006e0: 65 3D 22 4D 6F 74 6F 72 54 72 65 6E 64 20 46 41    e="MotorTrend FA
000006f0: 53 54 20 54 56 22 20 74 76 67 2D 6C 6F 67 6F 3D    ST TV" tvg-logo=
00000700: 22 68 74 74 70 73 3A 2F 2F 74 76 70 6E 6C 6F 67    "https://tvpnlog
00000710: 6F 70 75 73 2E 73 61 6D 73 75 6E 67 63 6C 6F 75    opus.samsungclou
00000720: 64 2E 74 76 2F 70 6C 61 74 66 6F 72 6D 2F 69 6D    d.tv/platform/im
00000730: 61 67 65 2F 73 6F 75 72 63 65 6C 6F 67 6F 2F 76    age/sourcelogo/v
00000740: 63 2F 30 30 2F 30 32 2F 33 34 2F 55 53 42 43 33    c/00/02/34/USBC3
00000750: 36 30 30 30 30 35 55 39 5F 32 30 32 35 30 31 32    600005U9_2025012
00000760: 31 54 31 30 31 31 30 30 53 51 55 41 52 45 2E 70    1T101100SQUARE.p
00000770: 6E 67 22 20 67 72 6F 75 70 2D 74 69 74 6C 65 3D    ng" group-title=
00000780: 22 4D 6F 74 6F 72 20 53 70 6F 72 74 73 22 2C 4D    "Motor Sports",M
00000790: 6F 74 6F 72 54 72 65 6E 64 20 46 41 53 54 20 54    otorTrend FAST T
000007a0: 56 0A 68 74 74 70 73 3A 2F 2F 6A 6D 70 32 2E 75    V.https://jmp2.u
000007b0: 6B 2F 73 74 76 70 2D 55 53 42 43 33 36 30 30 30    k/stvp-USBC36000
000007c0: 30 35 55 39 0A 23 45 58 54 49 4E 46 3A 2D 31 20    05U9.#EXTINF:-1 
000007d0: 63 68 61 6E 6E 65 6C 2D 69 64 3D 22 55 53 42 44    channel-id="USBD
000007e0: 31 37 30 30 30 30 35 31 4D 22 20 74 76 67 2D 69    17000051M" tvg-i
000007f0: 64 3D 22 55 53 42 44 31 37 30 30 30 30 35 31 4D    d="USBD17000051M
00000800: 22 20 74 76 67 2D 63 68 6E 6F 3D 22 31 39 38 32    " tvg-chno="1982
00000810: 22 20 74 76 67 2D 6E 61 6D 65 3D 22 4D 6F 75 6E    " tvg-name="Moun
00000820: 74 61 69 6E 20 4D 65 6E 22 20 74 76 67 2D 6C 6F    tain Men" tvg-lo
00000830: 67 6F 3D 22 68 74 74 70 73 3A 2F 2F 74 76 70 6E    go="https://tvpn
00000840: 6C 6F 67 6F 70 75 73 2E 73 61 6D 73 75 6E 67 63    logopus.samsungc
00000850: 6C 6F 75 64 2E 74 76 2F 70 6C 61 74 66 6F 72 6D    loud.tv/platform
00000860: 2F 69 6D 61 67 65 2F 73 6F 75 72 63 65 6C 6F 67    /image/sourcelog
00000870: 6F 2F 76 63 2F 30 30 2F 30 32 2F 33 34 2F 55 53    o/vc/00/02/34/US
00000880: 42 44 31 37 30 30 30 30 35 31 4D 5F 32 30 32 35    BD17000051M_2025
00000890: 31 31 31 30 54 32 33 35 31 30 39 53 51 55 41 52    1110T235109SQUAR
000008a0: 45 2E 70 6E 67 22 20 67 72 6F 75 70 2D 74 69 74    E.png" group-tit
000008b0: 6C 65 3D 22 52 65 61 6C 69 74 79 20 54 56 22 2C    le="Reality TV",
000008c0: 4D 6F 75 6E 74 61 69 6E 20 4D 65 6E 0A 68 74 74    Mountain Men.htt
000008d0: 70 73 3A 2F 2F 6A 6D 70 32 2E 75 6B 2F 73 74 76    ps://jmp2.uk/stv
000008e0: 70 2D 55 53 42 44 31 37 30 30 30 30 35 31 4D 0A    p-USBD17000051M.
000008f0: 23 45 58 54 49 4E 46 3A 2D 31 20 63 68 61 6E 6E    #EXTINF:-1 chann
00000900: 65 6C 2D 69 64 3D 22 55 53 42 41 33 30 30 30 30    el-id="USBA30000
00000910: 34 31 5A 50 22 20 74 76 67 2D 69 64 3D 22 55 53    41ZP" tvg-id="US
00000920: 42 41 33 30 30 30 30 34 31 5A 50 22 20 74 76 67    BA3000041ZP" tvg
00000930: 2D 63 68 6E 6F 3D 22 31 32 30 30 22 20 74 76 67    -chno="1200" tvg
00000940: 2D 6E 61 6D 65 3D 22 4D 6F 76 69 65 20 48 75 62    -name="Movie Hub
00000950: 22 20 74 76 67 2D 6C 6F 67 6F 3D 22 68 74 74 70    " tvg-logo="http
00000960: 73 3A 2F 2F 74 76 70 6E 6C 6F 67 6F 70 75 73 2E    s://tvpnlogopus.
00000970: 73 61 6D 73 75 6E 67 63 6C 6F 75 64 2E 74 76 2F    samsungcloud.tv/
00000980: 70 6C 61 74 66 6F 72 6D 2F 69 6D 61 67 65 2F 73    platform/image/s
00000990: 6F 75 72 63 65 6C 6F 67 6F 2F 76 63 2F 30 30 2F    ourcelogo/vc/00/
000009a0: 30 32 2F 33 34 2F 55 53 42 41 33 30 30 30 30 34    02/34/USBA300004
000009b0: 31 5A 50 5F 32 30 32 35 31 32 30 32 54 30 30 35    1ZP_20251202T005
000009c0: 38 34 38 53 51 55 41 52 45 2E 70 6E 67 22 20 67    848SQUARE.png" g
000009d0: 72 6F 75 70 2D 74 69 74 6C 65 3D 22 4D 6F 76 69    roup-title="Movi
000009e0: 65 73 22 2C 4D 6F 76 69 65 20 48 75 62 0A 68 74    es",Movie Hub.ht
000009f0: 74 70 73 3A 2F 2F 6A 6D 70 32 2E 75 6B 2F 73 74    tps://jmp2.uk/st
00000a00: 76 70 2D 55 53 42 41 33 30 30 30 30 34 31 5A 50    vp-USBA3000041ZP
00000a10: 0A 23 45 58 54 49 4E 46 3A 2D 31 20 63 68 61 6E    .#EXTINF:-1 chan
00000a20: 6E 65 6C 2D 69 64 3D 22 55 53 42 44 33 35 30 30    nel-id="USBD3500
00000a30: 30 33 32 48 30 22 20 74 76 67 2D 69 64 3D 22 55    032H0" tvg-id="U
00000a40: 53 42 44 33 35 30 30 30 33 32 48 30 22 20 74 76    SBD3500032H0" tv
00000a50: 67 2D 63 68 6E 6F 3D 22 31 32 30 34 22 20 74 76    g-chno="1204" tv
00000a60: 67 2D 6E 61 6D 65 3D 22 4D 6F 76 69 65 20 48 75    g-name="Movie Hu
00000a70: 62 20 41 63 74 69 6F 6E 22 20 74 76 67 2D 6C 6F    b Action" tvg-lo
00000a80: 67 6F 3D 22 68 74 74 70 73 3A 2F 2F 74 76 70 6E    go="https://tvpn
00000a90: 6C 6F 67 6F 70 75 73 2E 73 61 6D 73 75 6E 67 63    logopus.samsungc
00000aa0: 6C 6F 75 64 2E 74 76 2F 70 6C 61 74 66 6F 72 6D    loud.tv/platform
00000ab0: 2F 69 6D 61 67 65 2F 73 6F 75 72 63 65 6C 6F 67    /image/sourcelog
00000ac0: 6F 2F 76 63 2F 30 30 2F 30 32 2F 33 34 2F 55 53    o/vc/00/02/34/US
00000ad0: 42 44 33 35 30 30 30 33 32 48 30 5F 32 30 32 35    BD3500032H0_2025
00000ae0: 31 31 31 38 54 30 33 30 36 32 33 53 51 55 41 52    1118T030623SQUAR
00000af0: 45 2E 70 6E 67 22 20 67 72 6F 75 70 2D 74 69 74    E.png" group-tit
00000b00: 6C 65 3D 22 4D 6F 76 69 65 73 22 2C 4D 6F 76 69    le="Movies",Movi
00000b10: 65 20 48 75 62 20 41 63 74 69 6F 6E 0A 68 74 74    e Hub Action.htt
00000b20: 70 73 3A 2F 2F 6A 6D 70 32 2E 75 6B 2F 73 74 76    ps://jmp2.uk/stv
00000b30: 70 2D 55 53 42 44 33 35 30 30 30 33 32 48 30 0A    p-USBD3500032H0.
00000b40: 23 45 58 54 49 4E 46 3A 2D 31 20 63 68 61 6E 6E    #EXTINF:-1 chann
00000b50: 65 6C 2D 69 64 3D 22 55 53 33 38 30 30 30 31 30    el-id="US3800010
00000b60: 38 56 22 20 74 76 67 2D 69 64 3D 22 55 53 33 38    8V" tvg-id="US38
00000b70: 30 30 30 31 30 38 56 22 20 74 76 67 2D 63 68 6E    000108V" tvg-chn
00000b80: 6F 3D 22 31 32 30 35 22 20 74 76 67 2D 6E 61 6D    o="1205" tvg-nam
00000b90: 65 3D 22 4D 6F 76 69 65 20 48 75 62 20 41 63 74    e="Movie Hub Act
00000ba0: 69 6F 6E 20 57 65 73 74 22 20 74 76 67 2D 6C 6F    ion West" tvg-lo
00000bb0: 67 6F 3D 22 68 74 74 70 73 3A 2F 2F 74 76 70 6E    go="https://tvpn
00000bc0: 6C 6F 67 6F 70 75 73 2E 73 61 6D 73 75 6E 67 63    logopus.samsungc
00000bd0: 6C 6F 75 64 2E 74 76 2F 70 6C 61 74 66 6F 72 6D    loud.tv/platform
00000be0: 2F 69 6D 61 67 65 2F 73 6F 75 72 63 65 6C 6F 67    /image/sourcelog
00000bf0: 6F 2F 76 63 2F 30 30 2F 30 32 2F 33 34 2F 55 53    o/vc/00/02/34/US
00000c00: 33 38 30 30 30 31 30 38 56 5F 32 30 32 35 31 30    38000108V_202510
00000c10: 32 38 54 32 31 35 35 30 35 53 51 55 41 52 45 2E    28T215505SQUARE.
00000c20: 70 6E 67 22 20 67 72 6F 75 70 2D 74 69 74 6C 65    png" group-title
00000c30: 3D 22 4D 6F 76 69 65 73 22 2C 4D 6F 76 69 65 20    ="Movies",Movie 
00000c40: 48 75 62 20 41 63 74 69 6F 6E 20 57 65 73 74 0A    Hub Action West.
00000c50: 68 74 74 70 73 3A 2F 2F 6A 6D 70 32 2E 75 6B 2F    https://jmp2.uk/
00000c60: 73 74 76 70 2D 55 53 33 38 30 30 30 31 30 38 56    stvp-US38000108V
00000c70: 0A 23 45 58 54 49 4E 46 3A 2D 31 20 63 68 61 6E    .#EXTINF:-1 chan
00000c80: 6E 65 6C 2D 69 64 3D 22 55 53 33 34 30 30 30 30    nel-id="US340000
00000c90: 36 52 51 22 20 74 76 67 2D 69 64 3D 22 55 53 33    6RQ" tvg-id="US3
00000ca0: 34 30 30 30 30 36 52 51 22 20 74 76 67 2D 63 68    400006RQ" tvg-ch
00000cb0: 6E 6F 3D 22 31 30 30 30 22 20 74 76 67 2D 6E 61    no="1000" tvg-na
00000cc0: 6D 65 3D 22 4D 6F 76 69 65 20 48 75 62 20 48 6F    me="Movie Hub Ho
00000cd0: 6C 69 64 61 79 22 20 74 76 67 2D 6C 6F 67 6F 3D    liday" tvg-logo=
00000ce0: 22 68 74 74 70 73 3A 2F 2F 74 76 70 6E 6C 6F 67    "https://tvpnlog
00000cf0: 6F 70 75 73 2E 73 61 6D 73 75 6E 67 63 6C 6F 75    opus.samsungclou
00000d00: 64 2E 74 76 2F 70 6C 61 74 66 6F 72 6D 2F 69 6D    d.tv/platform/im
00000d10: 61 67 65 2F 73 6F 75 72 63 65 6C 6F 67 6F 2F 76    age/sourcelogo/v
00000d20: 63 2F 30 30 2F 30 32 2F 33 34 2F 55 53 33 34 30    c/00/02/34/US340
00000d30: 30 30 30 36 52 51 5F 32 30 32 35 31 32 30 39 54    0006RQ_20251209T
00000d40: 30 31 33 35 30 37 53 51 55 41 52 45 2E 70 6E 67    013507SQUARE.png
00000d50: 22 20 67 72 6F 75 70 2D 74 69 74 6C 65 3D 22 4D    " group-title="M
00000d60: 6F 76 69 65 73 22 2C 4D 6F 76 69 65 20 48 75 62    ovies",Movie Hub
00000d70: 20 48 6F 6C 69 64 61 79 0A 68 74 74 70 73 3A 2F     Holiday.https:/
00000d80: 2F 6A 6D 70 32 2E 75 6B 2F 73 74 76 70 2D 55 53    /jmp2.uk/stvp-US
00000d90: 33 34 30 30 30 30 36 52 51 0A 23 45 58 54 49 4E    3400006RQ.#EXTIN
00000da0: 46 3A 2D 31 20 63 68 61 6E 6E 65 6C 2D 69 64 3D    F:-1 channel-id=
00000db0: 22 55 53 42 44 33 35 30 30 30 33 33 55 30 22 20    "USBD3500033U0" 
00000dc0: 74 76 67 2D 69 64 3D 22 55 53 42 44 33 35 30 30    tvg-id="USBD3500
00000dd0: 30 33 33 55 30 22 20 74 76 67 2D 63 68 6E 6F 3D    033U0" tvg-chno=
00000de0: 22 31 32 30 36 22 20 74 76 67 2D 6E 61 6D 65 3D    "1206" tvg-name=
00000df0: 22 4D 6F 76 69 65 20 48 75 62 20 52 6F 6D 61 6E    "Movie Hub Roman
00000e00: 63 65 22 20 74 76 67 2D 6C 6F 67 6F 3D 22 68 74    ce" tvg-logo="ht
00000e10: 74 70 73 3A 2F 2F 74 76 70 6E 6C 6F 67 6F 70 75    tps://tvpnlogopu
00000e20: 73 2E 73 61 6D 73 75 6E 67 63 6C 6F 75 64 2E 74    s.samsungcloud.t
00000e30: 76 2F 70 6C 61 74 66 6F 72 6D 2F 69 6D 61 67 65    v/platform/image
00000e40: 2F 73 6F 75 72 63 65 6C 6F 67 6F 2F 76 63 2F 30    /sourcelogo/vc/0
00000e50: 30 2F 30 32 2F 33 34 2F 55 53 42 44 33 35 30 30    0/02/34/USBD3500
00000e60: 30 33 33 55 30 5F 32 30 32 35 31 31 32 35 54 30    033U0_20251125T0
00000e70: 33 30 39 34 32 53 51 55 41 52 45 2E 70 6E 67 22    30942SQUARE.png"
00000e80: 20 67 72 6F 75 70 2D 74 69 74 6C 65 3D 22 4D 6F     group-title="Mo
00000e90: 76 69 65 73 22 2C 4D 6F 76 69 65 20 48 75 62 20    vies",Movie Hub 
00000ea0: 52 6F 6D 61 6E 63 65 0A 68 74 74 70 73 3A 2F 2F    Romance.https://
00000eb0: 6A 6D 70 32 2E 75 6B 2F 73 74 76 70 2D 55 53 42    jmp2.uk/stvp-USB
00000ec0: 44 33 35 30 30 30 33 33 55 30 0A 23 45 58 54 49    D3500033U0.#EXTI
00000ed0: 4E 46 3A 2D 31 20 63 68 61 6E 6E 65 6C 2D 69 64    NF:-1 channel-id
00000ee0: 3D 22 55 53 42 44 33 35 30 30 30 33 36 48 50 22    ="USBD3500036HP"
00000ef0: 20 74 76 67 2D 69 64 3D 22 55 53 42 44 33 35 30     tvg-id="USBD350
00000f00: 30 30 33 36 48 50 22 20 74 76 67 2D 63 68 6E 6F    0036HP" tvg-chno
00000f10: 3D 22 31 32 30 31 22 20 74 76 67 2D 6E 61 6D 65    ="1201" tvg-name
00000f20: 3D 22 4D 6F 76 69 65 20 48 75 62 20 57 65 73 74    ="Movie Hub West
00000f30: 22 20 74 76 67 2D 6C 6F 67 6F 3D 22 68 74 74 70    " tvg-logo="http
00000f40: 73 3A 2F 2F 74 76 70 6E 6C 6F 67 6F 70 75 73 2E    s://tvpnlogopus.
00000f50: 73 61 6D 73 75 6E 67 63 6C 6F 75 64 2E 74 76 2F    samsungcloud.tv/
00000f60: 70 6C 61 74 66 6F 72 6D 2F 69 6D 61 67 65 2F 73    platform/image/s
00000f70: 6F 75 72 63 65 6C 6F 67 6F 2F 76 63 2F 30 30 2F    ourcelogo/vc/00/
00000f80: 30 32 2F 33 34 2F 55 53 42 44 33 35 30 30 30 33    02/34/USBD350003
00000f90: 36 48 50 5F 32 30 32 35 31 31 32 35 54 30 33 30    6HP_20251125T030
00000fa0: 39 34 35 53 51 55 41 52 45 2E 70 6E 67 22 20 67    945SQUARE.png" g
00000fb0: 72 6F 75 70 2D 74 69 74 6C 65 3D 22 4D 6F 76 69    roup-title="Movi
00000fc0: 65 73 22 2C 4D 6F 76 69 65 20 48 75 62 20 57 65    es",Movie Hub We
00000fd0: 73 74 0A 68 74 74 70 73 3A 2F 2F 6A 6D 70 32 2E    st.https://jmp2.
00000fe0: 75 6B 2F 73 74 76 70 2D 55 53 42 44 33 35 30 30    uk/stvp-USBD3500
00000ff0: 30 33 36 48 50 0A 23 45 58 54 49 4E 46 3A 2D 31    036HP.#EXTINF:-1
00001000: 20 63 68 61 6E 6E 65 6C 2D 69 64 3D 22 55 53 42     channel-id="USB
00001010: 44 31 37 30 30 30 31 31 37 42 22 20 74 76 67 2D    D17000117B" tvg-
00001020: 69 64 3D 22 55 53 42 44 31 37 30 30 30 31 31 37    id="USBD17000117
00001030: 42 22 20 74 76 67 2D 63 68 6E 6F 3D 22 31 32 33    B" tvg-chno="123
00001040: 30 22 20 74 76 67 2D 6E 61 6D 65 3D 22 4D 6F 76    0" tvg-name="Mov
00001050: 69 65 53 70 68 65 72 65 22 20 74 76 67 2D 6C 6F    ieSphere" tvg-lo
00001060: 67 6F 3D 22 68 74 74 70 73 3A 2F 2F 74 76 70 6E    go="https://tvpn
00001070: 6C 6F 67 6F 70 75 73 2E 73 61 6D 73 75 6E 67 63    logopus.samsungc
00001080: 6C 6F 75 64 2E 74 76 2F 70 6C 61 74 66 6F 72 6D    loud.tv/platform
00001090: 2F 69 6D 61 67 65 2F 73 6F 75 72 63 65 6C 6F 67    /image/sourcelog
000010a0: 6F 2F 76 63 2F 30 30 2F 30 32 2F 33 34 2F 55 53    o/vc/00/02/34/US
000010b0: 42 44 31 37 30 30 30 31 31 37 42 5F 32 30 32 34    BD17000117B_2024
000010c0: 31 31 30 35 54 30 32 34 32 31 32 53 51 55 41 52    1105T024212SQUAR
000010d0: 45 2E 70 6E 67 22 20 67 72 6F 75 70 2D 74 69 74    E.png" group-tit
000010e0: 6C 65 3D 22 4D 6F 76 69 65 73 22 2C 4D 6F 76 69    le="Movies",Movi
000010f0: 65 53 70 68 65 72 65 0A 68 74 74 70 73 3A 2F 2F    eSphere.https://
00001100: 6A 6D 70 32 2E 75 6B 2F 73 74 76 70 2D 55 53 42    jmp2.uk/stvp-USB
00001110: 44 31 37 30 30 30 31 31 37 42 0A 23 45 58 54 49    D17000117B.#EXTI
00001120: 4E 46 3A 2D 31 20 63 68 61 6E 6E 65 6C 2D 69 64    NF:-1 channel-id
00001130: 3D 22 55 53 31 37 30 30 30 32 36 30 38 22 20 74    ="US170002608" t
00001140: 76 67 2D 69 64 3D 22 55 53 31 37 30 30 30 32 36    vg-id="US1700026
00001150: 30 38 22 20 74 76 67 2D 63 68 6E 6F 3D 22 32 36    08" tvg-chno="26
00001160: 34 36 22 20 74 76 67 2D 6E 61 6D 65 3D 22 4D 72    46" tvg-name="Mr
00001170: 2E 20 42 65 61 6E 20 41 6E 69 6D 61 74 65 64 22    . Bean Animated"
00001180: 20 74 76 67 2D 6C 6F 67 6F 3D 22 68 74 74 70 73     tvg-logo="https
00001190: 3A 2F 2F 74 76 70 6E 6C 6F 67 6F 70 75 73 2E 73    ://tvpnlogopus.s
000011a0: 61 6D 73 75 6E 67 63 6C 6F 75 64 2E 74 76 2F 70    amsungcloud.tv/p
000011b0: 6C 61 74 66 6F 72 6D 2F 69 6D 61 67 65 2F 73 6F    latform/image/so
000011c0: 75 72 63 65 6C 6F 67 6F 2F 76 63 2F 30 30 2F 30    urcelogo/vc/00/0
000011d0: 32 2F 33 34 2F 55 53 31 37 30 30 30 32 36 30 38    2/34/US170002608
000011e0: 5F 32 30 32 35 30 38 32 36 54 32 33 34 35 34 37    _20250826T234547
000011f0: 53 51 55 41 52 45 2E 70 6E 67 22 20 67 72 6F 75    SQUARE.png" grou
00001200: 70 2D 74 69 74 6C 65 3D 22 43 6F 6D 65 64 79 22    p-title="Comedy"
00001210: 2C 4D 72 2E 20 42 65 61 6E 20 41 6E 69 6D 61 74    ,Mr. Bean Animat
00001220: 65 64 0A 68 74 74 70 73 3A 2F 2F 6A 6D 70 32 2E    ed.https://jmp2.
00001230: 75 6B 2F 73 74 76 70 2D 55 53 31 37 30 30 30 32    uk/stvp-US170002
00001240: 36 30 38 0A 23 45 58 54 49 4E 46 3A 2D 31 20 63    608.#EXTINF:-1 c
00001250: 68 61 6E 6E 65 6C 2D 69 64 3D 22 55 53 33 31 30    hannel-id="US310
00001260: 30 30 30 31 30 31 22 20 74 76 67 2D 69 64 3D 22    000101" tvg-id="
00001270: 55 53 33 31 30 30 30 30 31 30 31 22 20 74 76 67    US310000101" tvg
00001280: 2D 63 68 6E 6F 3D 22 32 36 32 36 22 20 74 76 67    -chno="2626" tvg
00001290: 2D 6E 61 6D 65 3D 22 4D 72 42 65 61 73 74 22 20    -name="MrBeast" 
000012a0: 74 76 67 2D 6C 6F 67 6F 3D 22 68 74 74 70 73 3A    tvg-logo="https:
000012b0: 2F 2F 74 76 70 6E 6C 6F 67 6F 70 75 73 2E 73 61    //tvpnlogopus.sa
000012c0: 6D 73 75 6E 67 63 6C 6F 75 64 2E 74 76 2F 70 6C    msungcloud.tv/pl
000012d0: 61 74 66 6F 72 6D 2F 69 6D 61 67 65 2F 73 6F 75    atform/image/sou
000012e0: 72 63 65 6C 6F 67 6F 2F 76 63 2F 30 30 2F 30 32    rcelogo/vc/00/02
000012f0: 2F 33 34 2F 55 53 33 31 30 30 30 30 31 30 31 5F    /34/US310000101_
00001300: 32 30 32 35 30 32 31 31 54 30 32 31 37 33 32 53    20250211T021732S
00001310: 51 55 41 52 45 2E 70 6E 67 22 20 67 72 6F 75 70    QUARE.png" group
00001320: 2D 74 69 74 6C 65 3D 22 43 6F 6D 65 64 79 22 2C    -title="Comedy",
00001330: 4D 72 42 65 61 73 74 0A 68 74 74 70 73 3A 2F 2F    MrBeast.https://
00001340: 6A 6D 70 32 2E 75 6B 2F 73 74 76 70 2D 55 53 33    jmp2.uk/stvp-US3
00001350: 31 30 30 30 30 31 30 31 0A 23 45 58 54 49 4E 46    10000101.#EXTINF
00001360: 3A 2D 31 20 63 68 61 6E 6E 65 6C 2D 69 64 3D 22    :-1 channel-id="
00001370: 55 53 42 44 33 30 30 30 32 31 42 38 22 20 74 76    USBD300021B8" tv
00001380: 67 2D 69 64 3D 22 55 53 42 44 33 30 30 30 32 31    g-id="USBD300021
00001390: 42 38 22 20 74 76 67 2D 63 68 6E 6F 3D 22 32 34    B8" tvg-chno="24
000013a0: 32 34 22 20 74 76 67 2D 6E 61 6D 65 3D 22 4D 53    24" tvg-name="MS
000013b0: 47 20 53 70 6F 72 74 73 5A 6F 6E 65 22 20 74 76    G SportsZone" tv
000013c0: 67 2D 6C 6F 67 6F 3D 22 68 74 74 70 73 3A 2F 2F    g-logo="https://
000013d0: 74 76 70 6E 6C 6F 67 6F 70 75 73 2E 73 61 6D 73    tvpnlogopus.sams
000013e0: 75 6E 67 63 6C 6F 75 64 2E 74 76 2F 70 6C 61 74    ungcloud.tv/plat
000013f0: 66 6F 72 6D 2F 69 6D 61 67 65 2F 73 6F 75 72 63    form/image/sourc
00001400: 65 6C 6F 67 6F 2F 76 63 2F 30 30 2F 30 32 2F 33    elogo/vc/00/02/3
00001410: 34 2F 55 53 42 44 33 30 30 30 32 31 42 38 5F 32    4/USBD300021B8_2
00001420: 30 32 34 30 35 32 30 54 32 32 30 31 31 34 53 51    0240520T220114SQ
00001430: 55 41 52 45 2E 70 6E 67 22 20 67 72 6F 75 70 2D    UARE.png" group-
00001440: 74 69 74 6C 65 3D 22 53 70 6F 72 74 73 20 26 20    title="Sports & 
00001450: 4F 75 74 64 6F 6F 72 73 22 2C 4D 53 47 20 53 70    Outdoors",MSG Sp
00001460: 6F 72 74 73 5A 6F 6E 65 0A 68 74 74 70 73 3A 2F    ortsZone.https:/
00001470: 2F 6A 6D 70 32 2E 75 6B 2F 73 74 76 70 2D 55 53    /jmp2.uk/stvp-US
00001480: 42 44 33 30 30 30 32 31 42 38 0A 23 45 58 54 49    BD300021B8.#EXTI
00001490: 4E 46 3A 2D 31 20 63 68 61 6E 6E 65 6C 2D 69 64    NF:-1 channel-id
000014a0: 3D 22 55 53 42 41 33 30 30 30 30 39 33 55 22 20    ="USBA3000093U" 
000014b0: 74 76 67 2D 69 64 3D 22 55 53 42 41 33 30 30 30    tvg-id="USBA3000
000014c0: 30 39 33 55 22 20 74 76 67 2D 63 68 6E 6F 3D 22    093U" tvg-chno="
000014d0: 31 39 33 30 22 20 74 76 67 2D 6E 61 6D 65 3D 22    1930" tvg-name="
000014e0: 4D 54 56 20 50 6C 75 74 6F 20 54 56 22 20 74 76    MTV Pluto TV" tv
000014f0: 67 2D 6C 6F 67 6F 3D 22 68 74 74 70 73 3A 2F 2F    g-logo="https://
00001500: 74 76 70 6E 6C 6F 67 6F 70 75 73 2E 73 61 6D 73    tvpnlogopus.sams
00001510: 75 6E 67 63 6C 6F 75 64 2E 74 76 2F 70 6C 61 74    ungcloud.tv/plat
00001520: 66 6F 72 6D 2F 69 6D 61 67 65 2F 73 6F 75 72 63    form/image/sourc
00001530: 65 6C 6F 67 6F 2F 76 63 2F 30 30 2F 30 32 2F 33    elogo/vc/00/02/3
00001540: 34 2F 55 53 42 41 33 30 30 30 30 39 33 55 5F 32    4/USBA3000093U_2
00001550: 30 32 34 31 31 31 32 54 30 30 30 37 30 31 53 51    0241112T000701SQ
00001560: 55 41 52 45 2E 70 6E 67 22 20 67 72 6F 75 70 2D    UARE.png" group-
00001570: 74 69 74 6C 65 3D 22 52 65 61 6C 69 74 79 20 54    title="Reality T
00001580: 56 22 2C 4D 54 56 20 50 6C 75 74 6F 20 54 56 0A    V",MTV Pluto TV.
00001590: 68 74 74 70 73 3A 2F 2F 6A 6D 70 32 2E 75 6B 2F    https://jmp2.uk/
000015a0: 73 74 76 70 2D 55 53 42 41 33 30 30 30 30 39 33    stvp-USBA3000093
000015b0: 55 0A 23 45 58 54 49 4E 46 3A 2D 31 20 63 68 61    U.#EXTINF:-1 cha
000015c0: 6E 6E 65 6C 2D 69 64 3D 22 55 53 31 38 30 30 30    nnel-id="US18000
000015d0: 30 31 44 31 22 20 74 76 67 2D 69 64 3D 22 55 53    01D1" tvg-id="US
000015e0: 31 38 30 30 30 30 31 44 31 22 20 74 76 67 2D 63    1800001D1" tvg-c
000015f0: 68 6E 6F 3D 22 31 38 31 33 22 20 74 76 67 2D 6E    hno="1813" tvg-n
00001600: 61 6D 65 3D 22 4D 75 72 64 65 72 2C 20 53 68 65    ame="Murder, She
00001610: 20 57 72 6F 74 65 22 20 74 76 67 2D 6C 6F 67 6F     Wrote" tvg-logo
00001620: 3D 22 68 74 74 70 73 3A 2F 2F 74 76 70 6E 6C 6F    ="https://tvpnlo
00001630: 67 6F 70 75 73 2E 73 61 6D 73 75 6E 67 63 6C 6F    gopus.samsungclo
00001640: 75 64 2E 74 76 2F 70 6C 61 74 66 6F 72 6D 2F 69    ud.tv/platform/i
00001650: 6D 61 67 65 2F 73 6F 75 72 63 65 6C 6F 67 6F 2F    mage/sourcelogo/
00001660: 76 63 2F 30 30 2F 30 32 2F 33 34 2F 55 53 31 38    vc/00/02/34/US18
00001670: 30 30 30 30 31 44 31 5F 32 30 32 34 30 38 32 36    00001D1_20240826
00001680: 54 32 33 35 35 34 36 53 51 55 41 52 45 2E 70 6E    T235546SQUARE.pn
00001690: 67 22 20 67 72 6F 75 70 2D 74 69 74 6C 65 3D 22    g" group-title="
000016a0: 43 72 69 6D 65 22 2C 4D 75 72 64 65 72 20 53 68    Crime",Murder Sh
000016b0: 65 20 57 72 6F 74 65 0A 68 74 74 70 73 3A 2F 2F    e Wrote.https://
000016c0: 6A 6D 70 32 2E 75 6B 2F 73 74 76 70 2D 55 53 31    jmp2.uk/stvp-US1
000016d0: 38 30 30 30 30 31 44 31 0A 23 45 58 54 49 4E 46    800001D1.#EXTINF
000016e0: 3A 2D 31 20 63 68 61 6E 6E 65 6C 2D 69 64 3D 22    :-1 channel-id="
000016f0: 55 53 32 39 30 30 30 31 31 43 4A 22 20 74 76 67    US2900011CJ" tvg
00001700: 2D 69 64 3D 22 55 53 32 39 30 30 30 31 31 43 4A    -id="US2900011CJ
00001710: 22 20 74 76 67 2D 63 68 6E 6F 3D 22 33 36 35 33    " tvg-chno="3653
00001720: 22 20 74 76 67 2D 6E 61 6D 65 3D 22 4D 79 20 4C    " tvg-name="My L
00001730: 69 74 74 6C 65 20 50 6F 6E 79 22 20 74 76 67 2D    ittle Pony" tvg-
00001740: 6C 6F 67 6F 3D 22 68 74 74 70 73 3A 2F 2F 74 76    logo="https://tv
00001750: 70 6E 6C 6F 67 6F 70 75 73 2E 73 61 6D 73 75 6E    pnlogopus.samsun
00001760: 67 63 6C 6F 75 64 2E 74 76 2F 70 6C 61 74 66 6F    gcloud.tv/platfo
00001770: 72 6D 2F 69 6D 61 67 65 2F 73 6F 75 72 63 65 6C    rm/image/sourcel
00001780: 6F 67 6F 2F 76 63 2F 30 30 2F 30 32 2F 33 34 2F    ogo/vc/00/02/34/
00001790: 55 53 32 39 30 30 30 31 31 43 4A 5F 32 30 32 34    US2900011CJ_2024
000017a0: 31 31 30 31 54 32 31 32 37 31 32 53 51 55 41 52    1101T212712SQUAR
000017b0: 45 2E 70 6E 67 22 20 67 72 6F 75 70 2D 74 69 74    E.png" group-tit
000017c0: 6C 65 3D 22 4B 69 64 73 22 2C 4D 79 20 4C 69 74    le="Kids",My Lit
000017d0: 74 6C 65 20 50 6F 6E 79 0A 68 74 74 70 73 3A 2F    tle Pony.https:/
000017e0: 2F 6A 6D 70 32 2E 75 6B 2F 73 74 76 70 2D 55 53    /jmp2.uk/stvp-US
000017f0: 32 39 30 30 30 31 31 43 4A 0A 23 45 58 54 49 4E    2900011CJ.#EXTIN
00001800: 46 3A 2D 31 20 63 68 61 6E 6E 65 6C 2D 69 64 3D    F:-1 channel-id=
00001810: 22 55 53 42 42 35 32 30 30 30 32 38 4D 4D 22 20    "USBB5200028MM" 
00001820: 74 76 67 2D 69 64 3D 22 55 53 42 42 35 32 30 30    tvg-id="USBB5200
00001830: 30 32 38 4D 4D 22 20 74 76 67 2D 63 68 6E 6F 3D    028MM" tvg-chno=
00001840: 22 33 30 31 30 22 20 74 76 67 2D 6E 61 6D 65 3D    "3010" tvg-name=
00001850: 22 4D 79 73 74 65 72 69 65 73 20 58 70 6C 6F 72    "Mysteries Xplor
00001860: 65 64 22 20 74 76 67 2D 6C 6F 67 6F 3D 22 68 74    ed" tvg-logo="ht
00001870: 74 70 73 3A 2F 2F 74 76 70 6E 6C 6F 67 6F 70 75    tps://tvpnlogopu
00001880: 73 2E 73 61 6D 73 75 6E 67 63 6C 6F 75 64 2E 74    s.samsungcloud.t
00001890: 76 2F 70 6C 61 74 66 6F 72 6D 2F 69 6D 61 67 65    v/platform/image
000018a0: 2F 73 6F 75 72 63 65 6C 6F 67 6F 2F 76 63 2F 30    /sourcelogo/vc/0
000018b0: 30 2F 30 32 2F 33 34 2F 55 53 42 42 35 32 30 30    0/02/34/USBB5200
000018c0: 30 32 38 4D 4D 5F 32 30 32 35 30 33 32 35 54 30    028MM_20250325T0
000018d0: 31 35 32 34 30 53 51 55 41 52 45 2E 70 6E 67 22    15240SQUARE.png"
000018e0: 20 67 72 6F 75 70 2D 74 69 74 6C 65 3D 22 53 63     group-title="Sc
000018f0: 69 2D 46 69 20 26 20 48 6F 72 72 6F 72 22 2C 4D    i-Fi & Horror",M
00001900: 79 73 74 65 72 69 65 73 20 58 70 6C 6F 72 65 64    ysteries Xplored
00001910: 0A 68 74 74 70 73 3A 2F 2F 6A 6D 70 32 2E 75 6B    .https://jmp2.uk
00001920: 2F 73 74 76 70 2D 55 53 42 42 35 32 30 30 30 32    /stvp-USBB520002
00001930: 38 4D 4D 0A 23 45 58 54 49 4E 46 3A 2D 31 20 63    8MM.#EXTINF:-1 c
00001940: 68 61 6E 6E 65 6C 2D 69 64 3D 22 55 53 34 35 30    hannel-id="US450
00001950: 30 30 30 34 53 51 22 20 74 76 67 2D 69 64 3D 22    0004SQ" tvg-id="
00001960: 55 53 34 35 30 30 30 30 34 53 51 22 20 74 76 67    US4500004SQ" tvg
00001970: 2D 63 68 6E 6F 3D 22 32 36 38 39 22 20 74 76 67    -chno="2689" tvg
00001980: 2D 6E 61 6D 65 3D 22 4D 79 73 74 65 72 79 20 53    -name="Mystery S
00001990: 63 69 65 6E 63 65 20 54 68 65 61 74 65 72 20 33    cience Theater 3
000019a0: 30 30 30 22 20 74 76 67 2D 6C 6F 67 6F 3D 22 68    000" tvg-logo="h
000019b0: 74 74 70 73 3A 2F 2F 74 76 70 6E 6C 6F 67 6F 70    ttps://tvpnlogop
000019c0: 75 73 2E 73 61 6D 73 75 6E 67 63 6C 6F 75 64 2E    us.samsungcloud.
000019d0: 74 76 2F 70 6C 61 74 66 6F 72 6D 2F 69 6D 61 67    tv/platform/imag
000019e0: 65 2F 73 6F 75 72 63 65 6C 6F 67 6F 2F 76 63 2F    e/sourcelogo/vc/
000019f0: 30 30 2F 30 32 2F 33 34 2F 55 53 34 35 30 30 30    00/02/34/US45000
00001a00: 30 34 53 51 5F 32 30 32 34 31 32 31 30 54 30 31    04SQ_20241210T01
00001a10: 33 39 32 36 53 51 55 41 52 45 2E 70 6E 67 22 20    3926SQUARE.png" 
00001a20: 67 72 6F 75 70 2D 74 69 74 6C 65 3D 22 43 6F 6D    group-title="Com
00001a30: 65 64 79 22 2C 4D 79 73 74 65 72 79 20 53 63 69    edy",Mystery Sci
00001a40: 65 6E 63 65 20 54 68 65 61 74 65 72 20 33 30 30    ence Theater 300
00001a50: 30 0A 68 74 74 70 73 3A 2F 2F 6A 6D 70 32 2E 75    0.https://jmp2.u
00001a60: 6B 2F 73 74 76 70 2D 55 53 34 35 30 30 30 30 34    k/stvp-US4500004
00001a70: 53 51 0A 23 45 58 54 49 4E 46 3A 2D 31 20 63 68    SQ.#EXTINF:-1 ch
00001a80: 61 6E 6E 65 6C 2D 69 64 3D 22 55 53 32 39 30 30    annel-id="US2900
00001a90: 30 30 38 46 50 22 20 74 76 67 2D 69 64 3D 22 55    008FP" tvg-id="U
00001aa0: 53 32 39 30 30 30 30 38 46 50 22 20 74 76 67 2D    S2900008FP" tvg-
00001ab0: 63 68 6E 6F 3D 22 32 36 32 35 22 20 74 76 67 2D    chno="2625" tvg-
00001ac0: 6E 61 6D 65 3D 22 4D 79 74 68 69 63 61 6C 20 32    name="Mythical 2
00001ad0: 34 2F 37 22 20 74 76 67 2D 6C 6F 67 6F 3D 22 68    4/7" tvg-logo="h
00001ae0: 74 74 70 73 3A 2F 2F 74 76 70 6E 6C 6F 67 6F 70    ttps://tvpnlogop
00001af0: 75 73 2E 73 61 6D 73 75 6E 67 63 6C 6F 75 64 2E    us.samsungcloud.
00001b00: 74 76 2F 70 6C 61 74 66 6F 72 6D 2F 69 6D 61 67    tv/platform/imag
00001b10: 65 2F 73 6F 75 72 63 65 6C 6F 67 6F 2F 76 63 2F    e/sourcelogo/vc/
00001b20: 30 30 2F 30 32 2F 33 34 2F 55 53 32 39 30 30 30    00/02/34/US29000
00001b30: 30 38 46 50 5F 32 30 32 35 30 34 32 38 54 32 32    08FP_20250428T22
00001b40: 33 34 32 30 53 51 55 41 52 45 2E 70 6E 67 22 20    3420SQUARE.png" 
00001b50: 67 72 6F 75 70 2D 74 69 74 6C 65 3D 22 43 6F 6D    group-title="Com
00001b60: 65 64 79 22 2C 4D 79 74 68 69 63 61 6C 20 32 34    edy",Mythical 24
00001b70: 2F 37 0A 68 74 74 70 73 3A 2F 2F 6A 6D 70 32 2E    /7.https://jmp2.
00001b80: 75 6B 2F 73 74 76 70 2D 55 53 32 39 30 30 30 30    uk/stvp-US290000
00001b90: 38 46 50 0A 23 45 58 54 49 4E 46 3A 2D 31 20 63    8FP.#EXTINF:-1 c
00001ba0: 68 61 6E 6E 65 6C 2D 69 64 3D 22 55 53 42 43 33    hannel-id="USBC3
00001bb0: 39 30 30 30 31 38 4B 36 22 20 74 76 67 2D 69 64    900018K6" tvg-id
00001bc0: 3D 22 55 53 42 43 33 39 30 30 30 31 38 4B 36 22    ="USBC3900018K6"
00001bd0: 20 74 76 67 2D 63 68 6E 6F 3D 22 31 32 36 35 22     tvg-chno="1265"
00001be0: 20 74 76 67 2D 6E 61 6D 65 3D 22 4D 79 54 69 6D     tvg-name="MyTim
00001bf0: 65 20 4D 6F 76 69 65 20 4E 65 74 77 6F 72 6B 22    e Movie Network"
00001c00: 20 74 76 67 2D 6C 6F 67 6F 3D 22 68 74 74 70 73     tvg-logo="https
00001c10: 3A 2F 2F 74 76 70 6E 6C 6F 67 6F 70 75 73 2E 73    ://tvpnlogopus.s
00001c20: 61 6D 73 75 6E 67 63 6C 6F 75 64 2E 74 76 2F 70    amsungcloud.tv/p
00001c30: 6C 61 74 66 6F 72 6D 2F 69 6D 61 67 65 2F 73 6F    latform/image/so
00001c40: 75 72 63 65 6C 6F 67 6F 2F 76 63 2F 30 30 2F 30    urcelogo/vc/00/0
00001c50: 32 2F 33 34 2F 55 53 42 43 33 39 30 30 30 31 38    2/34/USBC3900018
00001c60: 4B 36 5F 32 30 32 34 30 35 32 30 54 32 32 33 34    K6_20240520T2234
00001c70: 30 30 53 51 55 41 52 45 2E 70 6E 67 22 20 67 72    00SQUARE.png" gr
00001c80: 6F 75 70 2D 74 69 74 6C 65 3D 22 4D 6F 76 69 65    oup-title="Movie
00001c90: 73 22 2C 4D 79 54 69 6D 65 20 4D 6F 76 69 65 20    s",MyTime Movie 
00001ca0: 4E 65 74 77 6F 72 6B 0A 68 74 74 70 73 3A 2F 2F    Network.https://
00001cb0: 6A 6D 70 32 2E 75 6B 2F 73 74 76 70 2D 55 53 42    jmp2.uk/stvp-USB
00001cc0: 43 33 39 30 30 30 31 38 4B 36 0A 23 45 58 54 49    C3900018K6.#EXTI
00001cd0: 4E 46 3A 2D 31 20 63 68 61 6E 6E 65 6C 2D 69 64    NF:-1 channel-id
00001ce0: 3D 22 55 53 32 30 30 30 30 31 34 49 43 22 20 74    ="US2000014IC" t
00001cf0: 76 67 2D 69 64 3D 22 55 53 32 30 30 30 30 31 34    vg-id="US2000014
00001d00: 49 43 22 20 74 76 67 2D 63 68 6E 6F 3D 22 33 32    IC" tvg-chno="32
00001d10: 31 33 22 20 74 76 67 2D 6E 61 6D 65 3D 22 4E 61    13" tvg-name="Na
00001d20: 72 75 74 6F 22 20 74 76 67 2D 6C 6F 67 6F 3D 22    ruto" tvg-logo="
00001d30: 68 74 74 70 73 3A 2F 2F 74 76 70 6E 6C 6F 67 6F    https://tvpnlogo
00001d40: 70 75 73 2E 73 61 6D 73 75 6E 67 63 6C 6F 75 64    pus.samsungcloud
00001d50: 2E 74 76 2F 70 6C 61 74 66 6F 72 6D 2F 69 6D 61    .tv/platform/ima
00001d60: 67 65 2F 73 6F 75 72 63 65 6C 6F 67 6F 2F 76 63    ge/sourcelogo/vc
00001d70: 2F 30 30 2F 30 32 2F 33 34 2F 55 53 32 30 30 30    /00/02/34/US2000
00001d80: 30 31 34 49 43 5F 32 30 32 35 30 37 30 37 54 32    014IC_20250707T2
00001d90: 33 34 34 32 32 53 51 55 41 52 45 2E 70 6E 67 22    34422SQUARE.png"
00001da0: 20 67 72 6F 75 70 2D 74 69 74 6C 65 3D 22 41 6E     group-title="An
00001db0: 69 6D 65 20 26 20 47 61 6D 69 6E 67 22 2C 4E 61    ime & Gaming",Na
00001dc0: 72 75 74 6F 0A 68 74 74 70 73 3A 2F 2F 6A 6D 70    ruto.https://jmp
00001dd0: 32 2E 75 6B 2F 73 74 76 70 2D 55 53 32 30 30 30    2.uk/stvp-US2000
00001de0: 30 31 34 49 43 0A 23 45 58 54 49 4E 46 3A 2D 31    014IC.#EXTINF:-1
00001df0: 20 63 68 61 6E 6E 65 6C 2D 69 64 3D 22 55 53 37     channel-id="US7
00001e00: 30 30 30 32 31 53 4D 22 20 74 76 67 2D 69 64 3D    00021SM" tvg-id=
00001e10: 22 55 53 37 30 30 30 32 31 53 4D 22 20 74 76 67    "US700021SM" tvg
00001e20: 2D 63 68 6E 6F 3D 22 32 35 30 35 22 20 74 76 67    -chno="2505" tvg
00001e30: 2D 6E 61 6D 65 3D 22 4E 41 53 43 41 52 20 43 68    -name="NASCAR Ch
00001e40: 61 6E 6E 65 6C 22 20 74 76 67 2D 6C 6F 67 6F 3D    annel" tvg-logo=
00001e50: 22 68 74 74 70 73 3A 2F 2F 74 76 70 6E 6C 6F 67    "https://tvpnlog
00001e60: 6F 70 75 73 2E 73 61 6D 73 75 6E 67 63 6C 6F 75    opus.samsungclou
00001e70: 64 2E 74 76 2F 70 6C 61 74 66 6F 72 6D 2F 69 6D    d.tv/platform/im
00001e80: 61 67 65 2F 73 6F 75 72 63 65 6C 6F 67 6F 2F 76    age/sourcelogo/v
00001e90: 63 2F 30 30 2F 30 32 2F 33 34 2F 55 53 37 30 30    c/00/02/34/US700
00001ea0: 30 32 31 53 4D 5F 32 30 32 35 30 35 30 35 54 32    021SM_20250505T2
00001eb0: 33 32 37 30 31 53 51 55 41 52 45 2E 70 6E 67 22    32701SQUARE.png"
00001ec0: 20 67 72 6F 75 70 2D 74 69 74 6C 65 3D 22 4D 6F     group-title="Mo
00001ed0: 74 6F 72 20 53 70 6F 72 74 73 22 2C 4E 41 53 43    tor Sports",NASC
00001ee0: 41 52 20 43 68 61 6E 6E 65 6C 0A 68 74 74 70 73    AR Channel.https
00001ef0: 3A 2F 2F 6A 6D 70 32 2E 75 6B 2F 73 74 76 70 2D    ://jmp2.uk/stvp-
00001f00: 55 53 37 30 30 30 32 31 53 4D 0A 23 45 58 54 49    US700021SM.#EXTI
00001f10: 4E 46 3A 2D 31 20 63 68 61 6E 6E 65 6C 2D 69 64    NF:-1 channel-id
00001f20: 3D 22 55 53 31 39 30 30 30 31 34 59 32 22 20 74    ="US1900014Y2" t
00001f30: 76 67 2D 69 64 3D 22 55 53 31 39 30 30 30 31 34    vg-id="US1900014
00001f40: 59 32 22 20 74 76 67 2D 63 68 6E 6F 3D 22 31 35    Y2" tvg-chno="15
00001f50: 39 38 22 20 74 76 67 2D 6E 61 6D 65 3D 22 4E 61    98" tvg-name="Na
00001f60: 73 68 20 42 72 69 64 67 65 73 22 20 74 76 67 2D    sh Bridges" tvg-
00001f70: 6C 6F 67 6F 3D 22 68 74 74 70 73 3A 2F 2F 74 76    logo="https://tv
00001f80: 70 6E 6C 6F 67 6F 70 75 73 2E 73 61 6D 73 75 6E    pnlogopus.samsun
00001f90: 67 63 6C 6F 75 64 2E 74 76 2F 70 6C 61 74 66 6F    gcloud.tv/platfo
00001fa0: 72 6D 2F 69 6D 61 67 65 2F 73 6F 75 72 63 65 6C    rm/image/sourcel
00001fb0: 6F 67 6F 2F 76 63 2F 30 30 2F 30 32 2F 33 34 2F    ogo/vc/00/02/34/
00001fc0: 55 53 31 39 30 30 30 31 34 59 32 5F 32 30 32 35    US1900014Y2_2025
00001fd0: 31 32 30 32 54 30 30 35 39 33 38 53 51 55 41 52    1202T005938SQUAR
00001fe0: 45 2E 70 6E 67 22 20 67 72 6F 75 70 2D 74 69 74    E.png" group-tit
00001ff0: 6C 65 3D 22 41 63 74 69 6F 6E 20 26 20 44 72 61    le="Action & Dra
00002000: 6D 61 22 2C 4E 61 73 68 20 42 72 69 64 67 65 73    ma",Nash Bridges
00002010: 0A 68 74 74 70 73 3A 2F 2F 6A 6D 70 32 2E 75 6B    .https://jmp2.uk
00002020: 2F 73 74 76 70 2D 55 53 31 39 30 30 30 31 34 59    /stvp-US1900014Y
00002030: 32 0A 23 45 58 54 49 4E 46 3A 2D 31 20 63 68 61    2.#EXTINF:-1 cha
00002040: 6E 6E 65 6C 2D 69 64 3D 22 55 53 31 39 30 30 30    nnel-id="US19000
00002050: 30 37 32 54 22 20 74 76 67 2D 69 64 3D 22 55 53    072T" tvg-id="US
00002060: 31 39 30 30 30 30 37 32 54 22 20 74 76 67 2D 63    19000072T" tvg-c
00002070: 68 6E 6F 3D 22 31 35 36 34 22 20 74 76 67 2D 6E    hno="1564" tvg-n
00002080: 61 6D 65 3D 22 4E 61 73 68 76 69 6C 6C 65 22 20    ame="Nashville" 
00002090: 74 76 67 2D 6C 6F 67 6F 3D 22 68 74 74 70 73 3A    tvg-logo="https:
000020a0: 2F 2F 74 76 70 6E 6C 6F 67 6F 70 75 73 2E 73 61    //tvpnlogopus.sa
000020b0: 6D 73 75 6E 67 63 6C 6F 75 64 2E 74 76 2F 70 6C    msungcloud.tv/pl
000020c0: 61 74 66 6F 72 6D 2F 69 6D 61 67 65 2F 73 6F 75    atform/image/sou
000020d0: 72 63 65 6C 6F 67 6F 2F 76 63 2F 30 30 2F 30 32    rcelogo/vc/00/02
000020e0: 2F 33 34 2F 55 53 31 39 30 30 30 30 37 32 54 5F    /34/US19000072T_
000020f0: 32 30 32 35 31 31 31 38 54 30 33 30 36 32 39 53    20251118T030629S
00002100: 51 55 41 52 45 2E 70 6E 67 22 20 67 72 6F 75 70    QUARE.png" group
00002110: 2D 74 69 74 6C 65 3D 22 41 63 74 69 6F 6E 20 26    -title="Action &
00002120: 20 44 72 61 6D 61 22 2C 4E 61 73 68 76 69 6C 6C     Drama",Nashvill
00002130: 65 0A 68 74 74 70 73 3A 2F 2F 6A 6D 70 32 2E 75    e.https://jmp2.u
00002140: 6B 2F 73 74 76 70 2D 55 53 31 39 30 30 30 30 37    k/stvp-US1900007
00002150: 32 54 0A 23 45 58 54 49 4E 46 3A 2D 31 20 63 68    2T.#EXTINF:-1 ch
00002160: 61 6E 6E 65 6C 2D 69 64 3D 22 55 53 31 38 30 30    annel-id="US1800
00002170: 30 31 35 4B 35 22 20 74 76 67 2D 69 64 3D 22 55    015K5" tvg-id="U
00002180: 53 31 38 30 30 30 31 35 4B 35 22 20 74 76 67 2D    S1800015K5" tvg-
00002190: 63 68 6E 6F 3D 22 32 36 33 35 22 20 74 76 67 2D    chno="2635" tvg-
000021a0: 6E 61 6D 65 3D 22 4E 61 74 69 6F 6E 61 6C 20 4C    name="National L
000021b0: 61 6D 70 6F 6F 6E 22 20 74 76 67 2D 6C 6F 67 6F    ampoon" tvg-logo
000021c0: 3D 22 68 74 74 70 73 3A 2F 2F 74 76 70 6E 6C 6F    ="https://tvpnlo
000021d0: 67 6F 70 75 73 2E 73 61 6D 73 75 6E 67 63 6C 6F    gopus.samsungclo
000021e0: 75 64 2E 74 76 2F 70 6C 61 74 66 6F 72 6D 2F 69    ud.tv/platform/i
000021f0: 6D 61 67 65 2F 73 6F 75 72 63 65 6C 6F 67 6F 2F    mage/sourcelogo/
00002200: 76 63 2F 30 30 2F 30 32 2F 33 34 2F 55 53 31 38    vc/00/02/34/US18
00002210: 30 30 30 31 35 4B 35 5F 32 30 32 34 30 37 30 39    00015K5_20240709
00002220: 54 30 30 32 32 30 37 53 51 55 41 52 45 2E 70 6E    T002207SQUARE.pn
00002230: 67 22 20 67 72 6F 75 70 2D 74 69 74 6C 65 3D 22    g" group-title="
00002240: 43 6F 6D 65 64 79 22 2C 4E 61 74 69 6F 6E 61 6C    Comedy",National
00002250: 20 4C 61 6D 70 6F 6F 6E 0A 68 74 74 70 73 3A 2F     Lampoon.https:/
00002260: 2F 6A 6D 70 32 2E 75 6B 2F 73 74 76 70 2D 55 53    /jmp2.uk/stvp-US
00002270: 31 38 30 30 30 31 35 4B 35 0A 23 45 58 54 49 4E    1800015K5.#EXTIN
00002280: 46 3A 2D 31 20 63 68 61 6E 6E 65 6C 2D 69 64 3D    F:-1 channel-id=
00002290: 22 55 53 42 42 34 30 30 30 30 30 32 38 45 22 20    "USBB40000028E" 
000022a0: 74 76 67 2D 69 64 3D 22 55 53 42 42 34 30 30 30    tvg-id="USBB4000
000022b0: 30 30 32 38 45 22 20 74 76 67 2D 63 68 6E 6F 3D    0028E" tvg-chno=
000022c0: 22 32 30 33 32 22 20 74 76 67 2D 6E 61 6D 65 3D    "2032" tvg-name=
000022d0: 22 4E 42 43 20 4C 58 20 48 6F 6D 65 22 20 74 76    "NBC LX Home" tv
000022e0: 67 2D 6C 6F 67 6F 3D 22 68 74 74 70 73 3A 2F 2F    g-logo="https://
000022f0: 74 76 70 6E 6C 6F 67 6F 70 75 73 2E 73 61 6D 73    tvpnlogopus.sams
00002300: 75 6E 67 63 6C 6F 75 64 2E 74 76 2F 70 6C 61 74    ungcloud.tv/plat
00002310: 66 6F 72 6D 2F 69 6D 61 67 65 2F 73 6F 75 72 63    form/image/sourc
00002320: 65 6C 6F 67 6F 2F 76 63 2F 30 30 2F 30 32 2F 33    elogo/vc/00/02/3
00002330: 34 2F 55 53 42 42 34 30 30 30 30 30 32 38 45 5F    4/USBB40000028E_
00002340: 32 30 32 35 30 33 32 35 54 30 31 34 39 32 39 53    20250325T014929S
00002350: 51 55 41 52 45 2E 70 6E 67 22 20 67 72 6F 75 70    QUARE.png" group
00002360: 2D 74 69 74 6C 65 3D 22 48 6F 6D 65 20 26 20 46    -title="Home & F
00002370: 6F 6F 64 22 2C 4E 42 43 20 4C 58 20 48 6F 6D 65    ood",NBC LX Home
00002380: 0A 68 74 74 70 73 3A 2F 2F 6A 6D 70 32 2E 75 6B    .https://jmp2.uk
00002390: 2F 73 74 76 70 2D 55 53 42 42 34 30 30 30 30 30    /stvp-USBB400000
000023a0: 32 38 45 0A 23 45 58 54 49 4E 46 3A 2D 31 20 63    28E.#EXTINF:-1 c
000023b0: 68 61 6E 6E 65 6C 2D 69 64 3D 22 55 53 42 42 32    hannel-id="USBB2
000023c0: 32 30 30 30 31 34 44 4B 22 20 74 76 67 2D 69 64    200014DK" tvg-id
000023d0: 3D 22 55 53 42 42 32 32 30 30 30 31 34 44 4B 22    ="USBB2200014DK"
000023e0: 20 74 76 67 2D 63 68 6E 6F 3D 22 31 31 31 34 22     tvg-chno="1114"
000023f0: 20 74 76 67 2D 6E 61 6D 65 3D 22 4E 42 43 20 4E     tvg-name="NBC N
00002400: 65 77 73 20 4E 4F 57 22 20 74 76 67 2D 6C 6F 67    ews NOW" tvg-log
00002410: 6F 3D 22 68 74 74 70 73 3A 2F 2F 74 76 70 6E 6C    o="https://tvpnl
00002420: 6F 67 6F 70 75 73 2E 73 61 6D 73 75 6E 67 63 6C    ogopus.samsungcl
00002430: 6F 75 64 2E 74 76 2F 70 6C 61 74 66 6F 72 6D 2F    oud.tv/platform/
00002440: 69 6D 61 67 65 2F 73 6F 75 72 63 65 6C 6F 67 6F    image/sourcelogo
00002450: 2F 76 63 2F 30 30 2F 30 32 2F 33 34 2F 55 53 42    /vc/00/02/34/USB
00002460: 42 32 32 30 30 30 31 34 44 4B 5F 32 30 32 34 31    B2200014DK_20241
00002470: 30 33 31 54 31 35 30 31 33 32 53 51 55 41 52 45    031T150132SQUARE
00002480: 2E 70 6E 67 22 20 67 72 6F 75 70 2D 74 69 74 6C    .png" group-titl
00002490: 65 3D 22 4E 65 77 73 20 26 20 4F 70 69 6E 69 6F    e="News & Opinio
000024a0: 6E 22 2C 4E 42 43 20 4E 65 77 73 20 4E 4F 57 0A    n",NBC News NOW.
000024b0: 68 74 74 70 73 3A 2F 2F 6A 6D 70 32 2E 75 6B 2F    https://jmp2.uk/
000024c0: 73 74 76 70 2D 55 53 42 42 32 32 30 30 30 31 34    stvp-USBB2200014
000024d0: 44 4B 0A 23 45 58 54 49 4E 46 3A 2D 31 20 63 68    DK.#EXTINF:-1 ch
000024e0: 61 6E 6E 65 6C 2D 69 64 3D 22 55 53 42 44 34 32    annel-id="USBD42
000024f0: 30 30 30 32 34 34 36 22 20 74 76 67 2D 69 64 3D    0002446" tvg-id=
00002500: 22 55 53 42 44 34 32 30 30 30 32 34 34 36 22 20    "USBD420002446" 
00002510: 74 76 67 2D 63 68 6E 6F 3D 22 32 33 33 38 22 20    tvg-chno="2338" 
00002520: 74 76 67 2D 6E 61 6D 65 3D 22 4E 42 43 20 53 70    tvg-name="NBC Sp
00002530: 6F 72 74 73 20 4E 4F 57 22 20 74 76 67 2D 6C 6F    orts NOW" tvg-lo
00002540: 67 6F 3D 22 68 74 74 70 73 3A 2F 2F 74 76 70 6E    go="https://tvpn
00002550: 6C 6F 67 6F 70 75 73 2E 73 61 6D 73 75 6E 67 63    logopus.samsungc
00002560: 6C 6F 75 64 2E 74 76 2F 70 6C 61 74 66 6F 72 6D    loud.tv/platform
00002570: 2F 69 6D 61 67 65 2F 73 6F 75 72 63 65 6C 6F 67    /image/sourcelog
00002580: 6F 2F 76 63 2F 30 30 2F 30 32 2F 33 34 2F 55 53    o/vc/00/02/34/US
00002590: 42 44 34 32 30 30 30 32 34 34 36 5F 32 30 32 35    BD420002446_2025
000025a0: 30 37 32 39 54 30 31 30 34 34 37 53 51 55 41 52    0729T010447SQUAR
000025b0: 45 2E 70 6E 67 22 20 67 72 6F 75 70 2D 74 69 74    E.png" group-tit
000025c0: 6C 65 3D 22 53 70 6F 72 74 73 20 26 20 4F 75 74    le="Sports & Out
000025d0: 64 6F 6F 72 73 22 2C 4E 42 43 20 53 70 6F 72 74    doors",NBC Sport
000025e0: 73 20 4E 4F 57 0A 68 74 74 70 73 3A 2F 2F 6A 6D    s NOW.https://jm
000025f0: 70 32 2E 75 6B 2F 73 74 76 70 2D 55 53 42 44 34    p2.uk/stvp-USBD4
00002600: 32 30 30 30 32 34 34 36 0A 23 45 58 54 49 4E 46    20002446.#EXTINF
00002610: 3A 2D 31 20 63 68 61 6E 6E 65 6C 2D 69 64 3D 22    :-1 channel-id="
00002620: 55 53 33 30 30 30 36 32 54 47 22 20 74 76 67 2D    US300062TG" tvg-
00002630: 69 64 3D 22 55 53 33 30 30 30 36 32 54 47 22 20    id="US300062TG" 
00002640: 74 76 67 2D 63 68 6E 6F 3D 22 32 33 32 37 22 20    tvg-chno="2327" 
00002650: 74 76 67 2D 6E 61 6D 65 3D 22 4E 45 53 4E 20 4E    tvg-name="NESN N
00002660: 61 74 69 6F 6E 22 20 74 76 67 2D 6C 6F 67 6F 3D    ation" tvg-logo=
00002670: 22 68 74 74 70 73 3A 2F 2F 74 76 70 6E 6C 6F 67    "https://tvpnlog
00002680: 6F 70 75 73 2E 73 61 6D 73 75 6E 67 63 6C 6F 75    opus.samsungclou
00002690: 64 2E 74 76 2F 70 6C 61 74 66 6F 72 6D 2F 69 6D    d.tv/platform/im
000026a0: 61 67 65 2F 73 6F 75 72 63 65 6C 6F 67 6F 2F 76    age/sourcelogo/v
000026b0: 63 2F 30 30 2F 30 32 2F 33 34 2F 55 53 33 30 30    c/00/02/34/US300
000026c0: 30 36 32 54 47 5F 32 30 32 35 30 33 30 34 54 30    062TG_20250304T0
000026d0: 34 31 35 31 37 53 51 55 41 52 45 2E 70 6E 67 22    41517SQUARE.png"
000026e0: 20 67 72 6F 75 70 2D 74 69 74 6C 65 3D 22 53 70     group-title="Sp
000026f0: 6F 72 74 73 20 26 20 4F 75 74 64 6F 6F 72 73 22    orts & Outdoors"
00002700: 2C 4E 45 53 4E 20 4E 61 74 69 6F 6E 0A 68 74 74    ,NESN Nation.htt
00002710: 70 73 3A 2F 2F 6A 6D 70 32 2E 75 6B 2F 73 74 76    ps://jmp2.uk/stv
00002720: 70 2D 55 53 33 30 30 30 36 32 54 47 0A 23 45 58    p-US300062TG.#EX
00002730: 54 49 4E 46 3A 2D 31 20 63 68 61 6E 6E 65 6C 2D    TINF:-1 channel-
00002740: 69 64 3D 22 55 53 41 4A 33 30 30 30 30 31 32 32    id="USAJ30000122
00002750: 4F 22 20 74 76 67 2D 69 64 3D 22 55 53 41 4A 33    O" tvg-id="USAJ3
00002760: 30 30 30 30 31 32 32 4F 22 20 74 76 67 2D 63 68    0000122O" tvg-ch
00002770: 6E 6F 3D 22 31 32 37 35 22 20 74 76 67 2D 6E 61    no="1275" tvg-na
00002780: 6D 65 3D 22 4E 45 57 20 4B 4D 4F 56 49 45 53 22    me="NEW KMOVIES"
00002790: 20 74 76 67 2D 6C 6F 67 6F 3D 22 68 74 74 70 73     tvg-logo="https
000027a0: 3A 2F 2F 74 76 70 6E 6C 6F 67 6F 70 75 73 2E 73    ://tvpnlogopus.s
000027b0: 61 6D 73 75 6E 67 63 6C 6F 75 64 2E 74 76 2F 70    amsungcloud.tv/p
000027c0: 6C 61 74 66 6F 72 6D 2F 69 6D 61 67 65 2F 73 6F    latform/image/so
000027d0: 75 72 63 65 6C 6F 67 6F 2F 76 63 2F 30 30 2F 30    urcelogo/vc/00/0
000027e0: 32 2F 33 34 2F 55 53 41 4A 33 30 30 30 30 31 32    2/34/USAJ3000012
000027f0: 32 4F 5F 32 30 32 35 31 30 31 34 54 32 33 30 31    2O_20251014T2301
00002800: 31 34 53 51 55 41 52 45 2E 70 6E 67 22 20 67 72    14SQUARE.png" gr
00002810: 6F 75 70 2D 74 69 74 6C 65 3D 22 4D 6F 76 69 65    oup-title="Movie
00002820: 73 22 2C 4E 45 57 20 4B 4D 4F 56 49 45 53 0A 68    s",NEW KMOVIES.h
00002830: 74 74 70 73 3A 2F 2F 6A 6D 70 32 2E 75 6B 2F 73    ttps://jmp2.uk/s
00002840: 74 76 70 2D 55 53 41 4A 33 30 30 30 30 31 32 32    tvp-USAJ30000122
00002850: 4F 0A 23 45 58 54 49 4E 46 3A 2D 31 20 63 68 61    O.#EXTINF:-1 cha
00002860: 6E 6E 65 6C 2D 69 64 3D 22 55 53 41 4A 33 30 30    nnel-id="USAJ300
00002870: 30 30 31 33 46 4A 22 20 74 76 67 2D 69 64 3D 22    0013FJ" tvg-id="
00002880: 55 53 41 4A 33 30 30 30 30 31 33 46 4A 22 20 74    USAJ3000013FJ" t
00002890: 76 67 2D 63 68 6E 6F 3D 22 34 34 35 31 22 20 74    vg-chno="4451" t
000028a0: 76 67 2D 6E 61 6D 65 3D 22 4E 45 57 20 4B 50 4F    vg-name="NEW KPO
000028b0: 50 22 20 74 76 67 2D 6C 6F 67 6F 3D 22 68 74 74    P" tvg-logo="htt
000028c0: 70 73 3A 2F 2F 74 76 70 6E 6C 6F 67 6F 70 75 73    ps://tvpnlogopus
000028d0: 2E 73 61 6D 73 75 6E 67 63 6C 6F 75 64 2E 74 76    .samsungcloud.tv
000028e0: 2F 70 6C 61 74 66 6F 72 6D 2F 69 6D 61 67 65 2F    /platform/image/
000028f0: 73 6F 75 72 63 65 6C 6F 67 6F 2F 76 63 2F 30 30    sourcelogo/vc/00
00002900: 2F 30 32 2F 33 34 2F 55 53 41 4A 33 30 30 30 30    /02/34/USAJ30000
00002910: 31 33 46 4A 5F 32 30 32 35 31 30 31 34 54 32 33    13FJ_20251014T23
00002920: 30 31 31 37 53 51 55 41 52 45 2E 70 6E 67 22 20    0117SQUARE.png" 
00002930: 67 72 6F 75 70 2D 74 69 74 6C 65 3D 22 4D 75 73    group-title="Mus
00002940: 69 63 22 2C 4E 45 57 20 4B 50 4F 50 0A 68 74 74    ic",NEW KPOP.htt
00002950: 70 73 3A 2F 2F 6A 6D 70 32 2E 75 6B 2F 73 74 76    ps://jmp2.uk/stv
00002960: 70 2D 55 53 41 4A 33 30 30 30 30 31 33 46 4A 0A    p-USAJ3000013FJ.
00002970: 23 45 58 54 49 4E 46 3A 2D 31 20 63 68 61 6E 6E    #EXTINF:-1 chann
00002980: 65 6C 2D 69 64 3D 22 55 53 42 41 33 30 30 30 32    el-id="USBA30002
00002990: 38 51 55 22 20 74 76 67 2D 69 64 3D 22 55 53 42    8QU" tvg-id="USB
000029a0: 41 33 30 30 30 32 38 51 55 22 20 74 76 67 2D 63    A300028QU" tvg-c
000029b0: 68 6E 6F 3D 22 31 31 37 30 22 20 74 76 67 2D 6E    hno="1170" tvg-n
000029c0: 61 6D 65 3D 22 4E 45 57 53 4D 41 58 32 22 20 74    ame="NEWSMAX2" t
000029d0: 76 67 2D 6C 6F 67 6F 3D 22 68 74 74 70 73 3A 2F    vg-logo="https:/
000029e0: 2F 74 76 70 6E 6C 6F 67 6F 70 75 73 2E 73 61 6D    /tvpnlogopus.sam
000029f0: 73 75 6E 67 63 6C 6F 75 64 2E 74 76 2F 70 6C 61    sungcloud.tv/pla
00002a00: 74 66 6F 72 6D 2F 69 6D 61 67 65 2F 73 6F 75 72    tform/image/sour
00002a10: 63 65 6C 6F 67 6F 2F 76 63 2F 30 30 2F 30 32 2F    celogo/vc/00/02/
00002a20: 33 34 2F 55 53 42 41 33 30 30 30 32 38 51 55 5F    34/USBA300028QU_
00002a30: 32 30 32 35 31 32 30 39 54 32 33 30 32 30 38 53    20251209T230208S
00002a40: 51 55 41 52 45 2E 70 6E 67 22 20 67 72 6F 75 70    QUARE.png" group
00002a50: 2D 74 69 74 6C 65 3D 22 4E 65 77 73 20 26 20 4F    -title="News & O
00002a60: 70 69 6E 69 6F 6E 22 2C 4E 45 57 53 4D 41 58 32    pinion",NEWSMAX2
00002a70: 0A 68 74 74 70 73 3A 2F 2F 6A 6D 70 32 2E 75 6B    .https://jmp2.uk
00002a80: 2F 73 74 76 70 2D 55 53 42 41 33 30 30 30 32 38    /stvp-USBA300028
00002a90: 51 55 0A 23 45 58 54 49 4E 46 3A 2D 31 20 63 68    QU.#EXTINF:-1 ch
00002aa0: 61 6E 6E 65 6C 2D 69 64 3D 22 55 53 32 36 30 30    annel-id="US2600
00002ab0: 30 30 37 57 4A 22 20 74 76 67 2D 69 64 3D 22 55    007WJ" tvg-id="U
00002ac0: 53 32 36 30 30 30 30 37 57 4A 22 20 74 76 67 2D    S2600007WJ" tvg-
00002ad0: 63 68 6E 6F 3D 22 32 33 31 30 22 20 74 76 67 2D    chno="2310" tvg-
00002ae0: 6E 61 6D 65 3D 22 4E 46 4C 20 43 68 61 6E 6E 65    name="NFL Channe
00002af0: 6C 22 20 74 76 67 2D 6C 6F 67 6F 3D 22 68 74 74    l" tvg-logo="htt
00002b00: 70 73 3A 2F 2F 74 76 70 6E 6C 6F 67 6F 70 75 73    ps://tvpnlogopus
00002b10: 2E 73 61 6D 73 75 6E 67 63 6C 6F 75 64 2E 74 76    .samsungcloud.tv
00002b20: 2F 70 6C 61 74 66 6F 72 6D 2F 69 6D 61 67 65 2F    /platform/image/
00002b30: 73 6F 75 72 63 65 6C 6F 67 6F 2F 76 63 2F 30 30    sourcelogo/vc/00
00002b40: 2F 30 32 2F 33 34 2F 55 53 32 36 30 30 30 30 37    /02/34/US2600007
00002b50: 57 4A 5F 32 30 32 35 31 31 31 30 54 32 33 35 31    WJ_20251110T2351
00002b60: 31 36 53 51 55 41 52 45 2E 70 6E 67 22 20 67 72    16SQUARE.png" gr
00002b70: 6F 75 70 2D 74 69 74 6C 65 3D 22 53 70 6F 72 74    oup-title="Sport
00002b80: 73 20 26 20 4F 75 74 64 6F 6F 72 73 22 2C 4E 46    s & Outdoors",NF
00002b90: 4C 20 43 68 61 6E 6E 65 6C 0A 68 74 74 70 73 3A    L Channel.https:
00002ba0: 2F 2F 6A 6D 70 32 2E 75 6B 2F 73 74 76 70 2D 55    //jmp2.uk/stvp-U
00002bb0: 53 32 36 30 30 30 30 37 57 4A 0A 23 45 58 54 49    S2600007WJ.#EXTI
00002bc0: 4E 46 3A 2D 31 20 63 68 61 6E 6E 65 6C 2D 69 64    NF:-1 channel-id
00002bd0: 3D 22 55 53 42 43 33 32 30 30 30 31 39 57 46 22    ="USBC3200019WF"
00002be0: 20 74 76 67 2D 69 64 3D 22 55 53 42 43 33 32 30     tvg-id="USBC320
00002bf0: 30 30 31 39 57 46 22 20 74 76 67 2D 63 68 6E 6F    0019WF" tvg-chno
00002c00: 3D 22 32 35 34 30 22 20 74 76 67 2D 6E 61 6D 65    ="2540" tvg-name
00002c10: 3D 22 4E 48 52 41 20 54 56 22 20 74 76 67 2D 6C    ="NHRA TV" tvg-l
00002c20: 6F 67 6F 3D 22 68 74 74 70 73 3A 2F 2F 74 76 70    ogo="https://tvp
00002c30: 6E 6C 6F 67 6F 70 75 73 2E 73 61 6D 73 75 6E 67    nlogopus.samsung
00002c40: 63 6C 6F 75 64 2E 74 76 2F 70 6C 61 74 66 6F 72    cloud.tv/platfor
00002c50: 6D 2F 69 6D 61 67 65 2F 73 6F 75 72 63 65 6C 6F    m/image/sourcelo
00002c60: 67 6F 2F 76 63 2F 30 30 2F 30 32 2F 33 34 2F 55    go/vc/00/02/34/U
00002c70: 53 42 43 33 32 30 30 30 31 39 57 46 5F 32 30 32    SBC3200019WF_202
00002c80: 34 30 35 32 38 54 30 32 30 37 32 32 53 51 55 41    40528T020722SQUA
00002c90: 52 45 2E 70 6E 67 22 20 67 72 6F 75 70 2D 74 69    RE.png" group-ti
00002ca0: 74 6C 65 3D 22 4D 6F 74 6F 72 20 53 70 6F 72 74    tle="Motor Sport
00002cb0: 73 22 2C 4E 48 52 41 20 54 56 0A 68 74 74 70 73    s",NHRA TV.https
00002cc0: 3A 2F 2F 6A 6D 70 32 2E 75 6B 2F 73 74 76 70 2D    ://jmp2.uk/stvp-
00002cd0: 55 53 42 43 33 32 30 30 30 31 39 57 46 0A 23 45    USBC3200019WF.#E
00002ce0: 58 54 49 4E 46 3A 2D 31 20 63 68 61 6E 6E 65 6C    XTINF:-1 channel
00002cf0: 2D 69 64 3D 22 55 53 42 41 33 30 30 30 31 35 38    -id="USBA3000158
00002d00: 4C 22 20 74 76 67 2D 69 64 3D 22 55 53 42 41 33    L" tvg-id="USBA3
00002d10: 30 30 30 31 35 38 4C 22 20 74 76 67 2D 63 68 6E    000158L" tvg-chn
00002d20: 6F 3D 22 33 36 31 30 22 20 74 76 67 2D 6E 61 6D    o="3610" tvg-nam
00002d30: 65 3D 22 4E 69 63 6B 20 50 6C 75 74 6F 20 54 56    e="Nick Pluto TV
00002d40: 22 20 74 76 67 2D 6C 6F 67 6F 3D 22 68 74 74 70    " tvg-logo="http
00002d50: 73 3A 2F 2F 74 76 70 6E 6C 6F 67 6F 70 75 73 2E    s://tvpnlogopus.
00002d60: 73 61 6D 73 75 6E 67 63 6C 6F 75 64 2E 74 76 2F    samsungcloud.tv/
00002d70: 70 6C 61 74 66 6F 72 6D 2F 69 6D 61 67 65 2F 73    platform/image/s
00002d80: 6F 75 72 63 65 6C 6F 67 6F 2F 76 63 2F 30 30 2F    ourcelogo/vc/00/
00002d90: 30 32 2F 33 34 2F 55 53 42 41 33 30 30 30 31 35    02/34/USBA300015
00002da0: 38 4C 5F 32 30 32 34 31 31 31 32 54 30 30 30 37    8L_20241112T0007
00002db0: 30 38 53 51 55 41 52 45 2E 70 6E 67 22 20 67 72    08SQUARE.png" gr
00002dc0: 6F 75 70 2D 74 69 74 6C 65 3D 22 4B 69 64 73 22    oup-title="Kids"
00002dd0: 2C 4E 69 63 6B 20 50 6C 75 74 6F 20 54 56 0A 68    ,Nick Pluto TV.h
00002de0: 74 74 70 73 3A 2F 2F 6A 6D 70 32 2E 75 6B 2F 73    ttps://jmp2.uk/s
00002df0: 74 76 70 2D 55 53 42 41 33 30 30 30 31 35 38 4C    tvp-USBA3000158L
00002e00: 0A 23 45 58 54 49 4E 46 3A 2D 31 20 63 68 61 6E    .#EXTINF:-1 chan
00002e10: 6E 65 6C 2D 69 64 3D 22 55 53 32 32 30 30 30 30    nel-id="US220000
00002e20: 37 51 47 22 20 74 76 67 2D 69 64 3D 22 55 53 32    7QG" tvg-id="US2
00002e30: 32 30 30 30 30 37 51 47 22 20 74 76 67 2D 63 68    200007QG" tvg-ch
00002e40: 6E 6F 3D 22 33 37 30 34 22 20 74 76 67 2D 6E 61    no="3704" tvg-na
00002e50: 6D 65 3D 22 4E 69 6E 6A 61 20 4B 69 64 7A 22 20    me="Ninja Kidz" 
00002e60: 74 76 67 2D 6C 6F 67 6F 3D 22 68 74 74 70 73 3A    tvg-logo="https:
00002e70: 2F 2F 74 76 70 6E 6C 6F 67 6F 70 75 73 2E 73 61    //tvpnlogopus.sa
00002e80: 6D 73 75 6E 67 63 6C 6F 75 64 2E 74 76 2F 70 6C    msungcloud.tv/pl
00002e90: 61 74 66 6F 72 6D 2F 69 6D 61 67 65 2F 73 6F 75    atform/image/sou
00002ea0: 72 63 65 6C 6F 67 6F 2F 76 63 2F 30 30 2F 30 32    rcelogo/vc/00/02
00002eb0: 2F 33 34 2F 55 53 32 32 30 30 30 30 37 51 47 5F    /34/US2200007QG_
00002ec0: 32 30 32 34 30 39 32 34 54 30 31 31 30 30 35 53    20240924T011005S
00002ed0: 51 55 41 52 45 2E 70 6E 67 22 20 67 72 6F 75 70    QUARE.png" group
00002ee0: 2D 74 69 74 6C 65 3D 22 4B 69 64 73 22 2C 4E 69    -title="Kids",Ni
00002ef0: 6E 6A 61 20 4B 69 64 7A 0A 68 74 74 70 73 3A 2F    nja Kidz.https:/
00002f00: 2F 6A 6D 70 32 2E 75 6B 2F 73 74 76 70 2D 55 53    /jmp2.uk/stvp-US
00002f10: 32 32 30 30 30 30 37 51 47 0A 23 45 58 54 49 4E    2200007QG.#EXTIN
00002f20: 46 3A 2D 31 20 63 68 61 6E 6E 65 6C 2D 69 64 3D    F:-1 channel-id=
00002f30: 22 55 53 41 4A 33 34 30 30 30 30 32 32 45 22 20    "USAJ34000022E" 
00002f40: 74 76 67 2D 69 64 3D 22 55 53 41 4A 33 34 30 30    tvg-id="USAJ3400
00002f50: 30 30 32 32 45 22 20 74 76 67 2D 63 68 6E 6F 3D    0022E" tvg-chno=
00002f60: 22 32 39 33 30 22 20 74 76 67 2D 6E 61 6D 65 3D    "2930" tvg-name=
00002f70: 22 4E 6F 73 65 79 22 20 74 76 67 2D 6C 6F 67 6F    "Nosey" tvg-logo
00002f80: 3D 22 68 74 74 70 73 3A 2F 2F 74 76 70 6E 6C 6F    ="https://tvpnlo
00002f90: 67 6F 70 75 73 2E 73 61 6D 73 75 6E 67 63 6C 6F    gopus.samsungclo
00002fa0: 75 64 2E 74 76 2F 70 6C 61 74 66 6F 72 6D 2F 69    ud.tv/platform/i
00002fb0: 6D 61 67 65 2F 73 6F 75 72 63 65 6C 6F 67 6F 2F    mage/sourcelogo/
00002fc0: 76 63 2F 30 30 2F 30 32 2F 33 34 2F 55 53 41 4A    vc/00/02/34/USAJ
00002fd0: 33 34 30 30 30 30 32 32 45 5F 32 30 32 35 30 36    34000022E_202506
00002fe0: 31 30 54 32 33 31 38 30 37 53 51 55 41 52 45 2E    10T231807SQUARE.
00002ff0: 70 6E 67 22 20 67 72 6F 75 70 2D 74 69 74 6C 65    png" group-title
00003000: 3D 22 4C 69 66 65 73 74 79 6C 65 20 26 20 50 6F    ="Lifestyle & Po
00003010: 70 20 43 75 6C 74 75 72 65 22 2C 4E 6F 73 65 79    p Culture",Nosey
00003020: 0A 68 74 74 70 73 3A 2F 2F 6A 6D 70 32 2E 75 6B    .https://jmp2.uk
00003030: 2F 73 74 76 70 2D 55 53 41 4A 33 34 30 30 30 30    /stvp-USAJ340000
00003040: 32 32 45 0A 23 45 58 54 49 4E 46 3A 2D 31 20 63    22E.#EXTINF:-1 c
00003050: 68 61 6E 6E 65 6C 2D 69 64 3D 22 55 53 33 30 30    hannel-id="US300
00003060: 30 30 30 35 52 53 22 20 74 76 67 2D 69 64 3D 22    0005RS" tvg-id="
00003070: 55 53 33 30 30 30 30 30 35 52 53 22 20 74 76 67    US3000005RS" tvg
00003080: 2D 63 68 6E 6F 3D 22 33 38 35 32 22 20 74 76 67    -chno="3852" tvg
00003090: 2D 6E 61 6D 65 3D 22 4E 6F 74 69 63 69 61 73 20    -name="Noticias 
000030a0: 54 65 6C 65 6D 75 6E 64 6F 20 41 68 6F 72 61 22    Telemundo Ahora"
000030b0: 20 74 76 67 2D 6C 6F 67 6F 3D 22 68 74 74 70 73     tvg-logo="https
000030c0: 3A 2F 2F 74 76 70 6E 6C 6F 67 6F 70 75 73 2E 73    ://tvpnlogopus.s
000030d0: 61 6D 73 75 6E 67 63 6C 6F 75 64 2E 74 76 2F 70    amsungcloud.tv/p
000030e0: 6C 61 74 66 6F 72 6D 2F 69 6D 61 67 65 2F 73 6F    latform/image/so
000030f0: 75 72 63 65 6C 6F 67 6F 2F 76 63 2F 30 30 2F 30    urcelogo/vc/00/0
00003100: 32 2F 33 34 2F 55 53 33 30 30 30 30 30 35 52 53    2/34/US3000005RS
00003110: 5F 32 30 32 34 31 30 31 34 54 32 33 32 32 35 38    _20241014T232258
00003120: 53 51 55 41 52 45 2E 70 6E 67 22 20 67 72 6F 75    SQUARE.png" grou
00003130: 70 2D 74 69 74 6C 65 3D 22 4C 61 74 69 6E 6F 22    p-title="Latino"
00003140: 2C 4E 6F 74 69 63 69 61 73 20 54 65 6C 65 6D 75    ,Noticias Telemu
00003150: 6E 64 6F 20 41 68 6F 72 61 0A 68 74 74 70 73 3A    ndo Ahora.https:
00003160: 2F 2F 6A 6D 70 32 2E 75 6B 2F 73 74 76 70 2D 55    //jmp2.uk/stvp-U
00003170: 53 33 30 30 30 30 30 35 52 53 0A 23 45 58 54 49    S3000005RS.#EXTI
00003180: 4E 46 3A 2D 31 20 63 68 61 6E 6E 65 6C 2D 69 64    NF:-1 channel-id
00003190: 3D 22 55 53 42 44 31 37 30 30 30 31 34 51 55 22    ="USBD1700014QU"
000031a0: 20 74 76 67 2D 69 64 3D 22 55 53 42 44 31 37 30     tvg-id="USBD170
000031b0: 30 30 31 34 51 55 22 20 74 76 67 2D 63 68 6E 6F    0014QU" tvg-chno
000031c0: 3D 22 33 39 38 37 22 20 74 76 67 2D 6E 61 6D 65    ="3987" tvg-name
000031d0: 3D 22 4E 6F 74 69 63 69 61 73 20 55 6E 69 76 69    ="Noticias Univi
000031e0: 73 69 6F 6E 20 32 34 2F 37 22 20 74 76 67 2D 6C    sion 24/7" tvg-l
000031f0: 6F 67 6F 3D 22 68 74 74 70 73 3A 2F 2F 74 76 70    ogo="https://tvp
00003200: 6E 6C 6F 67 6F 70 75 73 2E 73 61 6D 73 75 6E 67    nlogopus.samsung
00003210: 63 6C 6F 75 64 2E 74 76 2F 70 6C 61 74 66 6F 72    cloud.tv/platfor
00003220: 6D 2F 69 6D 61 67 65 2F 73 6F 75 72 63 65 6C 6F    m/image/sourcelo
00003230: 67 6F 2F 76 63 2F 30 30 2F 30 32 2F 33 34 2F 55    go/vc/00/02/34/U
00003240: 53 42 44 31 37 30 30 30 31 34 51 55 5F 32 30 32    SBD1700014QU_202
00003250: 34 31 32 32 38 54 30 31 31 35 32 39 53 51 55 41    41228T011529SQUA
00003260: 52 45 2E 70 6E 67 22 20 67 72 6F 75 70 2D 74 69    RE.png" group-ti
00003270: 74 6C 65 3D 22 4C 61 74 69 6E 6F 22 2C 4E 6F 74    tle="Latino",Not
00003280: 69 63 69 61 73 20 55 6E 69 76 69 73 69 6F 6E 20    icias Univision 
00003290: 32 34 2F 37 0A 68 74 74 70 73 3A 2F 2F 6A 6D 70    24/7.https://jmp
000032a0: 32 2E 75 6B 2F 73 74 76 70 2D 55 53 42 44 31 37    2.uk/stvp-USBD17
000032b0: 30 30 30 31 34 51 55 0A 23 45 58 54 49 4E 46 3A    00014QU.#EXTINF:
000032c0: 2D 31 20 63 68 61 6E 6E 65 6C 2D 69 64 3D 22 55    -1 channel-id="U
000032d0: 53 32 37 30 30 30 30 33 33 44 22 20 74 76 67 2D    S27000033D" tvg-
000032e0: 69 64 3D 22 55 53 32 37 30 30 30 30 33 33 44 22    id="US27000033D"
000032f0: 20 74 76 67 2D 63 68 6E 6F 3D 22 33 39 30 35 22     tvg-chno="3905"
00003300: 20 74 76 67 2D 6E 61 6D 65 3D 22 4E 6F 76 65 6C     tvg-name="Novel
00003310: 61 73 20 54 75 72 63 61 73 22 20 74 76 67 2D 6C    as Turcas" tvg-l
00003320: 6F 67 6F 3D 22 68 74 74 70 73 3A 2F 2F 74 76 70    ogo="https://tvp
00003330: 6E 6C 6F 67 6F 70 75 73 2E 73 61 6D 73 75 6E 67    nlogopus.samsung
00003340: 63 6C 6F 75 64 2E 74 76 2F 70 6C 61 74 66 6F 72    cloud.tv/platfor
00003350: 6D 2F 69 6D 61 67 65 2F 73 6F 75 72 63 65 6C 6F    m/image/sourcelo
00003360: 67 6F 2F 76 63 2F 30 30 2F 30 32 2F 33 34 2F 55    go/vc/00/02/34/U
00003370: 53 32 37 30 30 30 30 33 33 44 5F 32 30 32 34 31    S27000033D_20241
00003380: 31 31 39 54 30 32 30 34 30 30 53 51 55 41 52 45    119T020400SQUARE
00003390: 2E 70 6E 67 22 20 67 72 6F 75 70 2D 74 69 74 6C    .png" group-titl
000033a0: 65 3D 22 4C 61 74 69 6E 6F 22 2C 4E 6F 76 65 6C    e="Latino",Novel
000033b0: 61 73 20 54 75 72 63 61 73 0A 68 74 74 70 73 3A    as Turcas.https:
000033c0: 2F 2F 6A 6D 70 32 2E 75 6B 2F 73 74 76 70 2D 55    //jmp2.uk/stvp-U
000033d0: 53 32 37 30 30 30 30 33 33 44 0A 23 45 58 54 49    S27000033D.#EXTI
000033e0: 4E 46 3A 2D 31 20 63 68 61 6E 6E 65 6C 2D 69 64    NF:-1 channel-id
000033f0: 3D 22 55 53 37 30 30 30 31 32 4F 55 22 20 74 76    ="US700012OU" tv
00003400: 67 2D 69 64 3D 22 55 53 37 30 30 30 31 32 4F 55    g-id="US700012OU
00003410: 22 20 74 76 67 2D 63 68 6E 6F 3D 22 34 35 30 35    " tvg-chno="4505
00003420: 22 20 74 76 67 2D 6E 61 6D 65 3D 22 4F 63 65 61    " tvg-name="Ocea
00003430: 6E 20 56 69 62 65 73 22 20 74 76 67 2D 6C 6F 67    n Vibes" tvg-log
00003440: 6F 3D 22 68 74 74 70 73 3A 2F 2F 74 76 70 6E 6C    o="https://tvpnl
00003450: 6F 67 6F 70 75 73 2E 73 61 6D 73 75 6E 67 63 6C    ogopus.samsungcl
00003460: 6F 75 64 2E 74 76 2F 70 6C 61 74 66 6F 72 6D 2F    oud.tv/platform/
00003470: 69 6D 61 67 65 2F 73 6F 75 72 63 65 6C 6F 67 6F    image/sourcelogo
00003480: 2F 76 63 2F 30 30 2F 30 32 2F 33 34 2F 55 53 37    /vc/00/02/34/US7
00003490: 30 30 30 31 32 4F 55 5F 32 30 32 35 30 36 31 30    00012OU_20250610
000034a0: 54 30 30 31 31 30 37 53 51 55 41 52 45 2E 70 6E    T001107SQUARE.pn
000034b0: 67 22 20 67 72 6F 75 70 2D 74 69 74 6C 65 3D 22    g" group-title="
000034c0: 41 6D 62 69 61 6E 63 65 22 2C 4F 63 65 61 6E 20    Ambiance",Ocean 
000034d0: 56 69 62 65 73 0A 68 74 74 70 73 3A 2F 2F 6A 6D    Vibes.https://jm
000034e0: 70 32 2E 75 6B 2F 73 74 76 70 2D 55 53 37 30 30    p2.uk/stvp-US700
000034f0: 30 31 32 4F 55 0A 23 45 58 54 49 4E 46 3A 2D 31    012OU.#EXTINF:-1
00003500: 20 63 68 61 6E 6E 65 6C 2D 69 64 3D 22 55 53 32     channel-id="US2
00003510: 36 30 30 30 30 36 56 59 22 20 74 76 67 2D 69 64    600006VY" tvg-id
00003520: 3D 22 55 53 32 36 30 30 30 30 36 56 59 22 20 74    ="US2600006VY" t
00003530: 76 67 2D 63 68 6E 6F 3D 22 32 33 35 32 22 20 74    vg-chno="2352" t
00003540: 76 67 2D 6E 61 6D 65 3D 22 4F 6E 65 20 43 68 61    vg-name="One Cha
00003550: 6D 70 69 6F 6E 73 68 69 70 20 54 56 22 20 74 76    mpionship TV" tv
00003560: 67 2D 6C 6F 67 6F 3D 22 68 74 74 70 73 3A 2F 2F    g-logo="https://
00003570: 74 76 70 6E 6C 6F 67 6F 70 75 73 2E 73 61 6D 73    tvpnlogopus.sams
00003580: 75 6E 67 63 6C 6F 75 64 2E 74 76 2F 70 6C 61 74    ungcloud.tv/plat
00003590: 66 6F 72 6D 2F 69 6D 61 67 65 2F 73 6F 75 72 63    form/image/sourc
000035a0: 65 6C 6F 67 6F 2F 76 63 2F 30 30 2F 30 32 2F 33    elogo/vc/00/02/3
000035b0: 34 2F 55 53 32 36 30 30 30 30 36 56 59 5F 32 30    4/US2600006VY_20
000035c0: 32 34 31 30 33 31 54 31 35 30 31 32 34 53 51 55    241031T150124SQU
000035d0: 41 52 45 2E 70 6E 67 22 20 67 72 6F 75 70 2D 74    ARE.png" group-t
000035e0: 69 74 6C 65 3D 22 53 70 6F 72 74 73 20 26 20 4F    itle="Sports & O
000035f0: 75 74 64 6F 6F 72 73 22 2C 4F 6E 65 20 43 68 61    utdoors",One Cha
00003600: 6D 70 69 6F 6E 73 68 69 70 20 54 56 0A 68 74 74    mpionship TV.htt
00003610: 70 73 3A 2F 2F 6A 6D 70 32 2E 75 6B 2F 73 74 76    ps://jmp2.uk/stv
00003620: 70 2D 55 53 32 36 30 30 30 30 36 56 59 0A 23 45    p-US2600006VY.#E
00003630: 58 54 49 4E 46 3A 2D 31 20 63 68 61 6E 6E 65 6C    XTINF:-1 channel
00003640: 2D 69 64 3D 22 55 53 42 43 36 30 30 30 32 31 39    -id="USBC6000219
00003650: 44 22 20 74 76 67 2D 69 64 3D 22 55 53 42 43 36    D" tvg-id="USBC6
00003660: 30 30 30 32 31 39 44 22 20 74 76 67 2D 63 68 6E    000219D" tvg-chn
00003670: 6F 3D 22 31 39 36 32 22 20 74 76 67 2D 6E 61 6D    o="1962" tvg-nam
00003680: 65 3D 22 4F 70 65 72 61 74 69 6F 6E 20 52 65 70    e="Operation Rep
00003690: 6F 22 20 74 76 67 2D 6C 6F 67 6F 3D 22 68 74 74    o" tvg-logo="htt
000036a0: 70 73 3A 2F 2F 74 76 70 6E 6C 6F 67 6F 70 75 73    ps://tvpnlogopus
000036b0: 2E 73 61 6D 73 75 6E 67 63 6C 6F 75 64 2E 74 76    .samsungcloud.tv
000036c0: 2F 70 6C 61 74 66 6F 72 6D 2F 69 6D 61 67 65 2F    /platform/image/
000036d0: 73 6F 75 72 63 65 6C 6F 67 6F 2F 76 63 2F 30 30    sourcelogo/vc/00
000036e0: 2F 30 32 2F 33 34 2F 55 53 42 43 36 30 30 30 32    /02/34/USBC60002
000036f0: 31 39 44 5F 32 30 32 34 31 30 30 38 54 32 31 32    19D_20241008T212
00003700: 36 33 36 53 51 55 41 52 45 2E 70 6E 67 22 20 67    636SQUARE.png" g
00003710: 72 6F 75 70 2D 74 69 74 6C 65 3D 22 52 65 61 6C    roup-title="Real
00003720: 69 74 79 20 54 56 22 2C 4F 70 65 72 61 74 69 6F    ity TV",Operatio
00003730: 6E 20 52 65 70 6F 0A 68 74 74 70 73 3A 2F 2F 6A    n Repo.https://j
00003740: 6D 70 32 2E 75 6B 2F 73 74 76 70 2D 55 53 42 43    mp2.uk/stvp-USBC
00003750: 36 30 30 30 32 31 39 44 0A 23 45 58 54 49 4E 46    6000219D.#EXTINF
00003760: 3A 2D 31 20 63 68 61 6E 6E 65 6C 2D 69 64 3D 22    :-1 channel-id="
00003770: 55 53 42 44 31 32 30 30 30 32 30 59 34 22 20 74    USBD1200020Y4" t
00003780: 76 67 2D 69 64 3D 22 55 53 42 44 31 32 30 30 30    vg-id="USBD12000
00003790: 32 30 59 34 22 20 74 76 67 2D 63 68 6E 6F 3D 22    20Y4" tvg-chno="
000037a0: 32 34 39 31 22 20 74 76 67 2D 6E 61 6D 65 3D 22    2491" tvg-name="
000037b0: 4F 75 74 64 6F 6F 72 20 41 6D 65 72 69 63 61 22    Outdoor America"
000037c0: 20 74 76 67 2D 6C 6F 67 6F 3D 22 68 74 74 70 73     tvg-logo="https
000037d0: 3A 2F 2F 74 76 70 6E 6C 6F 67 6F 70 75 73 2E 73    ://tvpnlogopus.s
000037e0: 61 6D 73 75 6E 67 63 6C 6F 75 64 2E 74 76 2F 70    amsungcloud.tv/p
000037f0: 6C 61 74 66 6F 72 6D 2F 69 6D 61 67 65 2F 73 6F    latform/image/so
00003800: 75 72 63 65 6C 6F 67 6F 2F 76 63 2F 30 30 2F 30    urcelogo/vc/00/0
00003810: 32 2F 33 34 2F 55 53 42 44 31 32 30 30 30 32 30    2/34/USBD1200020
00003820: 59 34 5F 32 30 32 35 30 33 32 35 54 30 31 35 32    Y4_20250325T0152
00003830: 34 36 53 51 55 41 52 45 2E 70 6E 67 22 20 67 72    46SQUARE.png" gr
00003840: 6F 75 70 2D 74 69 74 6C 65 3D 22 53 70 6F 72 74    oup-title="Sport
00003850: 73 20 26 20 4F 75 74 64 6F 6F 72 73 22 2C 4F 75    s & Outdoors",Ou
00003860: 74 64 6F 6F 72 20 41 6D 65 72 69 63 61 0A 68 74    tdoor America.ht
00003870: 74 70 73 3A 2F 2F 6A 6D 70 32 2E 75 6B 2F 73 74    tps://jmp2.uk/st
00003880: 76 70 2D 55 53 42 44 31 32 30 30 30 32 30 59 34    vp-USBD1200020Y4
00003890: 0A 23 45 58 54 49 4E 46 3A 2D 31 20 63 68 61 6E    .#EXTINF:-1 chan
000038a0: 6E 65 6C 2D 69 64 3D 22 55 53 42 44 31 32 30 30    nel-id="USBD1200
000038b0: 30 30 37 46 45 22 20 74 76 67 2D 69 64 3D 22 55    007FE" tvg-id="U
000038c0: 53 42 44 31 32 30 30 30 30 37 46 45 22 20 74 76    SBD1200007FE" tv
000038d0: 67 2D 63 68 6E 6F 3D 22 33 30 33 30 22 20 74 76    g-chno="3030" tv
000038e0: 67 2D 6E 61 6D 65 3D 22 4F 75 74 65 72 53 70 68    g-name="OuterSph
000038f0: 65 72 65 22 20 74 76 67 2D 6C 6F 67 6F 3D 22 68    ere" tvg-logo="h
00003900: 74 74 70 73 3A 2F 2F 74 76 70 6E 6C 6F 67 6F 70    ttps://tvpnlogop
00003910: 75 73 2E 73 61 6D 73 75 6E 67 63 6C 6F 75 64 2E    us.samsungcloud.
00003920: 74 76 2F 70 6C 61 74 66 6F 72 6D 2F 69 6D 61 67    tv/platform/imag
00003930: 65 2F 73 6F 75 72 63 65 6C 6F 67 6F 2F 76 63 2F    e/sourcelogo/vc/
00003940: 30 30 2F 30 32 2F 33 34 2F 55 53 42 44 31 32 30    00/02/34/USBD120
00003950: 30 30 30 37 46 45 5F 32 30 32 34 30 36 31 31 54    0007FE_20240611T
00003960: 30 35 30 33 30 36 53 51 55 41 52 45 2E 70 6E 67    050306SQUARE.png
00003970: 22 20 67 72 6F 75 70 2D 74 69 74 6C 65 3D 22 53    " group-title="S
00003980: 63 69 2D 46 69 20 26 20 48 6F 72 72 6F 72 22 2C    ci-Fi & Horror",
00003990: 4F 75 74 65 72 53 70 68 65 72 65 0A 68 74 74 70    OuterSphere.http
000039a0: 73 3A 2F 2F 6A 6D 70 32 2E 75 6B 2F 73 74 76 70    s://jmp2.uk/stvp
000039b0: 2D 55 53 42 44 31 32 30 30 30 30 37 46 45 0A 23    -USBD1200007FE.#
000039c0: 45 58 54 49 4E 46 3A 2D 31 20 63 68 61 6E 6E 65    EXTINF:-1 channe
000039d0: 6C 2D 69 64 3D 22 55 53 41 4A 33 35 30 34 37 30    l-id="USAJ350470
000039e0: 37 41 22 20 74 76 67 2D 69 64 3D 22 55 53 41 4A    7A" tvg-id="USAJ
000039f0: 33 35 30 34 37 30 37 41 22 20 74 76 67 2D 63 68    3504707A" tvg-ch
00003a00: 6E 6F 3D 22 32 34 38 35 22 20 74 76 67 2D 6E 61    no="2485" tvg-na
00003a10: 6D 65 3D 22 4F 75 74 73 69 64 65 20 54 56 22 20    me="Outside TV" 
00003a20: 74 76 67 2D 6C 6F 67 6F 3D 22 68 74 74 70 73 3A    tvg-logo="https:
00003a30: 2F 2F 74 76 70 6E 6C 6F 67 6F 70 75 73 2E 73 61    //tvpnlogopus.sa
00003a40: 6D 73 75 6E 67 63 6C 6F 75 64 2E 74 76 2F 70 6C    msungcloud.tv/pl
00003a50: 61 74 66 6F 72 6D 2F 69 6D 61 67 65 2F 73 6F 75    atform/image/sou
00003a60: 72 63 65 6C 6F 67 6F 2F 76 63 2F 30 30 2F 30 32    rcelogo/vc/00/02
00003a70: 2F 33 34 2F 55 53 41 4A 33 35 30 34 37 30 37 41    /34/USAJ3504707A
00003a80: 5F 32 30 32 35 30 33 32 35 54 30 31 34 39 33 38    _20250325T014938
00003a90: 53 51 55 41 52 45 2E 70 6E 67 22 20 67 72 6F 75    SQUARE.png" grou
00003aa0: 70 2D 74 69 74 6C 65 3D 22 53 70 6F 72 74 73 20    p-title="Sports 
00003ab0: 26 20 4F 75 74 64 6F 6F 72 73 22 2C 4F 75 74 73    & Outdoors",Outs
00003ac0: 69 64 65 20 54 56 0A 68 74 74 70 73 3A 2F 2F 6A    ide TV.https://j
00003ad0: 6D 70 32 2E 75 6B 2F 73 74 76 70 2D 55 53 41 4A    mp2.uk/stvp-USAJ
00003ae0: 33 35 30 34 37 30 37 41 0A 23 45 58 54 49 4E 46    3504707A.#EXTINF
00003af0: 3A 2D 31 20 63 68 61 6E 6E 65 6C 2D 69 64 3D 22    :-1 channel-id="
00003b00: 55 53 38 30 30 30 30 32 34 47 22 20 74 76 67 2D    US8000024G" tvg-
00003b10: 69 64 3D 22 55 53 38 30 30 30 30 32 34 47 22 20    id="US8000024G" 
00003b20: 74 76 67 2D 63 68 6E 6F 3D 22 32 39 36 32 22 20    tvg-chno="2962" 
00003b30: 74 76 67 2D 6E 61 6D 65 3D 22 4F 55 54 74 76 20    tvg-name="OUTtv 
00003b40: 50 72 6F 75 64 22 20 74 76 67 2D 6C 6F 67 6F 3D    Proud" tvg-logo=
00003b50: 22 68 74 74 70 73 3A 2F 2F 74 76 70 6E 6C 6F 67    "https://tvpnlog
00003b60: 6F 70 75 73 2E 73 61 6D 73 75 6E 67 63 6C 6F 75    opus.samsungclou
00003b70: 64 2E 74 76 2F 70 6C 61 74 66 6F 72 6D 2F 69 6D    d.tv/platform/im
00003b80: 61 67 65 2F 73 6F 75 72 63 65 6C 6F 67 6F 2F 76    age/sourcelogo/v
00003b90: 63 2F 30 30 2F 30 32 2F 33 34 2F 55 53 38 30 30    c/00/02/34/US800
00003ba0: 30 30 32 34 47 5F 32 30 32 35 30 39 30 32 54 32    0024G_20250902T2
00003bb0: 33 31 34 30 38 53 51 55 41 52 45 2E 70 6E 67 22    31408SQUARE.png"
00003bc0: 20 67 72 6F 75 70 2D 74 69 74 6C 65 3D 22 4C 69     group-title="Li
00003bd0: 66 65 73 74 79 6C 65 20 26 20 50 6F 70 20 43 75    festyle & Pop Cu
00003be0: 6C 74 75 72 65 22 2C 4F 55 54 74 76 20 50 72 6F    lture",OUTtv Pro
00003bf0: 75 64 0A 68 74 74 70 73 3A 2F 2F 6A 6D 70 32 2E    ud.https://jmp2.
00003c00: 75 6B 2F 73 74 76 70 2D 55 53 38 30 30 30 30 32    uk/stvp-US800002
00003c10: 34 47 0A 23 45 58 54 49 4E 46 3A 2D 31 20 63 68    4G.#EXTINF:-1 ch
00003c20: 61 6E 6E 65 6C 2D 69 64 3D 22 55 53 33 33 30 30    annel-id="US3300
00003c30: 30 31 35 34 4D 22 20 74 76 67 2D 69 64 3D 22 55    0154M" tvg-id="U
00003c40: 53 33 33 30 30 30 31 35 34 4D 22 20 74 76 67 2D    S33000154M" tvg-
00003c50: 63 68 6E 6F 3D 22 32 33 34 33 22 20 74 76 67 2D    chno="2343" tvg-
00003c60: 6E 61 6D 65 3D 22 4F 76 65 72 74 69 6D 65 22 20    name="Overtime" 
00003c70: 74 76 67 2D 6C 6F 67 6F 3D 22 68 74 74 70 73 3A    tvg-logo="https:
00003c80: 2F 2F 74 76 70 6E 6C 6F 67 6F 70 75 73 2E 73 61    //tvpnlogopus.sa
00003c90: 6D 73 75 6E 67 63 6C 6F 75 64 2E 74 76 2F 70 6C    msungcloud.tv/pl
00003ca0: 61 74 66 6F 72 6D 2F 69 6D 61 67 65 2F 73 6F 75    atform/image/sou
00003cb0: 72 63 65 6C 6F 67 6F 2F 76 63 2F 30 30 2F 30 32    rcelogo/vc/00/02
00003cc0: 2F 33 34 2F 55 53 33 33 30 30 30 31 35 34 4D 5F    /34/US33000154M_
00003cd0: 32 30 32 35 31 31 31 30 54 32 33 35 31 32 30 53    20251110T235120S
00003ce0: 51 55 41 52 45 2E 70 6E 67 22 20 67 72 6F 75 70    QUARE.png" group
00003cf0: 2D 74 69 74 6C 65 3D 22 53 70 6F 72 74 73 20 26    -title="Sports &
00003d00: 20 4F 75 74 64 6F 6F 72 73 22 2C 4F 76 65 72 74     Outdoors",Overt
00003d10: 69 6D 65 0A 68 74 74 70 73 3A 2F 2F 6A 6D 70 32    ime.https://jmp2
00003d20: 2E 75 6B 2F 73 74 76 70 2D 55 53 33 33 30 30 30    .uk/stvp-US33000
00003d30: 31 35 34 4D 0A 23 45 58 54 49 4E 46 3A 2D 31 20    154M.#EXTINF:-1 
00003d40: 63 68 61 6E 6E 65 6C 2D 69 64 3D 22 55 53 31 39    channel-id="US19
00003d50: 30 30 30 30 35 56 42 22 20 74 76 67 2D 69 64 3D    00005VB" tvg-id=
00003d60: 22 55 53 31 39 30 30 30 30 35 56 42 22 20 74 76    "US1900005VB" tv
00003d70: 67 2D 63 68 6E 6F 3D 22 31 38 35 30 22 20 74 76    g-chno="1850" tv
00003d80: 67 2D 6E 61 6D 65 3D 22 4F 78 79 67 65 6E 20 54    g-name="Oxygen T
00003d90: 72 75 65 20 43 72 69 6D 65 73 20 41 72 63 68 69    rue Crimes Archi
00003da0: 76 65 22 20 74 76 67 2D 6C 6F 67 6F 3D 22 68 74    ve" tvg-logo="ht
00003db0: 74 70 73 3A 2F 2F 74 76 70 6E 6C 6F 67 6F 70 75    tps://tvpnlogopu
00003dc0: 73 2E 73 61 6D 73 75 6E 67 63 6C 6F 75 64 2E 74    s.samsungcloud.t
00003dd0: 76 2F 70 6C 61 74 66 6F 72 6D 2F 69 6D 61 67 65    v/platform/image
00003de0: 2F 73 6F 75 72 63 65 6C 6F 67 6F 2F 76 63 2F 30    /sourcelogo/vc/0
00003df0: 30 2F 30 32 2F 33 34 2F 55 53 31 39 30 30 30 30    0/02/34/US190000
00003e00: 35 56 42 5F 32 30 32 34 30 38 32 36 54 32 33 35    5VB_20240826T235
00003e10: 35 35 31 53 51 55 41 52 45 2E 70 6E 67 22 20 67    551SQUARE.png" g
00003e20: 72 6F 75 70 2D 74 69 74 6C 65 3D 22 43 72 69 6D    roup-title="Crim
00003e30: 65 22 2C 4F 78 79 67 65 6E 20 54 72 75 65 20 43    e",Oxygen True C
00003e40: 72 69 6D 65 73 20 41 72 63 68 69 76 65 0A 68 74    rimes Archive.ht
00003e50: 74 70 73 3A 2F 2F 6A 6D 70 32 2E 75 6B 2F 73 74    tps://jmp2.uk/st
00003e60: 76 70 2D 55 53 31 39 30 30 30 30 35 56 42 0A 23    vp-US1900005VB.#
00003e70: 45 58 54 49 4E 46 3A 2D 31 20 63 68 61 6E 6E 65    EXTINF:-1 channe
00003e80: 6C 2D 69 64 3D 22 55 53 42 41 33 30 30 30 33 34    l-id="USBA300034
00003e90: 44 42 22 20 74 76 67 2D 69 64 3D 22 55 53 42 41    DB" tvg-id="USBA
00003ea0: 33 30 30 30 33 34 44 42 22 20 74 76 67 2D 63 68    300034DB" tvg-ch
00003eb0: 6E 6F 3D 22 32 33 39 32 22 20 74 76 67 2D 6E 61    no="2392" tvg-na
00003ec0: 6D 65 3D 22 50 61 63 2D 31 32 20 49 6E 73 69 64    me="Pac-12 Insid
00003ed0: 65 72 22 20 74 76 67 2D 6C 6F 67 6F 3D 22 68 74    er" tvg-logo="ht
00003ee0: 74 70 73 3A 2F 2F 74 76 70 6E 6C 6F 67 6F 70 75    tps://tvpnlogopu
00003ef0: 73 2E 73 61 6D 73 75 6E 67 63 6C 6F 75 64 2E 74    s.samsungcloud.t
00003f00: 76 2F 70 6C 61 74 66 6F 72 6D 2F 69 6D 61 67 65    v/platform/image
00003f10: 2F 73 6F 75 72 63 65 6C 6F 67 6F 2F 76 63 2F 30    /sourcelogo/vc/0
00003f20: 30 2F 30 32 2F 33 34 2F 55 53 42 41 33 30 30 30    0/02/34/USBA3000
00003f30: 33 34 44 42 5F 32 30 32 35 30 34 31 35 54 30 30    34DB_20250415T00
00003f40: 35 39 32 35 53 51 55 41 52 45 2E 70 6E 67 22 20    5925SQUARE.png" 
00003f50: 67 72 6F 75 70 2D 74 69 74 6C 65 3D 22 53 70 6F    group-title="Spo
00003f60: 72 74 73 20 26 20 4F 75 74 64 6F 6F 72 73 22 2C    rts & Outdoors",
00003f70: 50 61 63 2D 31 32 20 49 6E 73 69 64 65 72 0A 68    Pac-12 Insider.h
00003f80: 74 74 70 73 3A 2F 2F 6A 6D 70 32 2E 75 6B 2F 73    ttps://jmp2.uk/s
00003f90: 74 76 70 2D 55 53 42 41 33 30 30 30 33 34 44 42    tvp-USBA300034DB
00003fa0: 0A 23 45 58 54 49 4E 46 3A 2D 31 20 63 68 61 6E    .#EXTINF:-1 chan
00003fb0: 6E 65 6C 2D 69 64 3D 22 55 53 41 4A 32 36 30 30    nel-id="USAJ2600
00003fc0: 30 30 35 34 57 22 20 74 76 67 2D 69 64 3D 22 55    0054W" tvg-id="U
00003fd0: 53 41 4A 32 36 30 30 30 30 35 34 57 22 20 74 76    SAJ26000054W" tv
00003fe0: 67 2D 63 68 6E 6F 3D 22 31 32 35 30 22 20 74 76    g-chno="1250" tv
00003ff0: 67 2D 6E 61 6D 65 3D 22 50 61 72 61 6D 6F 75 6E    g-name="Paramoun

00000000: 74 20 4D 6F 76 69 65 20 43 68 61 6E 6E 65 6C 22    t Movie Channel"
00000010: 20 74 76 67 2D 6C 6F 67 6F 3D 22 68 74 74 70 73     tvg-logo="https
00000020: 3A 2F 2F 74 76 70 6E 6C 6F 67 6F 70 75 73 2E 73    ://tvpnlogopus.s
00000030: 61 6D 73 75 6E 67 63 6C 6F 75 64 2E 74 76 2F 70    amsungcloud.tv/p
00000040: 6C 61 74 66 6F 72 6D 2F 69 6D 61 67 65 2F 73 6F    latform/image/so
00000050: 75 72 63 65 6C 6F 67 6F 2F 76 63 2F 30 30 2F 30    urcelogo/vc/00/0
00000060: 32 2F 33 34 2F 55 53 41 4A 32 36 30 30 30 30 35    2/34/USAJ2600005
00000070: 34 57 5F 32 30 32 34 31 31 31 32 54 30 30 30 37    4W_20241112T0007
00000080: 31 33 53 51 55 41 52 45 2E 70 6E 67 22 20 67 72    13SQUARE.png" gr
00000090: 6F 75 70 2D 74 69 74 6C 65 3D 22 4D 6F 76 69 65    oup-title="Movie
000000a0: 73 22 2C 50 61 72 61 6D 6F 75 6E 74 20 4D 6F 76    s",Paramount Mov
000000b0: 69 65 20 43 68 61 6E 6E 65 6C 0A 68 74 74 70 73    ie Channel.https
000000c0: 3A 2F 2F 6A 6D 70 32 2E 75 6B 2F 73 74 76 70 2D    ://jmp2.uk/stvp-
000000d0: 55 53 41 4A 32 36 30 30 30 30 35 34 57 0A 23 45    USAJ26000054W.#E
000000e0: 58 54 49 4E 46 3A 2D 31 20 63 68 61 6E 6E 65 6C    XTINF:-1 channel
000000f0: 2D 69 64 3D 22 55 53 33 30 30 30 30 33 53 33 22    -id="US300003S3"
00000100: 20 74 76 67 2D 69 64 3D 22 55 53 33 30 30 30 30     tvg-id="US30000
00000110: 33 53 33 22 20 74 76 67 2D 63 68 6E 6F 3D 22 32    3S3" tvg-chno="2
00000120: 37 31 34 22 20 74 76 67 2D 6E 61 6D 65 3D 22 50    714" tvg-name="P
00000130: 61 77 6E 20 53 74 61 72 73 22 20 74 76 67 2D 6C    awn Stars" tvg-l
00000140: 6F 67 6F 3D 22 68 74 74 70 73 3A 2F 2F 74 76 70    ogo="https://tvp
00000150: 6E 6C 6F 67 6F 70 75 73 2E 73 61 6D 73 75 6E 67    nlogopus.samsung
00000160: 63 6C 6F 75 64 2E 74 76 2F 70 6C 61 74 66 6F 72    cloud.tv/platfor
00000170: 6D 2F 69 6D 61 67 65 2F 73 6F 75 72 63 65 6C 6F    m/image/sourcelo
00000180: 67 6F 2F 76 63 2F 30 30 2F 30 32 2F 33 34 2F 55    go/vc/00/02/34/U
00000190: 53 33 30 30 30 30 33 53 33 5F 32 30 32 35 31 30    S300003S3_202510
000001a0: 31 33 54 32 33 35 37 32 30 53 51 55 41 52 45 2E    13T235720SQUARE.
000001b0: 70 6E 67 22 20 67 72 6F 75 70 2D 74 69 74 6C 65    png" group-title
000001c0: 3D 22 52 65 61 6C 69 74 79 20 43 6F 6D 70 65 74    ="Reality Compet
000001d0: 69 74 69 6F 6E 22 2C 50 61 77 6E 20 53 74 61 72    ition",Pawn Star
000001e0: 73 0A 68 74 74 70 73 3A 2F 2F 6A 6D 70 32 2E 75    s.https://jmp2.u
000001f0: 6B 2F 73 74 76 70 2D 55 53 33 30 30 30 30 33 53    k/stvp-US300003S
00000200: 33 0A 23 45 58 54 49 4E 46 3A 2D 31 20 63 68 61    3.#EXTINF:-1 cha
00000210: 6E 6E 65 6C 2D 69 64 3D 22 55 53 42 44 34 32 30    nnel-id="USBD420
00000220: 30 30 31 37 47 53 22 20 74 76 67 2D 69 64 3D 22    0017GS" tvg-id="
00000230: 55 53 42 44 34 32 30 30 30 31 37 47 53 22 20 74    USBD4200017GS" t
00000240: 76 67 2D 63 68 6E 6F 3D 22 32 30 34 31 22 20 74    vg-chno="2041" t
00000250: 76 67 2D 6E 61 6D 65 3D 22 50 42 53 20 41 6E 74    vg-name="PBS Ant
00000260: 69 71 75 65 73 20 52 6F 61 64 73 68 6F 77 22 20    iques Roadshow" 
00000270: 74 76 67 2D 6C 6F 67 6F 3D 22 68 74 74 70 73 3A    tvg-logo="https:
00000280: 2F 2F 74 76 70 6E 6C 6F 67 6F 70 75 73 2E 73 61    //tvpnlogopus.sa
00000290: 6D 73 75 6E 67 63 6C 6F 75 64 2E 74 76 2F 70 6C    msungcloud.tv/pl
000002a0: 61 74 66 6F 72 6D 2F 69 6D 61 67 65 2F 73 6F 75    atform/image/sou
000002b0: 72 63 65 6C 6F 67 6F 2F 76 63 2F 30 30 2F 30 32    rcelogo/vc/00/02
000002c0: 2F 33 34 2F 55 53 42 44 34 32 30 30 30 31 37 47    /34/USBD4200017G
000002d0: 53 5F 32 30 32 34 30 35 32 30 54 32 32 31 35 33    S_20240520T22153
000002e0: 38 53 51 55 41 52 45 2E 70 6E 67 22 20 67 72 6F    8SQUARE.png" gro
000002f0: 75 70 2D 74 69 74 6C 65 3D 22 48 6F 6D 65 20 26    up-title="Home &
00000300: 20 46 6F 6F 64 22 2C 50 42 53 20 41 6E 74 69 71     Food",PBS Antiq
00000310: 75 65 73 20 52 6F 61 64 73 68 6F 77 0A 68 74 74    ues Roadshow.htt
00000320: 70 73 3A 2F 2F 6A 6D 70 32 2E 75 6B 2F 73 74 76    ps://jmp2.uk/stv
00000330: 70 2D 55 53 42 44 34 32 30 30 30 31 37 47 53 0A    p-USBD4200017GS.
00000340: 23 45 58 54 49 4E 46 3A 2D 31 20 63 68 61 6E 6E    #EXTINF:-1 chann
00000350: 65 6C 2D 69 64 3D 22 55 53 42 42 38 30 30 30 30    el-id="USBB80000
00000360: 31 4F 37 22 20 74 76 67 2D 69 64 3D 22 55 53 42    1O7" tvg-id="USB
00000370: 42 38 30 30 30 30 31 4F 37 22 20 74 76 67 2D 63    B800001O7" tvg-c
00000380: 68 6E 6F 3D 22 33 35 36 35 22 20 74 76 67 2D 6E    hno="3565" tvg-n
00000390: 61 6D 65 3D 22 50 42 53 20 44 69 67 69 74 61 6C    ame="PBS Digital
000003a0: 20 53 74 75 64 69 6F 73 22 20 74 76 67 2D 6C 6F     Studios" tvg-lo
000003b0: 67 6F 3D 22 68 74 74 70 73 3A 2F 2F 74 76 70 6E    go="https://tvpn
000003c0: 6C 6F 67 6F 70 75 73 2E 73 61 6D 73 75 6E 67 63    logopus.samsungc
000003d0: 6C 6F 75 64 2E 74 76 2F 70 6C 61 74 66 6F 72 6D    loud.tv/platform
000003e0: 2F 69 6D 61 67 65 2F 73 6F 75 72 63 65 6C 6F 67    /image/sourcelog
000003f0: 6F 2F 76 63 2F 30 30 2F 30 32 2F 33 34 2F 55 53    o/vc/00/02/34/US
00000400: 42 42 38 30 30 30 30 31 4F 37 5F 32 30 32 35 30    BB800001O7_20250
00000410: 33 32 35 54 30 32 30 32 34 34 53 51 55 41 52 45    325T020244SQUARE
00000420: 2E 70 6E 67 22 20 67 72 6F 75 70 2D 74 69 74 6C    .png" group-titl
00000430: 65 3D 22 4E 61 74 75 72 65 2C 20 48 69 73 74 6F    e="Nature, Histo
00000440: 72 79 20 26 20 53 63 69 65 6E 63 65 22 2C 50 42    ry & Science",PB
00000450: 53 20 44 69 67 69 74 61 6C 20 53 74 75 64 69 6F    S Digital Studio
00000460: 73 0A 68 74 74 70 73 3A 2F 2F 6A 6D 70 32 2E 75    s.https://jmp2.u
00000470: 6B 2F 73 74 76 70 2D 55 53 42 42 38 30 30 30 30    k/stvp-USBB80000
00000480: 31 4F 37 0A 23 45 58 54 49 4E 46 3A 2D 31 20 63    1O7.#EXTINF:-1 c
00000490: 68 61 6E 6E 65 6C 2D 69 64 3D 22 55 53 31 33 30    hannel-id="US130
000004a0: 30 30 30 38 31 4F 22 20 74 76 67 2D 69 64 3D 22    00081O" tvg-id="
000004b0: 55 53 31 33 30 30 30 30 38 31 4F 22 20 74 76 67    US13000081O" tvg
000004c0: 2D 63 68 6E 6F 3D 22 32 31 32 35 22 20 74 76 67    -chno="2125" tvg
000004d0: 2D 6E 61 6D 65 3D 22 50 42 53 20 46 6F 6F 64 22    -name="PBS Food"
000004e0: 20 74 76 67 2D 6C 6F 67 6F 3D 22 68 74 74 70 73     tvg-logo="https
000004f0: 3A 2F 2F 74 76 70 6E 6C 6F 67 6F 70 75 73 2E 73    ://tvpnlogopus.s
00000500: 61 6D 73 75 6E 67 63 6C 6F 75 64 2E 74 76 2F 70    amsungcloud.tv/p
00000510: 6C 61 74 66 6F 72 6D 2F 69 6D 61 67 65 2F 73 6F    latform/image/so
00000520: 75 72 63 65 6C 6F 67 6F 2F 76 63 2F 30 30 2F 30    urcelogo/vc/00/0
00000530: 32 2F 33 34 2F 55 53 31 33 30 30 30 30 38 31 4F    2/34/US13000081O
00000540: 5F 32 30 32 35 30 39 31 35 54 32 33 33 39 30 37    _20250915T233907
00000550: 53 51 55 41 52 45 2E 70 6E 67 22 20 67 72 6F 75    SQUARE.png" grou
00000560: 70 2D 74 69 74 6C 65 3D 22 48 6F 6D 65 20 26 20    p-title="Home & 
00000570: 46 6F 6F 64 22 2C 50 42 53 20 46 6F 6F 64 0A 68    Food",PBS Food.h
00000580: 74 74 70 73 3A 2F 2F 6A 6D 70 32 2E 75 6B 2F 73    ttps://jmp2.uk/s
00000590: 74 76 70 2D 55 53 31 33 30 30 30 30 38 31 4F 0A    tvp-US13000081O.
000005a0: 23 45 58 54 49 4E 46 3A 2D 31 20 63 68 61 6E 6E    #EXTINF:-1 chann
000005b0: 65 6C 2D 69 64 3D 22 55 53 31 33 30 30 30 30 36    el-id="US1300006
000005c0: 33 39 22 20 74 76 67 2D 69 64 3D 22 55 53 31 33    39" tvg-id="US13
000005d0: 30 30 30 30 36 33 39 22 20 74 76 67 2D 63 68 6E    0000639" tvg-chn
000005e0: 6F 3D 22 32 39 30 35 22 20 74 76 67 2D 6E 61 6D    o="2905" tvg-nam
000005f0: 65 3D 22 50 42 53 20 47 65 6E 65 61 6C 6F 67 79    e="PBS Genealogy
00000600: 22 20 74 76 67 2D 6C 6F 67 6F 3D 22 68 74 74 70    " tvg-logo="http
00000610: 73 3A 2F 2F 74 76 70 6E 6C 6F 67 6F 70 75 73 2E    s://tvpnlogopus.
00000620: 73 61 6D 73 75 6E 67 63 6C 6F 75 64 2E 74 76 2F    samsungcloud.tv/
00000630: 70 6C 61 74 66 6F 72 6D 2F 69 6D 61 67 65 2F 73    platform/image/s
00000640: 6F 75 72 63 65 6C 6F 67 6F 2F 76 63 2F 30 30 2F    ourcelogo/vc/00/
00000650: 30 32 2F 33 34 2F 55 53 31 33 30 30 30 30 36 33    02/34/US13000063
00000660: 39 5F 32 30 32 35 31 31 31 38 54 30 33 30 35 35    9_20251118T03055
00000670: 39 53 51 55 41 52 45 2E 70 6E 67 22 20 67 72 6F    9SQUARE.png" gro
00000680: 75 70 2D 74 69 74 6C 65 3D 22 4C 69 66 65 73 74    up-title="Lifest
00000690: 79 6C 65 20 26 20 50 6F 70 20 43 75 6C 74 75 72    yle & Pop Cultur
000006a0: 65 22 2C 50 42 53 20 47 65 6E 65 61 6C 6F 67 79    e",PBS Genealogy
000006b0: 0A 68 74 74 70 73 3A 2F 2F 6A 6D 70 32 2E 75 6B    .https://jmp2.uk
000006c0: 2F 73 74 76 70 2D 55 53 31 33 30 30 30 30 36 33    /stvp-US13000063
000006d0: 39 0A 23 45 58 54 49 4E 46 3A 2D 31 20 63 68 61    9.#EXTINF:-1 cha
000006e0: 6E 6E 65 6C 2D 69 64 3D 22 55 53 42 43 33 36 30    nnel-id="USBC360
000006f0: 30 30 31 33 50 43 22 20 74 76 67 2D 69 64 3D 22    0013PC" tvg-id="
00000700: 55 53 42 43 33 36 30 30 30 31 33 50 43 22 20 74    USBC3600013PC" t
00000710: 76 67 2D 63 68 6E 6F 3D 22 33 36 31 35 22 20 74    vg-chno="3615" t
00000720: 76 67 2D 6E 61 6D 65 3D 22 50 42 53 20 4B 69 64    vg-name="PBS Kid
00000730: 73 22 20 74 76 67 2D 6C 6F 67 6F 3D 22 68 74 74    s" tvg-logo="htt
00000740: 70 73 3A 2F 2F 74 76 70 6E 6C 6F 67 6F 70 75 73    ps://tvpnlogopus
00000750: 2E 73 61 6D 73 75 6E 67 63 6C 6F 75 64 2E 74 76    .samsungcloud.tv
00000760: 2F 70 6C 61 74 66 6F 72 6D 2F 69 6D 61 67 65 2F    /platform/image/
00000770: 73 6F 75 72 63 65 6C 6F 67 6F 2F 76 63 2F 30 30    sourcelogo/vc/00
00000780: 2F 30 32 2F 33 34 2F 55 53 42 43 33 36 30 30 30    /02/34/USBC36000
00000790: 31 33 50 43 5F 32 30 32 34 31 31 31 32 54 30 30    13PC_20241112T00
000007a0: 31 37 32 33 53 51 55 41 52 45 2E 70 6E 67 22 20    1723SQUARE.png" 
000007b0: 67 72 6F 75 70 2D 74 69 74 6C 65 3D 22 4B 69 64    group-title="Kid
000007c0: 73 22 2C 50 42 53 20 4B 69 64 73 0A 68 74 74 70    s",PBS Kids.http
000007d0: 73 3A 2F 2F 6A 6D 70 32 2E 75 6B 2F 73 74 76 70    s://jmp2.uk/stvp
000007e0: 2D 55 53 42 43 33 36 30 30 30 31 33 50 43 0A 23    -USBC3600013PC.#
000007f0: 45 58 54 49 4E 46 3A 2D 31 20 63 68 61 6E 6E 65    EXTINF:-1 channe
00000800: 6C 2D 69 64 3D 22 55 53 31 33 30 30 30 30 37 4B    l-id="US1300007K
00000810: 5A 22 20 74 76 67 2D 69 64 3D 22 55 53 31 33 30    Z" tvg-id="US130
00000820: 30 30 30 37 4B 5A 22 20 74 76 67 2D 63 68 6E 6F    0007KZ" tvg-chno
00000830: 3D 22 33 35 32 38 22 20 74 76 67 2D 6E 61 6D 65    ="3528" tvg-name
00000840: 3D 22 50 42 53 20 4E 61 74 75 72 65 22 20 74 76    ="PBS Nature" tv
00000850: 67 2D 6C 6F 67 6F 3D 22 68 74 74 70 73 3A 2F 2F    g-logo="https://
00000860: 74 76 70 6E 6C 6F 67 6F 70 75 73 2E 73 61 6D 73    tvpnlogopus.sams
00000870: 75 6E 67 63 6C 6F 75 64 2E 74 76 2F 70 6C 61 74    ungcloud.tv/plat
00000880: 66 6F 72 6D 2F 69 6D 61 67 65 2F 73 6F 75 72 63    form/image/sourc
00000890: 65 6C 6F 67 6F 2F 76 63 2F 30 30 2F 30 32 2F 33    elogo/vc/00/02/3
000008a0: 34 2F 55 53 31 33 30 30 30 30 37 4B 5A 5F 32 30    4/US1300007KZ_20
000008b0: 32 35 30 37 32 39 54 30 31 30 35 30 30 53 51 55    250729T010500SQU
000008c0: 41 52 45 2E 70 6E 67 22 20 67 72 6F 75 70 2D 74    ARE.png" group-t
000008d0: 69 74 6C 65 3D 22 4E 61 74 75 72 65 2C 20 48 69    itle="Nature, Hi
000008e0: 73 74 6F 72 79 20 26 20 53 63 69 65 6E 63 65 22    story & Science"
000008f0: 2C 50 42 53 20 4E 61 74 75 72 65 0A 68 74 74 70    ,PBS Nature.http
00000900: 73 3A 2F 2F 6A 6D 70 32 2E 75 6B 2F 73 74 76 70    s://jmp2.uk/stvp
00000910: 2D 55 53 31 33 30 30 30 30 37 4B 5A 0A 23 45 58    -US1300007KZ.#EX
00000920: 54 49 4E 46 3A 2D 31 20 63 68 61 6E 6E 65 6C 2D    TINF:-1 channel-
00000930: 69 64 3D 22 55 53 31 33 30 30 30 30 35 4D 4B 22    id="US1300005MK"
00000940: 20 74 76 67 2D 69 64 3D 22 55 53 31 33 30 30 30     tvg-id="US13000
00000950: 30 35 4D 4B 22 20 74 76 67 2D 63 68 6E 6F 3D 22    05MK" tvg-chno="
00000960: 32 31 32 36 22 20 74 76 67 2D 6E 61 6D 65 3D 22    2126" tvg-name="
00000970: 50 42 53 20 54 72 61 76 65 6C 22 20 74 76 67 2D    PBS Travel" tvg-
00000980: 6C 6F 67 6F 3D 22 68 74 74 70 73 3A 2F 2F 74 76    logo="https://tv
00000990: 70 6E 6C 6F 67 6F 70 75 73 2E 73 61 6D 73 75 6E    pnlogopus.samsun
000009a0: 67 63 6C 6F 75 64 2E 74 76 2F 70 6C 61 74 66 6F    gcloud.tv/platfo
000009b0: 72 6D 2F 69 6D 61 67 65 2F 73 6F 75 72 63 65 6C    rm/image/sourcel
000009c0: 6F 67 6F 2F 76 63 2F 30 30 2F 30 32 2F 33 34 2F    ogo/vc/00/02/34/
000009d0: 55 53 31 33 30 30 30 30 35 4D 4B 5F 32 30 32 35    US1300005MK_2025
000009e0: 30 39 31 35 54 32 33 33 39 30 35 53 51 55 41 52    0915T233905SQUAR
000009f0: 45 2E 70 6E 67 22 20 67 72 6F 75 70 2D 74 69 74    E.png" group-tit
00000a00: 6C 65 3D 22 48 6F 6D 65 20 26 20 46 6F 6F 64 22    le="Home & Food"
00000a10: 2C 50 42 53 20 54 72 61 76 65 6C 0A 68 74 74 70    ,PBS Travel.http
00000a20: 73 3A 2F 2F 6A 6D 70 32 2E 75 6B 2F 73 74 76 70    s://jmp2.uk/stvp
00000a30: 2D 55 53 31 33 30 30 30 30 35 4D 4B 0A 23 45 58    -US1300005MK.#EX
00000a40: 54 49 4E 46 3A 2D 31 20 63 68 61 6E 6E 65 6C 2D    TINF:-1 channel-
00000a50: 69 64 3D 22 55 53 34 31 30 30 30 32 35 47 35 22    id="US4100025G5"
00000a60: 20 74 76 67 2D 69 64 3D 22 55 53 34 31 30 30 30     tvg-id="US41000
00000a70: 32 35 47 35 22 20 74 76 67 2D 63 68 6E 6F 3D 22    25G5" tvg-chno="
00000a80: 33 36 33 31 22 20 74 76 67 2D 6E 61 6D 65 3D 22    3631" tvg-name="
00000a90: 50 65 70 70 61 20 50 69 67 20 26 20 46 72 69 65    Peppa Pig & Frie
00000aa0: 6E 64 73 22 20 74 76 67 2D 6C 6F 67 6F 3D 22 68    nds" tvg-logo="h
00000ab0: 74 74 70 73 3A 2F 2F 74 76 70 6E 6C 6F 67 6F 70    ttps://tvpnlogop
00000ac0: 75 73 2E 73 61 6D 73 75 6E 67 63 6C 6F 75 64 2E    us.samsungcloud.
00000ad0: 74 76 2F 70 6C 61 74 66 6F 72 6D 2F 69 6D 61 67    tv/platform/imag
00000ae0: 65 2F 73 6F 75 72 63 65 6C 6F 67 6F 2F 76 63 2F    e/sourcelogo/vc/
00000af0: 30 30 2F 30 32 2F 33 34 2F 55 53 34 31 30 30 30    00/02/34/US41000
00000b00: 32 35 47 35 5F 32 30 32 35 31 31 31 38 54 30 33    25G5_20251118T03
00000b10: 30 36 33 33 53 51 55 41 52 45 2E 70 6E 67 22 20    0633SQUARE.png" 
00000b20: 67 72 6F 75 70 2D 74 69 74 6C 65 3D 22 4B 69 64    group-title="Kid
00000b30: 73 22 2C 50 65 70 70 61 20 50 69 67 20 26 20 46    s",Peppa Pig & F
00000b40: 72 69 65 6E 64 73 0A 68 74 74 70 73 3A 2F 2F 6A    riends.https://j
00000b50: 6D 70 32 2E 75 6B 2F 73 74 76 70 2D 55 53 34 31    mp2.uk/stvp-US41
00000b60: 30 30 30 32 35 47 35 0A 23 45 58 54 49 4E 46 3A    00025G5.#EXTINF:
00000b70: 2D 31 20 63 68 61 6E 6E 65 6C 2D 69 64 3D 22 55    -1 channel-id="U
00000b80: 53 42 44 32 37 30 30 30 30 33 46 33 22 20 74 76    SBD2700003F3" tv
00000b90: 67 2D 69 64 3D 22 55 53 42 44 32 37 30 30 30 30    g-id="USBD270000
00000ba0: 33 46 33 22 20 74 76 67 2D 63 68 6E 6F 3D 22 33    3F3" tvg-chno="3
00000bb0: 39 38 30 22 20 74 76 67 2D 6E 61 6D 65 3D 22 50    980" tvg-name="P
00000bc0: 65 71 75 65 6E 6F 73 20 47 69 67 61 6E 74 65 73    equenos Gigantes
00000bd0: 22 20 74 76 67 2D 6C 6F 67 6F 3D 22 68 74 74 70    " tvg-logo="http
00000be0: 73 3A 2F 2F 74 76 70 6E 6C 6F 67 6F 70 75 73 2E    s://tvpnlogopus.
00000bf0: 73 61 6D 73 75 6E 67 63 6C 6F 75 64 2E 74 76 2F    samsungcloud.tv/
00000c00: 70 6C 61 74 66 6F 72 6D 2F 69 6D 61 67 65 2F 73    platform/image/s
00000c10: 6F 75 72 63 65 6C 6F 67 6F 2F 76 63 2F 30 30 2F    ourcelogo/vc/00/
00000c20: 30 32 2F 33 34 2F 55 53 42 44 32 37 30 30 30 30    02/34/USBD270000
00000c30: 33 46 33 5F 32 30 32 34 31 32 32 38 54 30 31 31    3F3_20241228T011
00000c40: 35 33 31 53 51 55 41 52 45 2E 70 6E 67 22 20 67    531SQUARE.png" g
00000c50: 72 6F 75 70 2D 74 69 74 6C 65 3D 22 4C 61 74 69    roup-title="Lati
00000c60: 6E 6F 22 2C 50 65 71 75 65 6E 6F 73 20 47 69 67    no",Pequenos Gig
00000c70: 61 6E 74 65 73 0A 68 74 74 70 73 3A 2F 2F 6A 6D    antes.https://jm
00000c80: 70 32 2E 75 6B 2F 73 74 76 70 2D 55 53 42 44 32    p2.uk/stvp-USBD2
00000c90: 37 30 30 30 30 33 46 33 0A 23 45 58 54 49 4E 46    700003F3.#EXTINF
00000ca0: 3A 2D 31 20 63 68 61 6E 6E 65 6C 2D 69 64 3D 22    :-1 channel-id="
00000cb0: 55 53 42 42 35 32 30 30 30 32 36 30 34 22 20 74    USBB520002604" t
00000cc0: 76 67 2D 69 64 3D 22 55 53 42 42 35 32 30 30 30    vg-id="USBB52000
00000cd0: 32 36 30 34 22 20 74 76 67 2D 63 68 6E 6F 3D 22    2604" tvg-chno="
00000ce0: 31 39 33 35 22 20 74 76 67 2D 6E 61 6D 65 3D 22    1935" tvg-name="
00000cf0: 50 65 72 66 6F 72 6D 22 20 74 76 67 2D 6C 6F 67    Perform" tvg-log
00000d00: 6F 3D 22 68 74 74 70 73 3A 2F 2F 74 76 70 6E 6C    o="https://tvpnl
00000d10: 6F 67 6F 70 75 73 2E 73 61 6D 73 75 6E 67 63 6C    ogopus.samsungcl
00000d20: 6F 75 64 2E 74 76 2F 70 6C 61 74 66 6F 72 6D 2F    oud.tv/platform/
00000d30: 69 6D 61 67 65 2F 73 6F 75 72 63 65 6C 6F 67 6F    image/sourcelogo
00000d40: 2F 76 63 2F 30 30 2F 30 32 2F 33 34 2F 55 53 42    /vc/00/02/34/USB
00000d50: 42 35 32 30 30 30 32 36 30 34 5F 32 30 32 35 30    B520002604_20250
00000d60: 33 32 35 54 30 31 35 32 35 31 53 51 55 41 52 45    325T015251SQUARE
00000d70: 2E 70 6E 67 22 20 67 72 6F 75 70 2D 74 69 74 6C    .png" group-titl
00000d80: 65 3D 22 52 65 61 6C 69 74 79 20 54 56 22 2C 50    e="Reality TV",P
00000d90: 65 72 66 6F 72 6D 0A 68 74 74 70 73 3A 2F 2F 6A    erform.https://j
00000da0: 6D 70 32 2E 75 6B 2F 73 74 76 70 2D 55 53 42 42    mp2.uk/stvp-USBB
00000db0: 35 32 30 30 30 32 36 30 34 0A 23 45 58 54 49 4E    520002604.#EXTIN
00000dc0: 46 3A 2D 31 20 63 68 61 6E 6E 65 6C 2D 69 64 3D    F:-1 channel-id=
00000dd0: 22 55 53 33 35 30 30 30 30 32 33 31 22 20 74 76    "US350000231" tv
00000de0: 67 2D 69 64 3D 22 55 53 33 35 30 30 30 30 32 33    g-id="US35000023
00000df0: 31 22 20 74 76 67 2D 63 68 6E 6F 3D 22 32 33 35    1" tvg-chno="235
00000e00: 34 22 20 74 76 67 2D 6E 61 6D 65 3D 22 50 46 4C    4" tvg-name="PFL
00000e10: 22 20 74 76 67 2D 6C 6F 67 6F 3D 22 68 74 74 70    " tvg-logo="http
00000e20: 73 3A 2F 2F 74 76 70 6E 6C 6F 67 6F 70 75 73 2E    s://tvpnlogopus.
00000e30: 73 61 6D 73 75 6E 67 63 6C 6F 75 64 2E 74 76 2F    samsungcloud.tv/
00000e40: 70 6C 61 74 66 6F 72 6D 2F 69 6D 61 67 65 2F 73    platform/image/s
00000e50: 6F 75 72 63 65 6C 6F 67 6F 2F 76 63 2F 30 30 2F    ourcelogo/vc/00/
00000e60: 30 32 2F 33 34 2F 55 53 33 35 30 30 30 30 32 33    02/34/US35000023
00000e70: 31 5F 32 30 32 34 31 31 31 39 54 30 32 30 34 33    1_20241119T02043
00000e80: 36 53 51 55 41 52 45 2E 70 6E 67 22 20 67 72 6F    6SQUARE.png" gro
00000e90: 75 70 2D 74 69 74 6C 65 3D 22 53 70 6F 72 74 73    up-title="Sports
00000ea0: 20 26 20 4F 75 74 64 6F 6F 72 73 22 2C 50 46 4C     & Outdoors",PFL
00000eb0: 0A 68 74 74 70 73 3A 2F 2F 6A 6D 70 32 2E 75 6B    .https://jmp2.uk
00000ec0: 2F 73 74 76 70 2D 55 53 33 35 30 30 30 30 32 33    /stvp-US35000023
00000ed0: 31 0A 23 45 58 54 49 4E 46 3A 2D 31 20 63 68 61    1.#EXTINF:-1 cha
00000ee0: 6E 6E 65 6C 2D 69 64 3D 22 55 53 34 30 30 30 30    nnel-id="US40000
00000ef0: 31 4D 32 22 20 74 76 67 2D 69 64 3D 22 55 53 34    1M2" tvg-id="US4
00000f00: 30 30 30 30 31 4D 32 22 20 74 76 67 2D 63 68 6E    00001M2" tvg-chn
00000f10: 6F 3D 22 32 34 33 36 22 20 74 76 67 2D 6E 61 6D    o="2436" tvg-nam
00000f20: 65 3D 22 50 47 41 20 54 6F 75 72 22 20 74 76 67    e="PGA Tour" tvg
00000f30: 2D 6C 6F 67 6F 3D 22 68 74 74 70 73 3A 2F 2F 74    -logo="https://t
00000f40: 76 70 6E 6C 6F 67 6F 70 75 73 2E 73 61 6D 73 75    vpnlogopus.samsu
00000f50: 6E 67 63 6C 6F 75 64 2E 74 76 2F 70 6C 61 74 66    ngcloud.tv/platf
00000f60: 6F 72 6D 2F 69 6D 61 67 65 2F 73 6F 75 72 63 65    orm/image/source
00000f70: 6C 6F 67 6F 2F 76 63 2F 30 30 2F 30 32 2F 33 34    logo/vc/00/02/34
00000f80: 2F 55 53 34 30 30 30 30 31 4D 32 5F 32 30 32 35    /US400001M2_2025
00000f90: 30 36 31 36 54 32 32 31 37 32 38 53 51 55 41 52    0616T221728SQUAR
00000fa0: 45 2E 70 6E 67 22 20 67 72 6F 75 70 2D 74 69 74    E.png" group-tit
00000fb0: 6C 65 3D 22 53 70 6F 72 74 73 20 26 20 4F 75 74    le="Sports & Out
00000fc0: 64 6F 6F 72 73 22 2C 50 47 41 20 54 6F 75 72 0A    doors",PGA Tour.
00000fd0: 68 74 74 70 73 3A 2F 2F 6A 6D 70 32 2E 75 6B 2F    https://jmp2.uk/
00000fe0: 73 74 76 70 2D 55 53 34 30 30 30 30 31 4D 32 0A    stvp-US400001M2.
00000ff0: 23 45 58 54 49 4E 46 3A 2D 31 20 63 68 61 6E 6E    #EXTINF:-1 chann
00001000: 65 6C 2D 69 64 3D 22 55 53 42 44 34 32 30 30 30    el-id="USBD42000
00001010: 31 36 51 52 22 20 74 76 67 2D 69 64 3D 22 55 53    16QR" tvg-id="US
00001020: 42 44 34 32 30 30 30 31 36 51 52 22 20 74 76 67    BD4200016QR" tvg
00001030: 2D 63 68 6E 6F 3D 22 32 34 34 34 22 20 74 76 67    -chno="2444" tvg
00001040: 2D 6E 61 6D 65 3D 22 50 69 63 6B 6C 65 62 61 6C    -name="Picklebal
00001050: 6C 54 56 22 20 74 76 67 2D 6C 6F 67 6F 3D 22 68    lTV" tvg-logo="h
00001060: 74 74 70 73 3A 2F 2F 74 76 70 6E 6C 6F 67 6F 70    ttps://tvpnlogop
00001070: 75 73 2E 73 61 6D 73 75 6E 67 63 6C 6F 75 64 2E    us.samsungcloud.
00001080: 74 76 2F 70 6C 61 74 66 6F 72 6D 2F 69 6D 61 67    tv/platform/imag
00001090: 65 2F 73 6F 75 72 63 65 6C 6F 67 6F 2F 76 63 2F    e/sourcelogo/vc/
000010a0: 30 30 2F 30 32 2F 33 34 2F 55 53 42 44 34 32 30    00/02/34/USBD420
000010b0: 30 30 31 36 51 52 5F 32 30 32 34 30 35 32 30 54    0016QR_20240520T
000010c0: 32 32 30 31 33 30 53 51 55 41 52 45 2E 70 6E 67    220130SQUARE.png
000010d0: 22 20 67 72 6F 75 70 2D 74 69 74 6C 65 3D 22 53    " group-title="S
000010e0: 70 6F 72 74 73 20 26 20 4F 75 74 64 6F 6F 72 73    ports & Outdoors
000010f0: 22 2C 50 69 63 6B 6C 65 62 61 6C 6C 54 56 0A 68    ",PickleballTV.h
00001100: 74 74 70 73 3A 2F 2F 6A 6D 70 32 2E 75 6B 2F 73    ttps://jmp2.uk/s
00001110: 74 76 70 2D 55 53 42 44 34 32 30 30 30 31 36 51    tvp-USBD4200016Q
00001120: 52 0A 23 45 58 54 49 4E 46 3A 2D 31 20 63 68 61    R.#EXTINF:-1 cha
00001130: 6E 6E 65 6C 2D 69 64 3D 22 55 53 42 43 31 33 30    nnel-id="USBC130
00001140: 30 30 30 38 41 5A 22 20 74 76 67 2D 69 64 3D 22    0008AZ" tvg-id="
00001150: 55 53 42 43 31 33 30 30 30 30 38 41 5A 22 20 74    USBC1300008AZ" t
00001160: 76 67 2D 63 68 6E 6F 3D 22 32 31 30 35 22 20 74    vg-chno="2105" t
00001170: 76 67 2D 6E 61 6D 65 3D 22 50 6C 61 74 65 64 22    vg-name="Plated"
00001180: 20 74 76 67 2D 6C 6F 67 6F 3D 22 68 74 74 70 73     tvg-logo="https
00001190: 3A 2F 2F 74 76 70 6E 6C 6F 67 6F 70 75 73 2E 73    ://tvpnlogopus.s
000011a0: 61 6D 73 75 6E 67 63 6C 6F 75 64 2E 74 76 2F 70    amsungcloud.tv/p
000011b0: 6C 61 74 66 6F 72 6D 2F 69 6D 61 67 65 2F 73 6F    latform/image/so
000011c0: 75 72 63 65 6C 6F 67 6F 2F 76 63 2F 30 30 2F 30    urcelogo/vc/00/0
000011d0: 32 2F 33 34 2F 55 53 42 43 31 33 30 30 30 30 38    2/34/USBC1300008
000011e0: 41 5A 5F 32 30 32 35 30 39 30 39 54 30 30 32 37    AZ_20250909T0027
000011f0: 34 37 53 51 55 41 52 45 2E 70 6E 67 22 20 67 72    47SQUARE.png" gr
00001200: 6F 75 70 2D 74 69 74 6C 65 3D 22 48 6F 6D 65 20    oup-title="Home 
00001210: 26 20 46 6F 6F 64 22 2C 50 6C 61 74 65 64 0A 68    & Food",Plated.h
00001220: 74 74 70 73 3A 2F 2F 6A 6D 70 32 2E 75 6B 2F 73    ttps://jmp2.uk/s
00001230: 74 76 70 2D 55 53 42 43 31 33 30 30 30 30 38 41    tvp-USBC1300008A
00001240: 5A 0A 23 45 58 54 49 4E 46 3A 2D 31 20 63 68 61    Z.#EXTINF:-1 cha
00001250: 6E 6E 65 6C 2D 69 64 3D 22 55 53 42 41 33 30 30    nnel-id="USBA300
00001260: 30 31 37 50 4B 22 20 74 76 67 2D 69 64 3D 22 55    017PK" tvg-id="U
00001270: 53 42 41 33 30 30 30 31 37 50 4B 22 20 74 76 67    SBA300017PK" tvg
00001280: 2D 63 68 6E 6F 3D 22 31 32 33 35 22 20 74 76 67    -chno="1235" tvg
00001290: 2D 6E 61 6D 65 3D 22 50 6C 75 74 6F 20 54 56 20    -name="Pluto TV 
000012a0: 46 61 6E 74 61 73 74 69 63 22 20 74 76 67 2D 6C    Fantastic" tvg-l
000012b0: 6F 67 6F 3D 22 68 74 74 70 73 3A 2F 2F 74 76 70    ogo="https://tvp
000012c0: 6E 6C 6F 67 6F 70 75 73 2E 73 61 6D 73 75 6E 67    nlogopus.samsung
000012d0: 63 6C 6F 75 64 2E 74 76 2F 70 6C 61 74 66 6F 72    cloud.tv/platfor
000012e0: 6D 2F 69 6D 61 67 65 2F 73 6F 75 72 63 65 6C 6F    m/image/sourcelo
000012f0: 67 6F 2F 76 63 2F 30 30 2F 30 32 2F 33 34 2F 55    go/vc/00/02/34/U
00001300: 53 42 41 33 30 30 30 31 37 50 4B 5F 32 30 32 34    SBA300017PK_2024
00001310: 31 31 31 32 54 30 30 30 37 32 31 53 51 55 41 52    1112T000721SQUAR
00001320: 45 2E 70 6E 67 22 20 67 72 6F 75 70 2D 74 69 74    E.png" group-tit
00001330: 6C 65 3D 22 4D 6F 76 69 65 73 22 2C 50 6C 75 74    le="Movies",Plut
00001340: 6F 20 54 56 20 46 61 6E 74 61 73 74 69 63 0A 68    o TV Fantastic.h
00001350: 74 74 70 73 3A 2F 2F 6A 6D 70 32 2E 75 6B 2F 73    ttps://jmp2.uk/s
00001360: 74 76 70 2D 55 53 42 41 33 30 30 30 31 37 50 4B    tvp-USBA300017PK
00001370: 0A 23 45 58 54 49 4E 46 3A 2D 31 20 63 68 61 6E    .#EXTINF:-1 chan
00001380: 6E 65 6C 2D 69 64 3D 22 55 53 41 4A 33 35 30 34    nel-id="USAJ3504
00001390: 35 33 31 41 22 20 74 76 67 2D 69 64 3D 22 55 53    531A" tvg-id="US
000013a0: 41 4A 33 35 30 34 35 33 31 41 22 20 74 76 67 2D    AJ3504531A" tvg-
000013b0: 63 68 6E 6F 3D 22 32 37 39 32 22 20 74 76 67 2D    chno="2792" tvg-
000013c0: 6E 61 6D 65 3D 22 50 6C 75 74 6F 20 54 56 20 50    name="Pluto TV P
000013d0: 69 78 65 6C 20 57 6F 72 6C 64 22 20 74 76 67 2D    ixel World" tvg-
000013e0: 6C 6F 67 6F 3D 22 68 74 74 70 73 3A 2F 2F 74 76    logo="https://tv
000013f0: 70 6E 6C 6F 67 6F 70 75 73 2E 73 61 6D 73 75 6E    pnlogopus.samsun
00001400: 67 63 6C 6F 75 64 2E 74 76 2F 70 6C 61 74 66 6F    gcloud.tv/platfo
00001410: 72 6D 2F 69 6D 61 67 65 2F 73 6F 75 72 63 65 6C    rm/image/sourcel
00001420: 6F 67 6F 2F 76 63 2F 30 30 2F 30 32 2F 33 34 2F    ogo/vc/00/02/34/
00001430: 55 53 41 4A 33 35 30 34 35 33 31 41 5F 32 30 32    USAJ3504531A_202
00001440: 34 31 31 31 32 54 30 30 30 37 32 33 53 51 55 41    41112T000723SQUA
00001450: 52 45 2E 70 6E 67 22 20 67 72 6F 75 70 2D 74 69    RE.png" group-ti
00001460: 74 6C 65 3D 22 52 65 61 6C 69 74 79 20 43 6F 6D    tle="Reality Com
00001470: 70 65 74 69 74 69 6F 6E 22 2C 50 6C 75 74 6F 20    petition",Pluto 
00001480: 54 56 20 50 69 78 65 6C 20 57 6F 72 6C 64 0A 68    TV Pixel World.h
00001490: 74 74 70 73 3A 2F 2F 6A 6D 70 32 2E 75 6B 2F 73    ttps://jmp2.uk/s
000014a0: 74 76 70 2D 55 53 41 4A 33 35 30 34 35 33 31 41    tvp-USAJ3504531A
000014b0: 0A 23 45 58 54 49 4E 46 3A 2D 31 20 63 68 61 6E    .#EXTINF:-1 chan
000014c0: 6E 65 6C 2D 69 64 3D 22 55 53 42 41 33 30 30 30    nel-id="USBA3000
000014d0: 30 35 4D 4B 22 20 74 76 67 2D 69 64 3D 22 55 53    05MK" tvg-id="US
000014e0: 42 41 33 30 30 30 30 35 4D 4B 22 20 74 76 67 2D    BA300005MK" tvg-
000014f0: 63 68 6E 6F 3D 22 31 34 30 36 22 20 74 76 67 2D    chno="1406" tvg-
00001500: 6E 61 6D 65 3D 22 50 6C 75 74 6F 20 54 56 20 57    name="Pluto TV W
00001510: 65 73 74 65 72 6E 73 22 20 74 76 67 2D 6C 6F 67    esterns" tvg-log
00001520: 6F 3D 22 68 74 74 70 73 3A 2F 2F 74 76 70 6E 6C    o="https://tvpnl
00001530: 6F 67 6F 70 75 73 2E 73 61 6D 73 75 6E 67 63 6C    ogopus.samsungcl
00001540: 6F 75 64 2E 74 76 2F 70 6C 61 74 66 6F 72 6D 2F    oud.tv/platform/
00001550: 69 6D 61 67 65 2F 73 6F 75 72 63 65 6C 6F 67 6F    image/sourcelogo
00001560: 2F 76 63 2F 30 30 2F 30 32 2F 33 34 2F 55 53 42    /vc/00/02/34/USB
00001570: 41 33 30 30 30 30 35 4D 4B 5F 32 30 32 34 31 31    A300005MK_202411
00001580: 31 32 54 30 30 30 37 32 36 53 51 55 41 52 45 2E    12T000726SQUARE.
00001590: 70 6E 67 22 20 67 72 6F 75 70 2D 74 69 74 6C 65    png" group-title
000015a0: 3D 22 57 65 73 74 65 72 6E 20 26 20 43 6C 61 73    ="Western & Clas
000015b0: 73 69 63 20 54 56 22 2C 50 6C 75 74 6F 20 54 56    sic TV",Pluto TV
000015c0: 20 57 65 73 74 65 72 6E 73 0A 68 74 74 70 73 3A     Westerns.https:
000015d0: 2F 2F 6A 6D 70 32 2E 75 6B 2F 73 74 76 70 2D 55    //jmp2.uk/stvp-U
000015e0: 53 42 41 33 30 30 30 30 35 4D 4B 0A 23 45 58 54    SBA300005MK.#EXT
000015f0: 49 4E 46 3A 2D 31 20 63 68 61 6E 6E 65 6C 2D 69    INF:-1 channel-i
00001600: 64 3D 22 55 53 42 44 31 32 30 30 30 31 35 33 41    d="USBD12000153A
00001610: 22 20 74 76 67 2D 69 64 3D 22 55 53 42 44 31 32    " tvg-id="USBD12
00001620: 30 30 30 31 35 33 41 22 20 74 76 67 2D 63 68 6E    000153A" tvg-chn
00001630: 6F 3D 22 33 37 30 32 22 20 74 76 67 2D 6E 61 6D    o="3702" tvg-nam
00001640: 65 3D 22 70 6F 63 6B 65 74 2E 77 61 74 63 68 20    e="pocket.watch 
00001650: 47 61 6D 65 2D 4F 6E 22 20 74 76 67 2D 6C 6F 67    Game-On" tvg-log
00001660: 6F 3D 22 68 74 74 70 73 3A 2F 2F 74 76 70 6E 6C    o="https://tvpnl
00001670: 6F 67 6F 70 75 73 2E 73 61 6D 73 75 6E 67 63 6C    ogopus.samsungcl
00001680: 6F 75 64 2E 74 76 2F 70 6C 61 74 66 6F 72 6D 2F    oud.tv/platform/
00001690: 69 6D 61 67 65 2F 73 6F 75 72 63 65 6C 6F 67 6F    image/sourcelogo
000016a0: 2F 76 63 2F 30 30 2F 30 32 2F 33 34 2F 55 53 42    /vc/00/02/34/USB
000016b0: 44 31 32 30 30 30 31 35 33 41 5F 32 30 32 34 31    D12000153A_20241
000016c0: 30 30 37 54 31 37 30 39 30 39 53 51 55 41 52 45    007T170909SQUARE
000016d0: 2E 70 6E 67 22 20 67 72 6F 75 70 2D 74 69 74 6C    .png" group-titl
000016e0: 65 3D 22 4B 69 64 73 22 2C 70 6F 63 6B 65 74 2E    e="Kids",pocket.
000016f0: 77 61 74 63 68 20 47 61 6D 65 2D 4F 6E 0A 68 74    watch Game-On.ht
00001700: 74 70 73 3A 2F 2F 6A 6D 70 32 2E 75 6B 2F 73 74    tps://jmp2.uk/st
00001710: 76 70 2D 55 53 42 44 31 32 30 30 30 31 35 33 41    vp-USBD12000153A
00001720: 0A 23 45 58 54 49 4E 46 3A 2D 31 20 63 68 61 6E    .#EXTINF:-1 chan
00001730: 6E 65 6C 2D 69 64 3D 22 55 53 35 31 30 30 30 30    nel-id="US510000
00001740: 33 4E 55 22 20 74 76 67 2D 69 64 3D 22 55 53 35    3NU" tvg-id="US5
00001750: 31 30 30 30 30 33 4E 55 22 20 74 76 67 2D 63 68    100003NU" tvg-ch
00001760: 6E 6F 3D 22 33 36 39 35 22 20 74 76 67 2D 6E 61    no="3695" tvg-na
00001770: 6D 65 3D 22 50 6F 6B E9 6D 6F 6E 22 20 74 76 67    me="Pok.mon" tvg
00001780: 2D 6C 6F 67 6F 3D 22 68 74 74 70 73 3A 2F 2F 74    -logo="https://t
00001790: 76 70 6E 6C 6F 67 6F 70 75 73 2E 73 61 6D 73 75    vpnlogopus.samsu
000017a0: 6E 67 63 6C 6F 75 64 2E 74 76 2F 70 6C 61 74 66    ngcloud.tv/platf
000017b0: 6F 72 6D 2F 69 6D 61 67 65 2F 73 6F 75 72 63 65    orm/image/source
000017c0: 6C 6F 67 6F 2F 76 63 2F 30 30 2F 30 32 2F 33 34    logo/vc/00/02/34
000017d0: 2F 55 53 35 31 30 30 30 30 33 4E 55 5F 32 30 32    /US5100003NU_202
000017e0: 35 31 31 32 35 54 30 33 30 38 31 37 53 51 55 41    51125T030817SQUA
000017f0: 52 45 2E 70 6E 67 22 20 67 72 6F 75 70 2D 74 69    RE.png" group-ti
00001800: 74 6C 65 3D 22 4B 69 64 73 22 2C 50 6F 6B E9 6D    tle="Kids",Pok.m
00001810: 6F 6E 0A 68 74 74 70 73 3A 2F 2F 6A 6D 70 32 2E    on.https://jmp2.
00001820: 75 6B 2F 73 74 76 70 2D 55 53 35 31 30 30 30 30    uk/stvp-US510000
00001830: 33 4E 55 0A 23 45 58 54 49 4E 46 3A 2D 31 20 63    3NU.#EXTINF:-1 c
00001840: 68 61 6E 6E 65 6C 2D 69 64 3D 22 55 53 42 44 31    hannel-id="USBD1
00001850: 32 30 30 30 30 33 38 4B 22 20 74 76 67 2D 69 64    2000038K" tvg-id
00001860: 3D 22 55 53 42 44 31 32 30 30 30 30 33 38 4B 22    ="USBD12000038K"
00001870: 20 74 76 67 2D 63 68 6E 6F 3D 22 32 36 35 30 22     tvg-chno="2650"
00001880: 20 74 76 67 2D 6E 61 6D 65 3D 22 50 6F 72 74 6C     tvg-name="Portl
00001890: 61 6E 64 69 61 22 20 74 76 67 2D 6C 6F 67 6F 3D    andia" tvg-logo=
000018a0: 22 68 74 74 70 73 3A 2F 2F 74 76 70 6E 6C 6F 67    "https://tvpnlog
000018b0: 6F 70 75 73 2E 73 61 6D 73 75 6E 67 63 6C 6F 75    opus.samsungclou
000018c0: 64 2E 74 76 2F 70 6C 61 74 66 6F 72 6D 2F 69 6D    d.tv/platform/im
000018d0: 61 67 65 2F 73 6F 75 72 63 65 6C 6F 67 6F 2F 76    age/sourcelogo/v
000018e0: 63 2F 30 30 2F 30 32 2F 33 34 2F 55 53 42 44 31    c/00/02/34/USBD1
000018f0: 32 30 30 30 30 33 38 4B 5F 32 30 32 35 30 33 32    2000038K_2025032
00001900: 35 54 30 31 35 32 35 34 53 51 55 41 52 45 2E 70    5T015254SQUARE.p
00001910: 6E 67 22 20 67 72 6F 75 70 2D 74 69 74 6C 65 3D    ng" group-title=
00001920: 22 43 6F 6D 65 64 79 22 2C 50 6F 72 74 6C 61 6E    "Comedy",Portlan
00001930: 64 69 61 0A 68 74 74 70 73 3A 2F 2F 6A 6D 70 32    dia.https://jmp2
00001940: 2E 75 6B 2F 73 74 76 70 2D 55 53 42 44 31 32 30    .uk/stvp-USBD120
00001950: 30 30 30 33 38 4B 0A 23 45 58 54 49 4E 46 3A 2D    00038K.#EXTINF:-
00001960: 31 20 63 68 61 6E 6E 65 6C 2D 69 64 3D 22 55 53    1 channel-id="US
00001970: 32 39 30 30 30 31 32 54 38 22 20 74 76 67 2D 69    2900012T8" tvg-i
00001980: 64 3D 22 55 53 32 39 30 30 30 31 32 54 38 22 20    d="US2900012T8" 
00001990: 74 76 67 2D 63 68 6E 6F 3D 22 33 36 38 34 22 20    tvg-chno="3684" 
000019a0: 74 76 67 2D 6E 61 6D 65 3D 22 50 6F 77 65 72 20    tvg-name="Power 
000019b0: 52 61 6E 67 65 72 73 22 20 74 76 67 2D 6C 6F 67    Rangers" tvg-log
000019c0: 6F 3D 22 68 74 74 70 73 3A 2F 2F 74 76 70 6E 6C    o="https://tvpnl
000019d0: 6F 67 6F 70 75 73 2E 73 61 6D 73 75 6E 67 63 6C    ogopus.samsungcl
000019e0: 6F 75 64 2E 74 76 2F 70 6C 61 74 66 6F 72 6D 2F    oud.tv/platform/
000019f0: 69 6D 61 67 65 2F 73 6F 75 72 63 65 6C 6F 67 6F    image/sourcelogo
00001a00: 2F 76 63 2F 30 30 2F 30 32 2F 33 34 2F 55 53 32    /vc/00/02/34/US2
00001a10: 39 30 30 30 31 32 54 38 5F 32 30 32 34 31 30 30    900012T8_2024100
00001a20: 37 54 31 37 30 39 30 34 53 51 55 41 52 45 2E 70    7T170904SQUARE.p
00001a30: 6E 67 22 20 67 72 6F 75 70 2D 74 69 74 6C 65 3D    ng" group-title=
00001a40: 22 4B 69 64 73 22 2C 50 6F 77 65 72 20 52 61 6E    "Kids",Power Ran
00001a50: 67 65 72 73 0A 68 74 74 70 73 3A 2F 2F 6A 6D 70    gers.https://jmp
00001a60: 32 2E 75 6B 2F 73 74 76 70 2D 55 53 32 39 30 30    2.uk/stvp-US2900
00001a70: 30 31 32 54 38 0A 23 45 58 54 49 4E 46 3A 2D 31    012T8.#EXTINF:-1
00001a80: 20 63 68 61 6E 6E 65 6C 2D 69 64 3D 22 55 53 42     channel-id="USB
00001a90: 44 32 35 30 30 30 31 37 58 51 22 20 74 76 67 2D    D2500017XQ" tvg-
00001aa0: 69 64 3D 22 55 53 42 44 32 35 30 30 30 31 37 58    id="USBD2500017X
00001ab0: 51 22 20 74 76 67 2D 63 68 6E 6F 3D 22 32 35 33    Q" tvg-chno="253
00001ac0: 35 22 20 74 76 67 2D 6E 61 6D 65 3D 22 50 4F 57    5" tvg-name="POW
00001ad0: 45 52 4E 41 54 49 4F 4E 22 20 74 76 67 2D 6C 6F    ERNATION" tvg-lo
00001ae0: 67 6F 3D 22 68 74 74 70 73 3A 2F 2F 74 76 70 6E    go="https://tvpn
00001af0: 6C 6F 67 6F 70 75 73 2E 73 61 6D 73 75 6E 67 63    logopus.samsungc
00001b00: 6C 6F 75 64 2E 74 76 2F 70 6C 61 74 66 6F 72 6D    loud.tv/platform
00001b10: 2F 69 6D 61 67 65 2F 73 6F 75 72 63 65 6C 6F 67    /image/sourcelog
00001b20: 6F 2F 76 63 2F 30 30 2F 30 32 2F 33 34 2F 55 53    o/vc/00/02/34/US
00001b30: 42 44 32 35 30 30 30 31 37 58 51 5F 32 30 32 34    BD2500017XQ_2024
00001b40: 30 35 32 38 54 30 32 30 37 32 35 53 51 55 41 52    0528T020725SQUAR
00001b50: 45 2E 70 6E 67 22 20 67 72 6F 75 70 2D 74 69 74    E.png" group-tit
00001b60: 6C 65 3D 22 4D 6F 74 6F 72 20 53 70 6F 72 74 73    le="Motor Sports
00001b70: 22 2C 50 4F 57 45 52 4E 41 54 49 4F 4E 0A 68 74    ",POWERNATION.ht
00001b80: 74 70 73 3A 2F 2F 6A 6D 70 32 2E 75 6B 2F 73 74    tps://jmp2.uk/st
00001b90: 76 70 2D 55 53 42 44 32 35 30 30 30 31 37 58 51    vp-USBD2500017XQ
00001ba0: 0A 23 45 58 54 49 4E 46 3A 2D 31 20 63 68 61 6E    .#EXTINF:-1 chan
00001bb0: 6E 65 6C 2D 69 64 3D 22 55 53 42 42 33 35 30 30    nel-id="USBB3500
00001bc0: 30 30 34 52 43 22 20 74 76 67 2D 69 64 3D 22 55    004RC" tvg-id="U
00001bd0: 53 42 42 33 35 30 30 30 30 34 52 43 22 20 74 76    SBB3500004RC" tv
00001be0: 67 2D 63 68 6E 6F 3D 22 32 37 35 39 22 20 74 76    g-chno="2759" tv
00001bf0: 67 2D 6E 61 6D 65 3D 22 50 72 6F 6A 65 63 74 20    g-name="Project 
00001c00: 52 75 6E 77 61 79 22 20 74 76 67 2D 6C 6F 67 6F    Runway" tvg-logo
00001c10: 3D 22 68 74 74 70 73 3A 2F 2F 74 76 70 6E 6C 6F    ="https://tvpnlo
00001c20: 67 6F 70 75 73 2E 73 61 6D 73 75 6E 67 63 6C 6F    gopus.samsungclo
00001c30: 75 64 2E 74 76 2F 70 6C 61 74 66 6F 72 6D 2F 69    ud.tv/platform/i
00001c40: 6D 61 67 65 2F 73 6F 75 72 63 65 6C 6F 67 6F 2F    mage/sourcelogo/
00001c50: 76 63 2F 30 30 2F 30 32 2F 33 34 2F 55 53 42 42    vc/00/02/34/USBB
00001c60: 33 35 30 30 30 30 34 52 43 5F 32 30 32 35 31 31    3500004RC_202511
00001c70: 32 35 54 30 33 30 38 32 39 53 51 55 41 52 45 2E    25T030829SQUARE.
00001c80: 70 6E 67 22 20 67 72 6F 75 70 2D 74 69 74 6C 65    png" group-title
00001c90: 3D 22 52 65 61 6C 69 74 79 20 43 6F 6D 70 65 74    ="Reality Compet
00001ca0: 69 74 69 6F 6E 22 2C 50 72 6F 6A 65 63 74 20 52    ition",Project R
00001cb0: 75 6E 77 61 79 0A 68 74 74 70 73 3A 2F 2F 6A 6D    unway.https://jm
00001cc0: 70 32 2E 75 6B 2F 73 74 76 70 2D 55 53 42 42 33    p2.uk/stvp-USBB3
00001cd0: 35 30 30 30 30 34 52 43 0A 23 45 58 54 49 4E 46    500004RC.#EXTINF
00001ce0: 3A 2D 31 20 63 68 61 6E 6E 65 6C 2D 69 64 3D 22    :-1 channel-id="
00001cf0: 55 53 42 44 31 37 30 30 30 30 32 35 4A 22 20 74    USBD17000025J" t
00001d00: 76 67 2D 69 64 3D 22 55 53 42 44 31 37 30 30 30    vg-id="USBD17000
00001d10: 30 32 35 4A 22 20 74 76 67 2D 63 68 6E 6F 3D 22    025J" tvg-chno="
00001d20: 32 34 38 39 22 20 74 76 67 2D 6E 61 6D 65 3D 22    2489" tvg-name="
00001d30: 50 75 72 73 75 69 74 20 55 50 22 20 74 76 67 2D    Pursuit UP" tvg-
00001d40: 6C 6F 67 6F 3D 22 68 74 74 70 73 3A 2F 2F 74 76    logo="https://tv
00001d50: 70 6E 6C 6F 67 6F 70 75 73 2E 73 61 6D 73 75 6E    pnlogopus.samsun
00001d60: 67 63 6C 6F 75 64 2E 74 76 2F 70 6C 61 74 66 6F    gcloud.tv/platfo
00001d70: 72 6D 2F 69 6D 61 67 65 2F 73 6F 75 72 63 65 6C    rm/image/sourcel
00001d80: 6F 67 6F 2F 76 63 2F 30 30 2F 30 32 2F 33 34 2F    ogo/vc/00/02/34/
00001d90: 55 53 42 44 31 37 30 30 30 30 32 35 4A 5F 32 30    USBD17000025J_20
00001da0: 32 34 30 35 32 30 54 32 32 30 31 33 37 53 51 55    240520T220137SQU
00001db0: 41 52 45 2E 70 6E 67 22 20 67 72 6F 75 70 2D 74    ARE.png" group-t
00001dc0: 69 74 6C 65 3D 22 53 70 6F 72 74 73 20 26 20 4F    itle="Sports & O
00001dd0: 75 74 64 6F 6F 72 73 22 2C 50 75 72 73 75 69 74    utdoors",Pursuit
00001de0: 20 55 50 0A 68 74 74 70 73 3A 2F 2F 6A 6D 70 32     UP.https://jmp2
00001df0: 2E 75 6B 2F 73 74 76 70 2D 55 53 42 44 31 37 30    .uk/stvp-USBD170
00001e00: 30 30 30 32 35 4A 0A 23 45 58 54 49 4E 46 3A 2D    00025J.#EXTINF:-
00001e10: 31 20 63 68 61 6E 6E 65 6C 2D 69 64 3D 22 55 53    1 channel-id="US
00001e20: 42 44 33 35 30 30 30 32 34 59 42 22 20 74 76 67    BD3500024YB" tvg
00001e30: 2D 69 64 3D 22 55 53 42 44 33 35 30 30 30 32 34    -id="USBD3500024
00001e40: 59 42 22 20 74 76 67 2D 63 68 6E 6F 3D 22 34 34    YB" tvg-chno="44
00001e50: 36 32 22 20 74 76 67 2D 6E 61 6D 65 3D 22 51 65    62" tvg-name="Qe
00001e60: 6C 6C 6F 20 43 6F 6E 63 65 72 74 73 20 62 79 20    llo Concerts by 
00001e70: 53 74 69 6E 67 72 61 79 22 20 74 76 67 2D 6C 6F    Stingray" tvg-lo
00001e80: 67 6F 3D 22 68 74 74 70 73 3A 2F 2F 74 76 70 6E    go="https://tvpn
00001e90: 6C 6F 67 6F 70 75 73 2E 73 61 6D 73 75 6E 67 63    logopus.samsungc
00001ea0: 6C 6F 75 64 2E 74 76 2F 70 6C 61 74 66 6F 72 6D    loud.tv/platform
00001eb0: 2F 69 6D 61 67 65 2F 73 6F 75 72 63 65 6C 6F 67    /image/sourcelog
00001ec0: 6F 2F 76 63 2F 30 30 2F 30 32 2F 33 34 2F 55 53    o/vc/00/02/34/US
00001ed0: 42 44 33 35 30 30 30 32 34 59 42 5F 32 30 32 35    BD3500024YB_2025
00001ee0: 30 31 32 31 54 31 30 31 31 34 36 53 51 55 41 52    0121T101146SQUAR
00001ef0: 45 2E 70 6E 67 22 20 67 72 6F 75 70 2D 74 69 74    E.png" group-tit
00001f00: 6C 65 3D 22 4D 75 73 69 63 22 2C 51 65 6C 6C 6F    le="Music",Qello
00001f10: 20 43 6F 6E 63 65 72 74 73 20 62 79 20 53 74 69     Concerts by Sti
00001f20: 6E 67 72 61 79 0A 68 74 74 70 73 3A 2F 2F 6A 6D    ngray.https://jm
00001f30: 70 32 2E 75 6B 2F 73 74 76 70 2D 55 53 42 44 33    p2.uk/stvp-USBD3
00001f40: 35 30 30 30 32 34 59 42 0A 23 45 58 54 49 4E 46    500024YB.#EXTINF
00001f50: 3A 2D 31 20 63 68 61 6E 6E 65 6C 2D 69 64 3D 22    :-1 channel-id="
00001f60: 55 53 42 44 31 37 30 30 30 31 39 52 4E 22 20 74    USBD1700019RN" t
00001f70: 76 67 2D 69 64 3D 22 55 53 42 44 31 37 30 30 30    vg-id="USBD17000
00001f80: 31 39 52 4E 22 20 74 76 67 2D 63 68 6E 6F 3D 22    19RN" tvg-chno="
00001f90: 32 35 33 30 22 20 74 76 67 2D 6E 61 6D 65 3D 22    2530" tvg-name="
00001fa0: 52 41 43 45 52 20 53 65 6C 65 63 74 22 20 74 76    RACER Select" tv
00001fb0: 67 2D 6C 6F 67 6F 3D 22 68 74 74 70 73 3A 2F 2F    g-logo="https://
00001fc0: 74 76 70 6E 6C 6F 67 6F 70 75 73 2E 73 61 6D 73    tvpnlogopus.sams
00001fd0: 75 6E 67 63 6C 6F 75 64 2E 74 76 2F 70 6C 61 74    ungcloud.tv/plat
00001fe0: 66 6F 72 6D 2F 69 6D 61 67 65 2F 73 6F 75 72 63    form/image/sourc
00001ff0: 65 6C 6F 67 6F 2F 76 63 2F 30 30 2F 30 32 2F 33    elogo/vc/00/02/3
00002000: 34 2F 55 53 42 44 31 37 30 30 30 31 39 52 4E 5F    4/USBD1700019RN_
00002010: 32 30 32 35 30 38 31 39 54 32 32 34 33 35 33 53    20250819T224353S
00002020: 51 55 41 52 45 2E 70 6E 67 22 20 67 72 6F 75 70    QUARE.png" group
00002030: 2D 74 69 74 6C 65 3D 22 4D 6F 74 6F 72 20 53 70    -title="Motor Sp
00002040: 6F 72 74 73 22 2C 52 41 43 45 52 20 53 65 6C 65    orts",RACER Sele
00002050: 63 74 0A 68 74 74 70 73 3A 2F 2F 6A 6D 70 32 2E    ct.https://jmp2.
00002060: 75 6B 2F 73 74 76 70 2D 55 53 42 44 31 37 30 30    uk/stvp-USBD1700
00002070: 30 31 39 52 4E 0A 23 45 58 54 49 4E 46 3A 2D 31    019RN.#EXTINF:-1
00002080: 20 63 68 61 6E 6E 65 6C 2D 69 64 3D 22 55 53 42     channel-id="USB
00002090: 44 33 33 30 30 30 31 35 42 59 22 20 74 76 67 2D    D3300015BY" tvg-
000020a0: 69 64 3D 22 55 53 42 44 33 33 30 30 30 31 35 42    id="USBD3300015B
000020b0: 59 22 20 74 76 67 2D 63 68 6E 6F 3D 22 33 36 35    Y" tvg-chno="365
000020c0: 37 22 20 74 76 67 2D 6E 61 6D 65 3D 22 52 61 69    7" tvg-name="Rai
000020d0: 6E 62 6F 77 20 52 75 62 79 22 20 74 76 67 2D 6C    nbow Ruby" tvg-l
000020e0: 6F 67 6F 3D 22 68 74 74 70 73 3A 2F 2F 74 76 70    ogo="https://tvp
000020f0: 6E 6C 6F 67 6F 70 75 73 2E 73 61 6D 73 75 6E 67    nlogopus.samsung
00002100: 63 6C 6F 75 64 2E 74 76 2F 70 6C 61 74 66 6F 72    cloud.tv/platfor
00002110: 6D 2F 69 6D 61 67 65 2F 73 6F 75 72 63 65 6C 6F    m/image/sourcelo
00002120: 67 6F 2F 76 63 2F 30 30 2F 30 32 2F 33 34 2F 55    go/vc/00/02/34/U
00002130: 53 42 44 33 33 30 30 30 31 35 42 59 5F 32 30 32    SBD3300015BY_202
00002140: 35 30 31 32 31 54 31 30 31 31 30 38 53 51 55 41    50121T101108SQUA
00002150: 52 45 2E 70 6E 67 22 20 67 72 6F 75 70 2D 74 69    RE.png" group-ti
00002160: 74 6C 65 3D 22 4B 69 64 73 22 2C 52 61 69 6E 62    tle="Kids",Rainb
00002170: 6F 77 20 52 75 62 79 0A 68 74 74 70 73 3A 2F 2F    ow Ruby.https://
00002180: 6A 6D 70 32 2E 75 6B 2F 73 74 76 70 2D 55 53 42    jmp2.uk/stvp-USB
00002190: 44 33 33 30 30 30 31 35 42 59 0A 23 45 58 54 49    D3300015BY.#EXTI
000021a0: 4E 46 3A 2D 31 20 63 68 61 6E 6E 65 6C 2D 69 64    NF:-1 channel-id
000021b0: 3D 22 55 53 31 34 30 30 30 30 33 30 59 22 20 74    ="US14000030Y" t
000021c0: 76 67 2D 69 64 3D 22 55 53 31 34 30 30 30 30 33    vg-id="US1400003
000021d0: 30 59 22 20 74 76 67 2D 63 68 6E 6F 3D 22 34 35    0Y" tvg-chno="45
000021e0: 33 30 22 20 74 76 67 2D 6E 61 6D 65 3D 22 52 61    30" tvg-name="Ra
000021f0: 69 6E 79 20 44 61 79 20 56 69 62 65 73 22 20 74    iny Day Vibes" t
00002200: 76 67 2D 6C 6F 67 6F 3D 22 68 74 74 70 73 3A 2F    vg-logo="https:/
00002210: 2F 74 76 70 6E 6C 6F 67 6F 70 75 73 2E 73 61 6D    /tvpnlogopus.sam
00002220: 73 75 6E 67 63 6C 6F 75 64 2E 74 76 2F 70 6C 61    sungcloud.tv/pla
00002230: 74 66 6F 72 6D 2F 69 6D 61 67 65 2F 73 6F 75 72    tform/image/sour
00002240: 63 65 6C 6F 67 6F 2F 76 63 2F 30 30 2F 30 32 2F    celogo/vc/00/02/
00002250: 33 34 2F 55 53 31 34 30 30 30 30 33 30 59 5F 32    34/US14000030Y_2
00002260: 30 32 35 30 32 31 37 54 32 31 30 38 32 37 53 51    0250217T210827SQ
00002270: 55 41 52 45 2E 70 6E 67 22 20 67 72 6F 75 70 2D    UARE.png" group-
00002280: 74 69 74 6C 65 3D 22 41 6D 62 69 61 6E 63 65 22    title="Ambiance"
00002290: 2C 52 61 69 6E 79 20 44 61 79 20 56 69 62 65 73    ,Rainy Day Vibes
000022a0: 0A 68 74 74 70 73 3A 2F 2F 6A 6D 70 32 2E 75 6B    .https://jmp2.uk
000022b0: 2F 73 74 76 70 2D 55 53 31 34 30 30 30 30 33 30    /stvp-US14000030
000022c0: 59 0A 23 45 58 54 49 4E 46 3A 2D 31 20 63 68 61    Y.#EXTINF:-1 cha
000022d0: 6E 6E 65 6C 2D 69 64 3D 22 55 53 42 42 31 39 30    nnel-id="USBB190
000022e0: 30 30 30 32 4B 46 22 20 74 76 67 2D 69 64 3D 22    0002KF" tvg-id="
000022f0: 55 53 42 42 31 39 30 30 30 30 32 4B 46 22 20 74    USBB1900002KF" t
00002300: 76 67 2D 63 68 6E 6F 3D 22 31 31 37 35 22 20 74    vg-chno="1175" t
00002310: 76 67 2D 6E 61 6D 65 3D 22 52 65 61 6C 20 41 6D    vg-name="Real Am
00002320: 65 72 69 63 61 27 73 20 56 6F 69 63 65 22 20 74    erica's Voice" t
00002330: 76 67 2D 6C 6F 67 6F 3D 22 68 74 74 70 73 3A 2F    vg-logo="https:/
00002340: 2F 74 76 70 6E 6C 6F 67 6F 70 75 73 2E 73 61 6D    /tvpnlogopus.sam
00002350: 73 75 6E 67 63 6C 6F 75 64 2E 74 76 2F 70 6C 61    sungcloud.tv/pla
00002360: 74 66 6F 72 6D 2F 69 6D 61 67 65 2F 73 6F 75 72    tform/image/sour
00002370: 63 65 6C 6F 67 6F 2F 76 63 2F 30 30 2F 30 32 2F    celogo/vc/00/02/
00002380: 33 34 2F 55 53 42 42 31 39 30 30 30 30 32 4B 46    34/USBB1900002KF
00002390: 5F 32 30 32 34 30 35 32 30 54 32 32 32 37 34 37    _20240520T222747
000023a0: 53 51 55 41 52 45 2E 70 6E 67 22 20 67 72 6F 75    SQUARE.png" grou
000023b0: 70 2D 74 69 74 6C 65 3D 22 4E 65 77 73 20 26 20    p-title="News & 
000023c0: 4F 70 69 6E 69 6F 6E 22 2C 52 65 61 6C 20 41 6D    Opinion",Real Am
000023d0: 65 72 69 63 61 27 73 20 56 6F 69 63 65 0A 68 74    erica's Voice.ht
000023e0: 74 70 73 3A 2F 2F 6A 6D 70 32 2E 75 6B 2F 73 74    tps://jmp2.uk/st
000023f0: 76 70 2D 55 53 42 42 31 39 30 30 30 30 32 4B 46    vp-USBB1900002KF
00002400: 0A 23 45 58 54 49 4E 46 3A 2D 31 20 63 68 61 6E    .#EXTINF:-1 chan
00002410: 6E 65 6C 2D 69 64 3D 22 55 53 31 38 30 30 30 30    nel-id="US180000
00002420: 35 39 56 22 20 74 76 67 2D 69 64 3D 22 55 53 31    59V" tvg-id="US1
00002430: 38 30 30 30 30 35 39 56 22 20 74 76 67 2D 63 68    8000059V" tvg-ch
00002440: 6E 6F 3D 22 31 39 31 39 22 20 74 76 67 2D 6E 61    no="1919" tvg-na
00002450: 6D 65 3D 22 52 65 61 6C 20 48 6F 75 73 65 77 69    me="Real Housewi
00002460: 76 65 73 20 56 61 75 6C 74 22 20 74 76 67 2D 6C    ves Vault" tvg-l
00002470: 6F 67 6F 3D 22 68 74 74 70 73 3A 2F 2F 74 76 70    ogo="https://tvp
00002480: 6E 6C 6F 67 6F 70 75 73 2E 73 61 6D 73 75 6E 67    nlogopus.samsung
00002490: 63 6C 6F 75 64 2E 74 76 2F 70 6C 61 74 66 6F 72    cloud.tv/platfor
000024a0: 6D 2F 69 6D 61 67 65 2F 73 6F 75 72 63 65 6C 6F    m/image/sourcelo
000024b0: 67 6F 2F 76 63 2F 30 30 2F 30 32 2F 33 34 2F 55    go/vc/00/02/34/U
000024c0: 53 31 38 30 30 30 30 35 39 56 5F 32 30 32 35 31    S18000059V_20251
000024d0: 31 32 35 54 30 33 30 39 34 38 53 51 55 41 52 45    125T030948SQUARE
000024e0: 2E 70 6E 67 22 20 67 72 6F 75 70 2D 74 69 74 6C    .png" group-titl
000024f0: 65 3D 22 52 65 61 6C 69 74 79 20 54 56 22 2C 52    e="Reality TV",R
00002500: 65 61 6C 20 48 6F 75 73 65 77 69 76 65 73 20 56    eal Housewives V
00002510: 61 75 6C 74 0A 68 74 74 70 73 3A 2F 2F 6A 6D 70    ault.https://jmp
00002520: 32 2E 75 6B 2F 73 74 76 70 2D 55 53 31 38 30 30    2.uk/stvp-US1800
00002530: 30 30 35 39 56 0A 23 45 58 54 49 4E 46 3A 2D 31    0059V.#EXTINF:-1
00002540: 20 63 68 61 6E 6E 65 6C 2D 69 64 3D 22 55 53 42     channel-id="USB
00002550: 44 31 37 30 30 30 31 38 49 49 22 20 74 76 67 2D    D1700018II" tvg-
00002560: 69 64 3D 22 55 53 42 44 31 37 30 30 30 31 38 49    id="USBD1700018I
00002570: 49 22 20 74 76 67 2D 63 68 6E 6F 3D 22 33 39 35    I" tvg-chno="395
00002580: 35 22 20 74 76 67 2D 6E 61 6D 65 3D 22 52 65 62    5" tvg-name="Reb
00002590: 65 6C 64 65 22 20 74 76 67 2D 6C 6F 67 6F 3D 22    elde" tvg-logo="
000025a0: 68 74 74 70 73 3A 2F 2F 74 76 70 6E 6C 6F 67 6F    https://tvpnlogo
000025b0: 70 75 73 2E 73 61 6D 73 75 6E 67 63 6C 6F 75 64    pus.samsungcloud
000025c0: 2E 74 76 2F 70 6C 61 74 66 6F 72 6D 2F 69 6D 61    .tv/platform/ima
000025d0: 67 65 2F 73 6F 75 72 63 65 6C 6F 67 6F 2F 76 63    ge/sourcelogo/vc
000025e0: 2F 30 30 2F 30 32 2F 33 34 2F 55 53 42 44 31 37    /00/02/34/USBD17
000025f0: 30 30 30 31 38 49 49 5F 32 30 32 34 31 32 32 38    00018II_20241228
00002600: 54 30 31 31 35 33 34 53 51 55 41 52 45 2E 70 6E    T011534SQUARE.pn
00002610: 67 22 20 67 72 6F 75 70 2D 74 69 74 6C 65 3D 22    g" group-title="
00002620: 4C 61 74 69 6E 6F 22 2C 52 65 62 65 6C 64 65 0A    Latino",Rebelde.
00002630: 68 74 74 70 73 3A 2F 2F 6A 6D 70 32 2E 75 6B 2F    https://jmp2.uk/
00002640: 73 74 76 70 2D 55 53 42 44 31 37 30 30 30 31 38    stvp-USBD1700018
00002650: 49 49 0A 23 45 58 54 49 4E 46 3A 2D 31 20 63 68    II.#EXTINF:-1 ch
00002660: 61 6E 6E 65 6C 2D 69 64 3D 22 55 53 42 42 33 32    annel-id="USBB32
00002670: 30 30 30 30 31 4D 47 22 20 74 76 67 2D 69 64 3D    00001MG" tvg-id=
00002680: 22 55 53 42 42 33 32 30 30 30 30 31 4D 47 22 20    "USBB3200001MG" 
00002690: 74 76 67 2D 63 68 6E 6F 3D 22 31 38 34 35 22 20    tvg-chno="1845" 
000026a0: 74 76 67 2D 6E 61 6D 65 3D 22 52 45 45 4C 5A 20    tvg-name="REELZ 
000026b0: 46 61 6D 6F 75 73 20 26 20 49 6E 66 61 6D 6F 75    Famous & Infamou
000026c0: 73 22 20 74 76 67 2D 6C 6F 67 6F 3D 22 68 74 74    s" tvg-logo="htt
000026d0: 70 73 3A 2F 2F 74 76 70 6E 6C 6F 67 6F 70 75 73    ps://tvpnlogopus
000026e0: 2E 73 61 6D 73 75 6E 67 63 6C 6F 75 64 2E 74 76    .samsungcloud.tv
000026f0: 2F 70 6C 61 74 66 6F 72 6D 2F 69 6D 61 67 65 2F    /platform/image/
00002700: 73 6F 75 72 63 65 6C 6F 67 6F 2F 76 63 2F 30 30    sourcelogo/vc/00
00002710: 2F 30 32 2F 33 34 2F 55 53 42 42 33 32 30 30 30    /02/34/USBB32000
00002720: 30 31 4D 47 5F 32 30 32 34 30 35 32 30 54 32 32    01MG_20240520T22
00002730: 31 33 32 39 53 51 55 41 52 45 2E 70 6E 67 22 20    1329SQUARE.png" 
00002740: 67 72 6F 75 70 2D 74 69 74 6C 65 3D 22 43 72 69    group-title="Cri
00002750: 6D 65 22 2C 52 45 45 4C 5A 20 46 61 6D 6F 75 73    me",REELZ Famous
00002760: 20 26 20 49 6E 66 61 6D 6F 75 73 0A 68 74 74 70     & Infamous.http
00002770: 73 3A 2F 2F 6A 6D 70 32 2E 75 6B 2F 73 74 76 70    s://jmp2.uk/stvp
00002780: 2D 55 53 42 42 33 32 30 30 30 30 31 4D 47 0A 23    -USBB3200001MG.#
00002790: 45 58 54 49 4E 46 3A 2D 31 20 63 68 61 6E 6E 65    EXTINF:-1 channe
000027a0: 6C 2D 69 64 3D 22 55 53 42 43 33 36 30 30 30 30    l-id="USBC360000
000027b0: 37 33 4A 22 20 74 76 67 2D 69 64 3D 22 55 53 42    73J" tvg-id="USB
000027c0: 43 33 36 30 30 30 30 37 33 4A 22 20 74 76 67 2D    C36000073J" tvg-
000027d0: 63 68 6E 6F 3D 22 33 32 30 37 22 20 74 76 67 2D    chno="3207" tvg-
000027e0: 6E 61 6D 65 3D 22 52 65 74 72 6F 43 72 75 73 68    name="RetroCrush
000027f0: 22 20 74 76 67 2D 6C 6F 67 6F 3D 22 68 74 74 70    " tvg-logo="http
00002800: 73 3A 2F 2F 74 76 70 6E 6C 6F 67 6F 70 75 73 2E    s://tvpnlogopus.
00002810: 73 61 6D 73 75 6E 67 63 6C 6F 75 64 2E 74 76 2F    samsungcloud.tv/
00002820: 70 6C 61 74 66 6F 72 6D 2F 69 6D 61 67 65 2F 73    platform/image/s
00002830: 6F 75 72 63 65 6C 6F 67 6F 2F 76 63 2F 30 30 2F    ourcelogo/vc/00/
00002840: 30 32 2F 33 34 2F 55 53 42 43 33 36 30 30 30 30    02/34/USBC360000
00002850: 37 33 4A 5F 32 30 32 35 30 37 30 31 54 32 32 34    73J_20250701T224
00002860: 35 32 35 53 51 55 41 52 45 2E 70 6E 67 22 20 67    525SQUARE.png" g
00002870: 72 6F 75 70 2D 74 69 74 6C 65 3D 22 41 6E 69 6D    roup-title="Anim
00002880: 65 20 26 20 47 61 6D 69 6E 67 22 2C 52 65 74 72    e & Gaming",Retr
00002890: 6F 43 72 75 73 68 0A 68 74 74 70 73 3A 2F 2F 6A    oCrush.https://j
000028a0: 6D 70 32 2E 75 6B 2F 73 74 76 70 2D 55 53 42 43    mp2.uk/stvp-USBC
000028b0: 33 36 30 30 30 30 37 33 4A 0A 23 45 58 54 49 4E    36000073J.#EXTIN
000028c0: 46 3A 2D 31 20 63 68 61 6E 6E 65 6C 2D 69 64 3D    F:-1 channel-id=
000028d0: 22 55 53 42 44 33 33 30 30 30 31 36 41 4B 22 20    "USBD3300016AK" 
000028e0: 74 76 67 2D 69 64 3D 22 55 53 42 44 33 33 30 30    tvg-id="USBD3300
000028f0: 30 31 36 41 4B 22 20 74 76 67 2D 63 68 6E 6F 3D    016AK" tvg-chno=
00002900: 22 33 36 36 33 22 20 74 76 67 2D 6E 61 6D 65 3D    "3663" tvg-name=
00002910: 22 52 65 76 20 61 6E 64 20 52 6F 6C 6C 22 20 74    "Rev and Roll" t
00002920: 76 67 2D 6C 6F 67 6F 3D 22 68 74 74 70 73 3A 2F    vg-logo="https:/
00002930: 2F 74 76 70 6E 6C 6F 67 6F 70 75 73 2E 73 61 6D    /tvpnlogopus.sam
00002940: 73 75 6E 67 63 6C 6F 75 64 2E 74 76 2F 70 6C 61    sungcloud.tv/pla
00002950: 74 66 6F 72 6D 2F 69 6D 61 67 65 2F 73 6F 75 72    tform/image/sour
00002960: 63 65 6C 6F 67 6F 2F 76 63 2F 30 30 2F 30 32 2F    celogo/vc/00/02/
00002970: 33 34 2F 55 53 42 44 33 33 30 30 30 31 36 41 4B    34/USBD3300016AK
00002980: 5F 32 30 32 35 30 31 32 31 54 31 30 31 31 31 31    _20250121T101111
00002990: 53 51 55 41 52 45 2E 70 6E 67 22 20 67 72 6F 75    SQUARE.png" grou
000029a0: 70 2D 74 69 74 6C 65 3D 22 4B 69 64 73 22 2C 52    p-title="Kids",R
000029b0: 65 76 20 61 6E 64 20 52 6F 6C 6C 0A 68 74 74 70    ev and Roll.http
000029c0: 73 3A 2F 2F 6A 6D 70 32 2E 75 6B 2F 73 74 76 70    s://jmp2.uk/stvp
000029d0: 2D 55 53 42 44 33 33 30 30 30 31 36 41 4B 0A 23    -USBD3300016AK.#
000029e0: 45 58 54 49 4E 46 3A 2D 31 20 63 68 61 6E 6E 65    EXTINF:-1 channe
000029f0: 6C 2D 69 64 3D 22 55 53 42 41 33 38 30 30 30 30    l-id="USBA380000
00002a00: 33 56 50 22 20 74 76 67 2D 69 64 3D 22 55 53 42    3VP" tvg-id="USB
00002a10: 41 33 38 30 30 30 30 33 56 50 22 20 74 76 67 2D    A3800003VP" tvg-
00002a20: 63 68 6E 6F 3D 22 32 39 35 38 22 20 74 76 67 2D    chno="2958" tvg-
00002a30: 6E 61 6D 65 3D 22 52 65 76 72 79 22 20 74 76 67    name="Revry" tvg
00002a40: 2D 6C 6F 67 6F 3D 22 68 74 74 70 73 3A 2F 2F 74    -logo="https://t
00002a50: 76 70 6E 6C 6F 67 6F 70 75 73 2E 73 61 6D 73 75    vpnlogopus.samsu
00002a60: 6E 67 63 6C 6F 75 64 2E 74 76 2F 70 6C 61 74 66    ngcloud.tv/platf
00002a70: 6F 72 6D 2F 69 6D 61 67 65 2F 73 6F 75 72 63 65    orm/image/source
00002a80: 6C 6F 67 6F 2F 76 63 2F 30 30 2F 30 32 2F 33 34    logo/vc/00/02/34
00002a90: 2F 55 53 42 41 33 38 30 30 30 30 33 56 50 5F 32    /USBA3800003VP_2
00002aa0: 30 32 35 30 36 30 33 54 30 31 30 37 30 34 53 51    0250603T010704SQ
00002ab0: 55 41 52 45 2E 70 6E 67 22 20 67 72 6F 75 70 2D    UARE.png" group-
00002ac0: 74 69 74 6C 65 3D 22 4C 69 66 65 73 74 79 6C 65    title="Lifestyle
00002ad0: 20 26 20 50 6F 70 20 43 75 6C 74 75 72 65 22 2C     & Pop Culture",
00002ae0: 52 65 76 72 79 0A 68 74 74 70 73 3A 2F 2F 6A 6D    Revry.https://jm
00002af0: 70 32 2E 75 6B 2F 73 74 76 70 2D 55 53 42 41 33    p2.uk/stvp-USBA3
00002b00: 38 30 30 30 30 33 56 50 0A 23 45 58 54 49 4E 46    800003VP.#EXTINF
00002b10: 3A 2D 31 20 63 68 61 6E 6E 65 6C 2D 69 64 3D 22    :-1 channel-id="
00002b20: 55 53 41 4A 33 35 30 34 37 30 36 41 22 20 74 76    USAJ3504706A" tv
00002b30: 67 2D 69 64 3D 22 55 53 41 4A 33 35 30 34 37 30    g-id="USAJ350470
00002b40: 36 41 22 20 74 76 67 2D 63 68 6E 6F 3D 22 32 36    6A" tvg-chno="26
00002b50: 39 30 22 20 74 76 67 2D 6E 61 6D 65 3D 22 52 69    90" tvg-name="Ri
00002b60: 66 66 54 72 61 78 22 20 74 76 67 2D 6C 6F 67 6F    ffTrax" tvg-logo
00002b70: 3D 22 68 74 74 70 73 3A 2F 2F 74 76 70 6E 6C 6F    ="https://tvpnlo
00002b80: 67 6F 70 75 73 2E 73 61 6D 73 75 6E 67 63 6C 6F    gopus.samsungclo
00002b90: 75 64 2E 74 76 2F 70 6C 61 74 66 6F 72 6D 2F 69    ud.tv/platform/i
00002ba0: 6D 61 67 65 2F 73 6F 75 72 63 65 6C 6F 67 6F 2F    mage/sourcelogo/
00002bb0: 76 63 2F 30 30 2F 30 32 2F 33 34 2F 55 53 41 4A    vc/00/02/34/USAJ
00002bc0: 33 35 30 34 37 30 36 41 5F 32 30 32 35 30 36 31    3504706A_2025061
00002bd0: 30 54 32 33 31 38 30 34 53 51 55 41 52 45 2E 70    0T231804SQUARE.p
00002be0: 6E 67 22 20 67 72 6F 75 70 2D 74 69 74 6C 65 3D    ng" group-title=
00002bf0: 22 43 6F 6D 65 64 79 22 2C 52 69 66 66 54 72 61    "Comedy",RiffTra
00002c00: 78 0A 68 74 74 70 73 3A 2F 2F 6A 6D 70 32 2E 75    x.https://jmp2.u
00002c10: 6B 2F 73 74 76 70 2D 55 53 41 4A 33 35 30 34 37    k/stvp-USAJ35047
00002c20: 30 36 41 0A 23 45 58 54 49 4E 46 3A 2D 31 20 63    06A.#EXTINF:-1 c
00002c30: 68 61 6E 6E 65 6C 2D 69 64 3D 22 55 53 34 35 30    hannel-id="US450
00002c40: 30 30 30 31 44 4D 22 20 74 76 67 2D 69 64 3D 22    0001DM" tvg-id="
00002c50: 55 53 34 35 30 30 30 30 31 44 4D 22 20 74 76 67    US4500001DM" tvg
00002c60: 2D 63 68 6E 6F 3D 22 31 39 39 35 22 20 74 76 67    -chno="1995" tvg
00002c70: 2D 6E 61 6D 65 3D 22 52 49 47 20 54 56 22 20 74    -name="RIG TV" t
00002c80: 76 67 2D 6C 6F 67 6F 3D 22 68 74 74 70 73 3A 2F    vg-logo="https:/
00002c90: 2F 74 76 70 6E 6C 6F 67 6F 70 75 73 2E 73 61 6D    /tvpnlogopus.sam
00002ca0: 73 75 6E 67 63 6C 6F 75 64 2E 74 76 2F 70 6C 61    sungcloud.tv/pla
00002cb0: 74 66 6F 72 6D 2F 69 6D 61 67 65 2F 73 6F 75 72    tform/image/sour
00002cc0: 63 65 6C 6F 67 6F 2F 76 63 2F 30 30 2F 30 32 2F    celogo/vc/00/02/
00002cd0: 33 34 2F 55 53 34 35 30 30 30 30 31 44 4D 5F 32    34/US4500001DM_2
00002ce0: 30 32 35 30 38 31 32 54 30 30 33 35 31 35 53 51    0250812T003515SQ
00002cf0: 55 41 52 45 2E 70 6E 67 22 20 67 72 6F 75 70 2D    UARE.png" group-
00002d00: 74 69 74 6C 65 3D 22 52 65 61 6C 69 74 79 20 54    title="Reality T
00002d10: 56 22 2C 52 49 47 20 54 56 0A 68 74 74 70 73 3A    V",RIG TV.https:
00002d20: 2F 2F 6A 6D 70 32 2E 75 6B 2F 73 74 76 70 2D 55    //jmp2.uk/stvp-U
00002d30: 53 34 35 30 30 30 30 31 44 4D 0A 23 45 58 54 49    S4500001DM.#EXTI
00002d40: 4E 46 3A 2D 31 20 63 68 61 6E 6E 65 6C 2D 69 64    NF:-1 channel-id
00002d50: 3D 22 55 53 37 30 30 30 30 32 5A 42 22 20 74 76    ="US700002ZB" tv
00002d60: 67 2D 69 64 3D 22 55 53 37 30 30 30 30 32 5A 42    g-id="US700002ZB
00002d70: 22 20 74 76 67 2D 63 68 6E 6F 3D 22 31 39 39 30    " tvg-chno="1990
00002d80: 22 20 74 76 67 2D 6E 61 6D 65 3D 22 52 6F 61 64    " tvg-name="Road
00002d90: 20 52 65 6E 65 67 61 64 65 73 22 20 74 76 67 2D     Renegades" tvg-
00002da0: 6C 6F 67 6F 3D 22 68 74 74 70 73 3A 2F 2F 74 76    logo="https://tv
00002db0: 70 6E 6C 6F 67 6F 70 75 73 2E 73 61 6D 73 75 6E    pnlogopus.samsun
00002dc0: 67 63 6C 6F 75 64 2E 74 76 2F 70 6C 61 74 66 6F    gcloud.tv/platfo
00002dd0: 72 6D 2F 69 6D 61 67 65 2F 73 6F 75 72 63 65 6C    rm/image/sourcel
00002de0: 6F 67 6F 2F 76 63 2F 30 30 2F 30 32 2F 33 34 2F    ogo/vc/00/02/34/
00002df0: 55 53 37 30 30 30 30 32 5A 42 5F 32 30 32 35 30    US700002ZB_20250
00002e00: 33 32 35 54 30 31 35 32 35 36 53 51 55 41 52 45    325T015256SQUARE
00002e10: 2E 70 6E 67 22 20 67 72 6F 75 70 2D 74 69 74 6C    .png" group-titl
00002e20: 65 3D 22 52 65 61 6C 69 74 79 20 54 56 22 2C 52    e="Reality TV",R
00002e30: 6F 61 64 20 52 65 6E 65 67 61 64 65 73 0A 68 74    oad Renegades.ht
00002e40: 74 70 73 3A 2F 2F 6A 6D 70 32 2E 75 6B 2F 73 74    tps://jmp2.uk/st
00002e50: 76 70 2D 55 53 37 30 30 30 30 32 5A 42 0A 23 45    vp-US700002ZB.#E
00002e60: 58 54 49 4E 46 3A 2D 31 20 63 68 61 6E 6E 65 6C    XTINF:-1 channel
00002e70: 2D 69 64 3D 22 55 53 34 35 30 30 30 30 35 5A 31    -id="US4500005Z1
00002e80: 22 20 74 76 67 2D 69 64 3D 22 55 53 34 35 30 30    " tvg-id="US4500
00002e90: 30 30 35 5A 31 22 20 74 76 67 2D 63 68 6E 6F 3D    005Z1" tvg-chno=
00002ea0: 22 32 33 33 39 22 20 74 76 67 2D 6E 61 6D 65 3D    "2339" tvg-name=
00002eb0: 22 52 6F 6B 75 20 53 70 6F 72 74 73 20 43 68 61    "Roku Sports Cha
00002ec0: 6E 6E 65 6C 22 20 74 76 67 2D 6C 6F 67 6F 3D 22    nnel" tvg-logo="
00002ed0: 68 74 74 70 73 3A 2F 2F 74 76 70 6E 6C 6F 67 6F    https://tvpnlogo
00002ee0: 70 75 73 2E 73 61 6D 73 75 6E 67 63 6C 6F 75 64    pus.samsungcloud
00002ef0: 2E 74 76 2F 70 6C 61 74 66 6F 72 6D 2F 69 6D 61    .tv/platform/ima
00002f00: 67 65 2F 73 6F 75 72 63 65 6C 6F 67 6F 2F 76 63    ge/sourcelogo/vc
00002f10: 2F 30 30 2F 30 32 2F 33 34 2F 55 53 34 35 30 30    /00/02/34/US4500
00002f20: 30 30 35 5A 31 5F 32 30 32 35 30 36 33 30 54 32    005Z1_20250630T2
00002f30: 33 32 35 32 37 53 51 55 41 52 45 2E 70 6E 67 22    32527SQUARE.png"
00002f40: 20 67 72 6F 75 70 2D 74 69 74 6C 65 3D 22 53 70     group-title="Sp
00002f50: 6F 72 74 73 20 26 20 4F 75 74 64 6F 6F 72 73 22    orts & Outdoors"
00002f60: 2C 52 6F 6B 75 20 53 70 6F 72 74 73 20 43 68 61    ,Roku Sports Cha
00002f70: 6E 6E 65 6C 0A 68 74 74 70 73 3A 2F 2F 6A 6D 70    nnel.https://jmp
00002f80: 32 2E 75 6B 2F 73 74 76 70 2D 55 53 34 35 30 30    2.uk/stvp-US4500
00002f90: 30 30 35 5A 31 0A 23 45 58 54 49 4E 46 3A 2D 31    005Z1.#EXTINF:-1
00002fa0: 20 63 68 61 6E 6E 65 6C 2D 69 64 3D 22 55 53 42     channel-id="USB
00002fb0: 43 32 34 30 30 30 32 34 46 4E 22 20 74 76 67 2D    C2400024FN" tvg-
00002fc0: 69 64 3D 22 55 53 42 43 32 34 30 30 30 32 34 46    id="USBC2400024F
00002fd0: 4E 22 20 74 76 67 2D 63 68 6E 6F 3D 22 33 35 31    N" tvg-chno="351
00002fe0: 34 22 20 74 76 67 2D 6E 61 6D 65 3D 22 52 6F 76    4" tvg-name="Rov
00002ff0: 72 20 50 65 74 73 22 20 74 76 67 2D 6C 6F 67 6F    r Pets" tvg-logo
00003000: 3D 22 68 74 74 70 73 3A 2F 2F 74 76 70 6E 6C 6F    ="https://tvpnlo
00003010: 67 6F 70 75 73 2E 73 61 6D 73 75 6E 67 63 6C 6F    gopus.samsungclo
00003020: 75 64 2E 74 76 2F 70 6C 61 74 66 6F 72 6D 2F 69    ud.tv/platform/i
00003030: 6D 61 67 65 2F 73 6F 75 72 63 65 6C 6F 67 6F 2F    mage/sourcelogo/
00003040: 76 63 2F 30 30 2F 30 32 2F 33 34 2F 55 53 42 43    vc/00/02/34/USBC
00003050: 32 34 30 30 30 32 34 46 4E 5F 32 30 32 34 30 35    2400024FN_202405
00003060: 32 30 54 32 31 34 38 33 32 53 51 55 41 52 45 2E    20T214832SQUARE.
00003070: 70 6E 67 22 20 67 72 6F 75 70 2D 74 69 74 6C 65    png" group-title
00003080: 3D 22 4E 61 74 75 72 65 2C 20 48 69 73 74 6F 72    ="Nature, Histor
00003090: 79 20 26 20 53 63 69 65 6E 63 65 22 2C 52 6F 76    y & Science",Rov
000030a0: 72 20 50 65 74 73 0A 68 74 74 70 73 3A 2F 2F 6A    r Pets.https://j
000030b0: 6D 70 32 2E 75 6B 2F 73 74 76 70 2D 55 53 42 43    mp2.uk/stvp-USBC
000030c0: 32 34 30 30 30 32 34 46 4E 0A 23 45 58 54 49 4E    2400024FN.#EXTIN
000030d0: 46 3A 2D 31 20 63 68 61 6E 6E 65 6C 2D 69 64 3D    F:-1 channel-id=
000030e0: 22 55 53 31 30 30 30 30 30 34 59 4A 22 20 74 76    "US1000004YJ" tv
000030f0: 67 2D 69 64 3D 22 55 53 31 30 30 30 30 30 34 59    g-id="US1000004Y
00003100: 4A 22 20 74 76 67 2D 63 68 6E 6F 3D 22 32 33 37    J" tvg-chno="237
00003110: 35 22 20 74 76 67 2D 6E 61 6D 65 3D 22 52 75 67    5" tvg-name="Rug
00003120: 62 79 50 61 73 73 20 54 56 22 20 74 76 67 2D 6C    byPass TV" tvg-l
00003130: 6F 67 6F 3D 22 68 74 74 70 73 3A 2F 2F 74 76 70    ogo="https://tvp
00003140: 6E 6C 6F 67 6F 70 75 73 2E 73 61 6D 73 75 6E 67    nlogopus.samsung
00003150: 63 6C 6F 75 64 2E 74 76 2F 70 6C 61 74 66 6F 72    cloud.tv/platfor
00003160: 6D 2F 69 6D 61 67 65 2F 73 6F 75 72 63 65 6C 6F    m/image/sourcelo
00003170: 67 6F 2F 76 63 2F 30 30 2F 30 32 2F 33 34 2F 55    go/vc/00/02/34/U
00003180: 53 31 30 30 30 30 30 34 59 4A 5F 32 30 32 35 30    S1000004YJ_20250
00003190: 37 31 34 54 32 32 33 31 33 39 53 51 55 41 52 45    714T223139SQUARE
000031a0: 2E 70 6E 67 22 20 67 72 6F 75 70 2D 74 69 74 6C    .png" group-titl
000031b0: 65 3D 22 53 70 6F 72 74 73 20 26 20 4F 75 74 64    e="Sports & Outd
000031c0: 6F 6F 72 73 22 2C 52 75 67 62 79 50 61 73 73 20    oors",RugbyPass 
000031d0: 54 56 0A 68 74 74 70 73 3A 2F 2F 6A 6D 70 32 2E    TV.https://jmp2.
000031e0: 75 6B 2F 73 74 76 70 2D 55 53 31 30 30 30 30 30    uk/stvp-US100000
000031f0: 34 59 4A 0A 23 45 58 54 49 4E 46 3A 2D 31 20 63    4YJ.#EXTINF:-1 c
00003200: 68 61 6E 6E 65 6C 2D 69 64 3D 22 55 53 42 44 31    hannel-id="USBD1
00003210: 32 30 30 30 32 33 39 4E 22 20 74 76 67 2D 69 64    2000239N" tvg-id
00003220: 3D 22 55 53 42 44 31 32 30 30 30 32 33 39 4E 22    ="USBD12000239N"
00003230: 20 74 76 67 2D 63 68 6E 6F 3D 22 33 36 39 36 22     tvg-chno="3696"
00003240: 20 74 76 67 2D 6E 61 6D 65 3D 22 52 79 61 6E 20     tvg-name="Ryan 
00003250: 61 6E 64 20 46 72 69 65 6E 64 73 22 20 74 76 67    and Friends" tvg
00003260: 2D 6C 6F 67 6F 3D 22 68 74 74 70 73 3A 2F 2F 74    -logo="https://t
00003270: 76 70 6E 6C 6F 67 6F 70 75 73 2E 73 61 6D 73 75    vpnlogopus.samsu
00003280: 6E 67 63 6C 6F 75 64 2E 74 76 2F 70 6C 61 74 66    ngcloud.tv/platf
00003290: 6F 72 6D 2F 69 6D 61 67 65 2F 73 6F 75 72 63 65    orm/image/source
000032a0: 6C 6F 67 6F 2F 76 63 2F 30 30 2F 30 32 2F 33 34    logo/vc/00/02/34
000032b0: 2F 55 53 42 44 31 32 30 30 30 32 33 39 4E 5F 32    /USBD12000239N_2
000032c0: 30 32 34 30 35 32 30 54 32 31 34 38 33 35 53 51    0240520T214835SQ
000032d0: 55 41 52 45 2E 70 6E 67 22 20 67 72 6F 75 70 2D    UARE.png" group-
000032e0: 74 69 74 6C 65 3D 22 4B 69 64 73 22 2C 52 79 61    title="Kids",Rya
000032f0: 6E 20 61 6E 64 20 46 72 69 65 6E 64 73 0A 68 74    n and Friends.ht
00003300: 74 70 73 3A 2F 2F 6A 6D 70 32 2E 75 6B 2F 73 74    tps://jmp2.uk/st
00003310: 76 70 2D 55 53 42 44 31 32 30 30 30 32 33 39 4E    vp-USBD12000239N
00003320: 0A 23 45 58 54 49 4E 46 3A 2D 31 20 63 68 61 6E    .#EXTINF:-1 chan
00003330: 6E 65 6C 2D 69 64 3D 22 55 53 32 30 30 30 30 31    nel-id="US200001
00003340: 35 5A 31 22 20 74 76 67 2D 69 64 3D 22 55 53 32    5Z1" tvg-id="US2
00003350: 30 30 30 30 31 35 5A 31 22 20 74 76 67 2D 63 68    000015Z1" tvg-ch
00003360: 6E 6F 3D 22 33 32 31 34 22 20 74 76 67 2D 6E 61    no="3214" tvg-na
00003370: 6D 65 3D 22 53 61 69 6C 6F 72 20 4D 6F 6F 6E 22    me="Sailor Moon"
00003380: 20 74 76 67 2D 6C 6F 67 6F 3D 22 68 74 74 70 73     tvg-logo="https
00003390: 3A 2F 2F 74 76 70 6E 6C 6F 67 6F 70 75 73 2E 73    ://tvpnlogopus.s
000033a0: 61 6D 73 75 6E 67 63 6C 6F 75 64 2E 74 76 2F 70    amsungcloud.tv/p
000033b0: 6C 61 74 66 6F 72 6D 2F 69 6D 61 67 65 2F 73 6F    latform/image/so
000033c0: 75 72 63 65 6C 6F 67 6F 2F 76 63 2F 30 30 2F 30    urcelogo/vc/00/0
000033d0: 32 2F 33 34 2F 55 53 32 30 30 30 30 31 35 5A 31    2/34/US2000015Z1
000033e0: 5F 32 30 32 35 30 36 32 33 54 32 32 34 37 32 38    _20250623T224728
000033f0: 53 51 55 41 52 45 2E 70 6E 67 22 20 67 72 6F 75    SQUARE.png" grou
00003400: 70 2D 74 69 74 6C 65 3D 22 41 6E 69 6D 65 20 26    p-title="Anime &
00003410: 20 47 61 6D 69 6E 67 22 2C 53 61 69 6C 6F 72 20     Gaming",Sailor 
00003420: 4D 6F 6F 6E 0A 68 74 74 70 73 3A 2F 2F 6A 6D 70    Moon.https://jmp
00003430: 32 2E 75 6B 2F 73 74 76 70 2D 55 53 32 30 30 30    2.uk/stvp-US2000
00003440: 30 31 35 5A 31 0A 23 45 58 54 49 4E 46 3A 2D 31    015Z1.#EXTINF:-1
00003450: 20 63 68 61 6E 6E 65 6C 2D 69 64 3D 22 55 53 33     channel-id="US3
00003460: 37 30 30 30 30 34 59 30 22 20 74 76 67 2D 69 64    700004Y0" tvg-id
00003470: 3D 22 55 53 33 37 30 30 30 30 34 59 30 22 20 74    ="US3700004Y0" t
00003480: 76 67 2D 63 68 6E 6F 3D 22 31 31 37 37 22 20 74    vg-chno="1177" t
00003490: 76 67 2D 6E 61 6D 65 3D 22 53 61 6C 65 6D 20 4E    vg-name="Salem N
000034a0: 65 77 73 20 43 68 61 6E 6E 65 6C 22 20 74 76 67    ews Channel" tvg
000034b0: 2D 6C 6F 67 6F 3D 22 68 74 74 70 73 3A 2F 2F 74    -logo="https://t
000034c0: 76 70 6E 6C 6F 67 6F 70 75 73 2E 73 61 6D 73 75    vpnlogopus.samsu
000034d0: 6E 67 63 6C 6F 75 64 2E 74 76 2F 70 6C 61 74 66    ngcloud.tv/platf
000034e0: 6F 72 6D 2F 69 6D 61 67 65 2F 73 6F 75 72 63 65    orm/image/source
000034f0: 6C 6F 67 6F 2F 76 63 2F 30 30 2F 30 32 2F 33 34    logo/vc/00/02/34
00003500: 2F 55 53 33 37 30 30 30 30 34 59 30 5F 32 30 32    /US3700004Y0_202
00003510: 34 31 30 32 32 54 30 30 34 34 33 34 53 51 55 41    41022T004434SQUA
00003520: 52 45 2E 70 6E 67 22 20 67 72 6F 75 70 2D 74 69    RE.png" group-ti
00003530: 74 6C 65 3D 22 4E 65 77 73 20 26 20 4F 70 69 6E    tle="News & Opin
00003540: 69 6F 6E 22 2C 53 61 6C 65 6D 20 4E 65 77 73 20    ion",Salem News 
00003550: 43 68 61 6E 6E 65 6C 0A 68 74 74 70 73 3A 2F 2F    Channel.https://
00003560: 6A 6D 70 32 2E 75 6B 2F 73 74 76 70 2D 55 53 33    jmp2.uk/stvp-US3
00003570: 37 30 30 30 30 34 59 30 0A 23 45 58 54 49 4E 46    700004Y0.#EXTINF
00003580: 3A 2D 31 20 63 68 61 6E 6E 65 6C 2D 69 64 3D 22    :-1 channel-id="
00003590: 55 53 33 30 30 30 36 38 58 37 22 20 74 76 67 2D    US300068X7" tvg-
000035a0: 69 64 3D 22 55 53 33 30 30 30 36 38 58 37 22 20    id="US300068X7" 
000035b0: 74 76 67 2D 63 68 6E 6F 3D 22 31 30 30 34 22 20    tvg-chno="1004" 
000035c0: 74 76 67 2D 6E 61 6D 65 3D 22 53 61 6D 73 75 6E    tvg-name="Samsun
000035d0: 67 20 54 65 6C 65 76 69 73 69 6F 6E 20 4E 65 74    g Television Net
000035e0: 77 6F 72 6B 22 20 74 76 67 2D 6C 6F 67 6F 3D 22    work" tvg-logo="
000035f0: 68 74 74 70 73 3A 2F 2F 74 76 70 6E 6C 6F 67 6F    https://tvpnlogo
00003600: 70 75 73 2E 73 61 6D 73 75 6E 67 63 6C 6F 75 64    pus.samsungcloud
00003610: 2E 74 76 2F 70 6C 61 74 66 6F 72 6D 2F 69 6D 61    .tv/platform/ima
00003620: 67 65 2F 73 6F 75 72 63 65 6C 6F 67 6F 2F 76 63    ge/sourcelogo/vc
00003630: 2F 30 30 2F 30 32 2F 33 34 2F 55 53 33 30 30 30    /00/02/34/US3000
00003640: 36 38 58 37 5F 32 30 32 35 31 31 32 35 54 30 33    68X7_20251125T03
00003650: 30 39 30 34 53 51 55 41 52 45 2E 70 6E 67 22 20    0904SQUARE.png" 
00003660: 67 72 6F 75 70 2D 74 69 74 6C 65 3D 22 41 63 74    group-title="Act
00003670: 69 6F 6E 20 26 20 44 72 61 6D 61 22 2C 53 61 6D    ion & Drama",Sam
00003680: 73 75 6E 67 20 54 65 6C 65 76 69 73 69 6F 6E 20    sung Television 
00003690: 4E 65 74 77 6F 72 6B 0A 68 74 74 70 73 3A 2F 2F    Network.https://
000036a0: 6A 6D 70 32 2E 75 6B 2F 73 74 76 70 2D 55 53 33    jmp2.uk/stvp-US3
000036b0: 30 30 30 36 38 58 37 0A 23 45 58 54 49 4E 46 3A    00068X7.#EXTINF:
000036c0: 2D 31 20 63 68 61 6E 6E 65 6C 2D 69 64 3D 22 55    -1 channel-id="U
000036d0: 53 42 41 33 30 30 30 30 34 33 4C 48 22 20 74 76    SBA3000043LH" tv
000036e0: 67 2D 69 64 3D 22 55 53 42 41 33 30 30 30 30 34    g-id="USBA300004
000036f0: 33 4C 48 22 20 74 76 67 2D 63 68 6E 6F 3D 22 33    3LH" tvg-chno="3
00003700: 35 30 35 22 20 74 76 67 2D 6E 61 6D 65 3D 22 53    505" tvg-name="S
00003710: 61 6D 73 75 6E 67 20 57 69 6C 64 20 4C 69 66 65    amsung Wild Life
00003720: 22 20 74 76 67 2D 6C 6F 67 6F 3D 22 68 74 74 70    " tvg-logo="http
00003730: 73 3A 2F 2F 74 76 70 6E 6C 6F 67 6F 70 75 73 2E    s://tvpnlogopus.
00003740: 73 61 6D 73 75 6E 67 63 6C 6F 75 64 2E 74 76 2F    samsungcloud.tv/
00003750: 70 6C 61 74 66 6F 72 6D 2F 69 6D 61 67 65 2F 73    platform/image/s
00003760: 6F 75 72 63 65 6C 6F 67 6F 2F 76 63 2F 30 30 2F    ourcelogo/vc/00/
00003770: 30 32 2F 33 34 2F 55 53 42 41 33 30 30 30 30 34    02/34/USBA300004
00003780: 33 4C 48 5F 32 30 32 35 30 38 32 36 54 32 33 34    3LH_20250826T234
00003790: 34 35 30 53 51 55 41 52 45 2E 70 6E 67 22 20 67    450SQUARE.png" g
000037a0: 72 6F 75 70 2D 74 69 74 6C 65 3D 22 4E 61 74 75    roup-title="Natu
000037b0: 72 65 2C 20 48 69 73 74 6F 72 79 20 26 20 53 63    re, History & Sc
000037c0: 69 65 6E 63 65 22 2C 53 61 6D 73 75 6E 67 20 57    ience",Samsung W
000037d0: 69 6C 64 20 4C 69 66 65 0A 68 74 74 70 73 3A 2F    ild Life.https:/
000037e0: 2F 6A 6D 70 32 2E 75 6B 2F 73 74 76 70 2D 55 53    /jmp2.uk/stvp-US
000037f0: 42 41 33 30 30 30 30 34 33 4C 48 0A 23 45 58 54    BA3000043LH.#EXT
00003800: 49 4E 46 3A 2D 31 20 63 68 61 6E 6E 65 6C 2D 69    INF:-1 channel-i
00003810: 64 3D 22 55 53 31 38 30 30 30 30 39 36 4F 22 20    d="US18000096O" 
00003820: 74 76 67 2D 69 64 3D 22 55 53 31 38 30 30 30 30    tvg-id="US180000
00003830: 39 36 4F 22 20 74 76 67 2D 63 68 6E 6F 3D 22 32    96O" tvg-chno="2
00003840: 36 37 38 22 20 74 76 67 2D 6E 61 6D 65 3D 22 53    678" tvg-name="S
00003850: 61 76 65 64 20 62 79 20 74 68 65 20 42 65 6C 6C    aved by the Bell
00003860: 22 20 74 76 67 2D 6C 6F 67 6F 3D 22 68 74 74 70    " tvg-logo="http
00003870: 73 3A 2F 2F 74 76 70 6E 6C 6F 67 6F 70 75 73 2E    s://tvpnlogopus.
00003880: 73 61 6D 73 75 6E 67 63 6C 6F 75 64 2E 74 76 2F    samsungcloud.tv/
00003890: 70 6C 61 74 66 6F 72 6D 2F 69 6D 61 67 65 2F 73    platform/image/s
000038a0: 6F 75 72 63 65 6C 6F 67 6F 2F 76 63 2F 30 30 2F    ourcelogo/vc/00/
000038b0: 30 32 2F 33 34 2F 55 53 31 38 30 30 30 30 39 36    02/34/US18000096
000038c0: 4F 5F 32 30 32 34 30 37 32 32 54 32 33 30 38 33    O_20240722T23083
000038d0: 35 53 51 55 41 52 45 2E 70 6E 67 22 20 67 72 6F    5SQUARE.png" gro
000038e0: 75 70 2D 74 69 74 6C 65 3D 22 43 6F 6D 65 64 79    up-title="Comedy
000038f0: 22 2C 53 61 76 65 64 20 62 79 20 74 68 65 20 42    ",Saved by the B
00003900: 65 6C 6C 0A 68 74 74 70 73 3A 2F 2F 6A 6D 70 32    ell.https://jmp2
00003910: 2E 75 6B 2F 73 74 76 70 2D 55 53 31 38 30 30 30    .uk/stvp-US18000
00003920: 30 39 36 4F 0A 23 45 58 54 49 4E 46 3A 2D 31 20    096O.#EXTINF:-1 
00003930: 63 68 61 6E 6E 65 6C 2D 69 64 3D 22 55 53 42 44    channel-id="USBD
00003940: 33 30 30 30 30 37 33 4E 22 20 74 76 67 2D 69 64    3000073N" tvg-id
00003950: 3D 22 55 53 42 44 33 30 30 30 30 37 33 4E 22 20    ="USBD3000073N" 
00003960: 74 76 67 2D 63 68 6E 6F 3D 22 31 31 31 39 22 20    tvg-chno="1119" 
00003970: 74 76 67 2D 6E 61 6D 65 3D 22 53 63 72 69 70 70    tvg-name="Scripp
00003980: 73 20 4E 65 77 73 22 20 74 76 67 2D 6C 6F 67 6F    s News" tvg-logo
00003990: 3D 22 68 74 74 70 73 3A 2F 2F 74 76 70 6E 6C 6F    ="https://tvpnlo
000039a0: 67 6F 70 75 73 2E 73 61 6D 73 75 6E 67 63 6C 6F    gopus.samsungclo
000039b0: 75 64 2E 74 76 2F 70 6C 61 74 66 6F 72 6D 2F 69    ud.tv/platform/i
000039c0: 6D 61 67 65 2F 73 6F 75 72 63 65 6C 6F 67 6F 2F    mage/sourcelogo/
000039d0: 76 63 2F 30 30 2F 30 32 2F 33 34 2F 55 53 42 44    vc/00/02/34/USBD
000039e0: 33 30 30 30 30 37 33 4E 5F 32 30 32 34 30 35 32    3000073N_2024052
000039f0: 30 54 32 32 33 34 31 31 53 51 55 41 52 45 2E 70    0T223411SQUARE.p
00003a00: 6E 67 22 20 67 72 6F 75 70 2D 74 69 74 6C 65 3D    ng" group-title=
00003a10: 22 4E 65 77 73 20 26 20 4F 70 69 6E 69 6F 6E 22    "News & Opinion"
00003a20: 2C 53 63 72 69 70 70 73 20 4E 65 77 73 0A 68 74    ,Scripps News.ht
00003a30: 74 70 73 3A 2F 2F 6A 6D 70 32 2E 75 6B 2F 73 74    tps://jmp2.uk/st
00003a40: 76 70 2D 55 53 42 44 33 30 30 30 30 37 33 4E 0A    vp-USBD3000073N.
00003a50: 23 45 58 54 49 4E 46 3A 2D 31 20 63 68 61 6E 6E    #EXTINF:-1 chann
00003a60: 65 6C 2D 69 64 3D 22 55 53 42 44 33 33 30 30 30    el-id="USBD33000
00003a70: 31 33 4B 56 22 20 74 76 67 2D 69 64 3D 22 55 53    13KV" tvg-id="US
00003a80: 42 44 33 33 30 30 30 31 33 4B 56 22 20 74 76 67    BD3300013KV" tvg
00003a90: 2D 63 68 6E 6F 3D 22 33 36 37 32 22 20 74 76 67    -chno="3672" tvg
00003aa0: 2D 6E 61 6D 65 3D 22 53 65 6E 73 69 63 61 6C 20    -name="Sensical 
00003ab0: 4A 72 22 20 74 76 67 2D 6C 6F 67 6F 3D 22 68 74    Jr" tvg-logo="ht
00003ac0: 74 70 73 3A 2F 2F 74 76 70 6E 6C 6F 67 6F 70 75    tps://tvpnlogopu
00003ad0: 73 2E 73 61 6D 73 75 6E 67 63 6C 6F 75 64 2E 74    s.samsungcloud.t
00003ae0: 76 2F 70 6C 61 74 66 6F 72 6D 2F 69 6D 61 67 65    v/platform/image
00003af0: 2F 73 6F 75 72 63 65 6C 6F 67 6F 2F 76 63 2F 30    /sourcelogo/vc/0
00003b00: 30 2F 30 32 2F 33 34 2F 55 53 42 44 33 33 30 30    0/02/34/USBD3300
00003b10: 30 31 33 4B 56 5F 32 30 32 35 30 35 31 33 54 30    013KV_20250513T0
00003b20: 31 32 37 30 31 53 51 55 41 52 45 2E 70 6E 67 22    12701SQUARE.png"
00003b30: 20 67 72 6F 75 70 2D 74 69 74 6C 65 3D 22 4B 69     group-title="Ki
00003b40: 64 73 22 2C 53 65 6E 73 69 63 61 6C 20 4A 72 0A    ds",Sensical Jr.
00003b50: 68 74 74 70 73 3A 2F 2F 6A 6D 70 32 2E 75 6B 2F    https://jmp2.uk/
00003b60: 73 74 76 70 2D 55 53 42 44 33 33 30 30 30 31 33    stvp-USBD3300013
00003b70: 4B 56 0A 23 45 58 54 49 4E 46 3A 2D 31 20 63 68    KV.#EXTINF:-1 ch
00003b80: 61 6E 6E 65 6C 2D 69 64 3D 22 55 53 42 44 33 33    annel-id="USBD33
00003b90: 30 30 30 31 37 58 42 22 20 74 76 67 2D 69 64 3D    00017XB" tvg-id=
00003ba0: 22 55 53 42 44 33 33 30 30 30 31 37 58 42 22 20    "USBD3300017XB" 
00003bb0: 74 76 67 2D 63 68 6E 6F 3D 22 33 37 31 31 22 20    tvg-chno="3711" 
00003bc0: 74 76 67 2D 6E 61 6D 65 3D 22 53 65 6E 73 69 63    tvg-name="Sensic
00003bd0: 61 6C 20 4D 61 6B 65 72 73 22 20 74 76 67 2D 6C    al Makers" tvg-l
00003be0: 6F 67 6F 3D 22 68 74 74 70 73 3A 2F 2F 74 76 70    ogo="https://tvp
00003bf0: 6E 6C 6F 67 6F 70 75 73 2E 73 61 6D 73 75 6E 67    nlogopus.samsung
00003c00: 63 6C 6F 75 64 2E 74 76 2F 70 6C 61 74 66 6F 72    cloud.tv/platfor
00003c10: 6D 2F 69 6D 61 67 65 2F 73 6F 75 72 63 65 6C 6F    m/image/sourcelo
00003c20: 67 6F 2F 76 63 2F 30 30 2F 30 32 2F 33 34 2F 55    go/vc/00/02/34/U
00003c30: 53 42 44 33 33 30 30 30 31 37 58 42 5F 32 30 32    SBD3300017XB_202
00003c40: 35 30 35 31 33 54 30 31 32 37 30 33 53 51 55 41    50513T012703SQUA
00003c50: 52 45 2E 70 6E 67 22 20 67 72 6F 75 70 2D 74 69    RE.png" group-ti
00003c60: 74 6C 65 3D 22 4B 69 64 73 22 2C 53 65 6E 73 69    tle="Kids",Sensi
00003c70: 63 61 6C 20 4D 61 6B 65 72 73 0A 68 74 74 70 73    cal Makers.https
00003c80: 3A 2F 2F 6A 6D 70 32 2E 75 6B 2F 73 74 76 70 2D    ://jmp2.uk/stvp-
00003c90: 55 53 42 44 33 33 30 30 30 31 37 58 42 0A 23 45    USBD3300017XB.#E
00003ca0: 58 54 49 4E 46 3A 2D 31 20 63 68 61 6E 6E 65 6C    XTINF:-1 channel
00003cb0: 2D 69 64 3D 22 55 53 34 34 30 30 30 30 36 49 58    -id="US4400006IX
00003cc0: 22 20 74 76 67 2D 69 64 3D 22 55 53 34 34 30 30    " tvg-id="US4400
00003cd0: 30 30 36 49 58 22 20 74 76 67 2D 63 68 6E 6F 3D    006IX" tvg-chno=
00003ce0: 22 31 36 30 36 22 20 74 76 67 2D 6E 61 6D 65 3D    "1606" tvg-name=
00003cf0: 22 53 65 72 69 65 73 20 4B 20 45 64 67 65 22 20    "Series K Edge" 
00003d00: 74 76 67 2D 6C 6F 67 6F 3D 22 68 74 74 70 73 3A    tvg-logo="https:
00003d10: 2F 2F 74 76 70 6E 6C 6F 67 6F 70 75 73 2E 73 61    //tvpnlogopus.sa
00003d20: 6D 73 75 6E 67 63 6C 6F 75 64 2E 74 76 2F 70 6C    msungcloud.tv/pl
00003d30: 61 74 66 6F 72 6D 2F 69 6D 61 67 65 2F 73 6F 75    atform/image/sou
00003d40: 72 63 65 6C 6F 67 6F 2F 76 63 2F 30 30 2F 30 32    rcelogo/vc/00/02
00003d50: 2F 33 34 2F 55 53 34 34 30 30 30 30 36 49 58 5F    /34/US4400006IX_
00003d60: 32 30 32 35 31 32 30 39 54 30 30 35 39 34 37 53    20251209T005947S
00003d70: 51 55 41 52 45 2E 70 6E 67 22 20 67 72 6F 75 70    QUARE.png" group
00003d80: 2D 74 69 74 6C 65 3D 22 41 63 74 69 6F 6E 20 26    -title="Action &
00003d90: 20 44 72 61 6D 61 22 2C 53 65 72 69 65 73 20 4B     Drama",Series K
00003da0: 20 45 64 67 65 0A 68 74 74 70 73 3A 2F 2F 6A 6D     Edge.https://jm
00003db0: 70 32 2E 75 6B 2F 73 74 76 70 2D 55 53 34 34 30    p2.uk/stvp-US440
00003dc0: 30 30 30 36 49 58 0A 23 45 58 54 49 4E 46 3A 2D    0006IX.#EXTINF:-
00003dd0: 31 20 63 68 61 6E 6E 65 6C 2D 69 64 3D 22 55 53    1 channel-id="US
00003de0: 34 33 30 30 30 30 32 46 4B 22 20 74 76 67 2D 69    4300002FK" tvg-i
00003df0: 64 3D 22 55 53 34 33 30 30 30 30 32 46 4B 22 20    d="US4300002FK" 
00003e00: 74 76 67 2D 63 68 6E 6F 3D 22 31 36 30 38 22 20    tvg-chno="1608" 
00003e10: 74 76 67 2D 6E 61 6D 65 3D 22 53 65 72 69 65 73    tvg-name="Series
00003e20: 20 4B 20 48 65 61 72 74 22 20 74 76 67 2D 6C 6F     K Heart" tvg-lo
00003e30: 67 6F 3D 22 68 74 74 70 73 3A 2F 2F 74 76 70 6E    go="https://tvpn
00003e40: 6C 6F 67 6F 70 75 73 2E 73 61 6D 73 75 6E 67 63    logopus.samsungc
00003e50: 6C 6F 75 64 2E 74 76 2F 70 6C 61 74 66 6F 72 6D    loud.tv/platform
00003e60: 2F 69 6D 61 67 65 2F 73 6F 75 72 63 65 6C 6F 67    /image/sourcelog
00003e70: 6F 2F 76 63 2F 30 30 2F 30 32 2F 33 34 2F 55 53    o/vc/00/02/34/US
00003e80: 34 33 30 30 30 30 32 46 4B 5F 32 30 32 35 31 32    4300002FK_202512
00003e90: 30 39 54 30 30 35 39 35 31 53 51 55 41 52 45 2E    09T005951SQUARE.
00003ea0: 70 6E 67 22 20 67 72 6F 75 70 2D 74 69 74 6C 65    png" group-title
00003eb0: 3D 22 41 63 74 69 6F 6E 20 26 20 44 72 61 6D 61    ="Action & Drama
00003ec0: 22 2C 53 65 72 69 65 73 20 4B 20 48 65 61 72 74    ",Series K Heart
00003ed0: 0A 68 74 74 70 73 3A 2F 2F 6A 6D 70 32 2E 75 6B    .https://jmp2.uk
00003ee0: 2F 73 74 76 70 2D 55 53 34 33 30 30 30 30 32 46    /stvp-US4300002F
00003ef0: 4B 0A 23 45 58 54 49 4E 46 3A 2D 31 20 63 68 61    K.#EXTINF:-1 cha
00003f00: 6E 6E 65 6C 2D 69 64 3D 22 55 53 34 34 30 30 30    nnel-id="US44000
00003f10: 30 37 30 38 22 20 74 76 67 2D 69 64 3D 22 55 53    0708" tvg-id="US
00003f20: 34 34 30 30 30 30 37 30 38 22 20 74 76 67 2D 63    440000708" tvg-c
00003f30: 68 6E 6F 3D 22 31 36 30 37 22 20 74 76 67 2D 6E    hno="1607" tvg-n
00003f40: 61 6D 65 3D 22 53 65 72 69 65 73 20 4B 20 4C 65    ame="Series K Le
00003f50: 67 61 63 79 22 20 74 76 67 2D 6C 6F 67 6F 3D 22    gacy" tvg-logo="
00003f60: 68 74 74 70 73 3A 2F 2F 74 76 70 6E 6C 6F 67 6F    https://tvpnlogo
00003f70: 70 75 73 2E 73 61 6D 73 75 6E 67 63 6C 6F 75 64    pus.samsungcloud
00003f80: 2E 74 76 2F 70 6C 61 74 66 6F 72 6D 2F 69 6D 61    .tv/platform/ima
00003f90: 67 65 2F 73 6F 75 72 63 65 6C 6F 67 6F 2F 76 63    ge/sourcelogo/vc
00003fa0: 2F 30 30 2F 30 32 2F 33 34 2F 55 53 34 34 30 30    /00/02/34/US4400
00003fb0: 30 30 37 30 38 5F 32 30 32 35 31 32 30 39 54 30    00708_20251209T0
00003fc0: 30 35 39 35 34 53 51 55 41 52 45 2E 70 6E 67 22    05954SQUARE.png"
00003fd0: 20 67 72 6F 75 70 2D 74 69 74 6C 65 3D 22 41 63     group-title="Ac
00003fe0: 74 69 6F 6E 20 26 20 44 72 61 6D 61 22 2C 53 65    tion & Drama",Se
00003ff0: 72 69 65 73 20 4B 20 4C 65 67 61 63 79 0A 68 74    ries K Legacy.ht

00000000: 74 70 73 3A 2F 2F 6A 6D 70 32 2E 75 6B 2F 73 74    tps://jmp2.uk/st
00000010: 76 70 2D 55 53 34 34 30 30 30 30 37 30 38 0A 23    vp-US440000708.#
00000020: 45 58 54 49 4E 46 3A 2D 31 20 63 68 61 6E 6E 65    EXTINF:-1 channe
00000030: 6C 2D 69 64 3D 22 55 53 42 43 31 30 30 30 30 30    l-id="USBC100000
00000040: 34 47 38 22 20 74 76 67 2D 69 64 3D 22 55 53 42    4G8" tvg-id="USB
00000050: 43 31 30 30 30 30 30 34 47 38 22 20 74 76 67 2D    C1000004G8" tvg-
00000060: 63 68 6E 6F 3D 22 31 35 36 30 22 20 74 76 67 2D    chno="1560" tvg-
00000070: 6E 61 6D 65 3D 22 53 68 61 64 65 73 20 6F 66 20    name="Shades of 
00000080: 42 6C 61 63 6B 22 20 74 76 67 2D 6C 6F 67 6F 3D    Black" tvg-logo=
00000090: 22 68 74 74 70 73 3A 2F 2F 74 76 70 6E 6C 6F 67    "https://tvpnlog
000000a0: 6F 70 75 73 2E 73 61 6D 73 75 6E 67 63 6C 6F 75    opus.samsungclou
000000b0: 64 2E 74 76 2F 70 6C 61 74 66 6F 72 6D 2F 69 6D    d.tv/platform/im
000000c0: 61 67 65 2F 73 6F 75 72 63 65 6C 6F 67 6F 2F 76    age/sourcelogo/v
000000d0: 63 2F 30 30 2F 30 32 2F 33 34 2F 55 53 42 43 31    c/00/02/34/USBC1
000000e0: 30 30 30 30 30 34 47 38 5F 32 30 32 35 30 34 31    000004G8_2025041
000000f0: 35 54 30 31 30 30 30 31 53 51 55 41 52 45 2E 70    5T010001SQUARE.p
00000100: 6E 67 22 20 67 72 6F 75 70 2D 74 69 74 6C 65 3D    ng" group-title=
00000110: 22 41 63 74 69 6F 6E 20 26 20 44 72 61 6D 61 22    "Action & Drama"
00000120: 2C 53 68 61 64 65 73 20 6F 66 20 42 6C 61 63 6B    ,Shades of Black
00000130: 0A 68 74 74 70 73 3A 2F 2F 6A 6D 70 32 2E 75 6B    .https://jmp2.uk
00000140: 2F 73 74 76 70 2D 55 53 42 43 31 30 30 30 30 30    /stvp-USBC100000
00000150: 34 47 38 0A 23 45 58 54 49 4E 46 3A 2D 31 20 63    4G8.#EXTINF:-1 c
00000160: 68 61 6E 6E 65 6C 2D 69 64 3D 22 55 53 32 32 30    hannel-id="US220
00000170: 30 30 30 36 46 53 22 20 74 76 67 2D 69 64 3D 22    0006FS" tvg-id="
00000180: 55 53 32 32 30 30 30 30 36 46 53 22 20 74 76 67    US2200006FS" tvg
00000190: 2D 63 68 6E 6F 3D 22 33 36 35 36 22 20 74 76 67    -chno="3656" tvg
000001a0: 2D 6E 61 6D 65 3D 22 53 68 61 75 6E 20 74 68 65    -name="Shaun the
000001b0: 20 53 68 65 65 70 22 20 74 76 67 2D 6C 6F 67 6F     Sheep" tvg-logo
000001c0: 3D 22 68 74 74 70 73 3A 2F 2F 74 76 70 6E 6C 6F    ="https://tvpnlo
000001d0: 67 6F 70 75 73 2E 73 61 6D 73 75 6E 67 63 6C 6F    gopus.samsungclo
000001e0: 75 64 2E 74 76 2F 70 6C 61 74 66 6F 72 6D 2F 69    ud.tv/platform/i
000001f0: 6D 61 67 65 2F 73 6F 75 72 63 65 6C 6F 67 6F 2F    mage/sourcelogo/
00000200: 76 63 2F 30 30 2F 30 32 2F 33 34 2F 55 53 32 32    vc/00/02/34/US22
00000210: 30 30 30 30 36 46 53 5F 32 30 32 34 30 39 32 34    00006FS_20240924
00000220: 54 30 31 31 30 31 39 53 51 55 41 52 45 2E 70 6E    T011019SQUARE.pn
00000230: 67 22 20 67 72 6F 75 70 2D 74 69 74 6C 65 3D 22    g" group-title="
00000240: 4B 69 64 73 22 2C 53 68 61 75 6E 20 74 68 65 20    Kids",Shaun the 
00000250: 53 68 65 65 70 0A 68 74 74 70 73 3A 2F 2F 6A 6D    Sheep.https://jm
00000260: 70 32 2E 75 6B 2F 73 74 76 70 2D 55 53 32 32 30    p2.uk/stvp-US220
00000270: 30 30 30 36 46 53 0A 23 45 58 54 49 4E 46 3A 2D    0006FS.#EXTINF:-
00000280: 31 20 63 68 61 6E 6E 65 6C 2D 69 64 3D 22 55 53    1 channel-id="US
00000290: 42 44 31 32 30 30 30 32 31 4A 4D 22 20 74 76 67    BD1200021JM" tvg
000002a0: 2D 69 64 3D 22 55 53 42 44 31 32 30 30 30 32 31    -id="USBD1200021
000002b0: 4A 4D 22 20 74 76 67 2D 63 68 6E 6F 3D 22 31 34    JM" tvg-chno="14
000002c0: 36 30 22 20 74 76 67 2D 6E 61 6D 65 3D 22 53 68    60" tvg-name="Sh
000002d0: 6F 75 74 21 20 54 56 22 20 74 76 67 2D 6C 6F 67    out! TV" tvg-log
000002e0: 6F 3D 22 68 74 74 70 73 3A 2F 2F 74 76 70 6E 6C    o="https://tvpnl
000002f0: 6F 67 6F 70 75 73 2E 73 61 6D 73 75 6E 67 63 6C    ogopus.samsungcl
00000300: 6F 75 64 2E 74 76 2F 70 6C 61 74 66 6F 72 6D 2F    oud.tv/platform/
00000310: 69 6D 61 67 65 2F 73 6F 75 72 63 65 6C 6F 67 6F    image/sourcelogo
00000320: 2F 76 63 2F 30 30 2F 30 32 2F 33 34 2F 55 53 42    /vc/00/02/34/USB
00000330: 44 31 32 30 30 30 32 31 4A 4D 5F 32 30 32 35 30    D1200021JM_20250
00000340: 34 30 31 54 30 30 34 38 33 34 53 51 55 41 52 45    401T004834SQUARE
00000350: 2E 70 6E 67 22 20 67 72 6F 75 70 2D 74 69 74 6C    .png" group-titl
00000360: 65 3D 22 57 65 73 74 65 72 6E 20 26 20 43 6C 61    e="Western & Cla
00000370: 73 73 69 63 20 54 56 22 2C 53 68 6F 75 74 21 20    ssic TV",Shout! 
00000380: 54 56 0A 68 74 74 70 73 3A 2F 2F 6A 6D 70 32 2E    TV.https://jmp2.
00000390: 75 6B 2F 73 74 76 70 2D 55 53 42 44 31 32 30 30    uk/stvp-USBD1200
000003a0: 30 32 31 4A 4D 0A 23 45 58 54 49 4E 46 3A 2D 31    021JM.#EXTINF:-1
000003b0: 20 63 68 61 6E 6E 65 6C 2D 69 64 3D 22 55 53 42     channel-id="USB
000003c0: 42 35 32 30 30 30 30 32 32 51 22 20 74 76 67 2D    B52000022Q" tvg-
000003d0: 69 64 3D 22 55 53 42 42 35 32 30 30 30 30 32 32    id="USBB52000022
000003e0: 51 22 20 74 76 67 2D 63 68 6E 6F 3D 22 31 31 34    Q" tvg-chno="114
000003f0: 35 22 20 74 76 67 2D 6E 61 6D 65 3D 22 53 6B 79    5" tvg-name="Sky
00000400: 20 4E 65 77 73 22 20 74 76 67 2D 6C 6F 67 6F 3D     News" tvg-logo=
00000410: 22 68 74 74 70 73 3A 2F 2F 74 76 70 6E 6C 6F 67    "https://tvpnlog
00000420: 6F 70 75 73 2E 73 61 6D 73 75 6E 67 63 6C 6F 75    opus.samsungclou
00000430: 64 2E 74 76 2F 70 6C 61 74 66 6F 72 6D 2F 69 6D    d.tv/platform/im
00000440: 61 67 65 2F 73 6F 75 72 63 65 6C 6F 67 6F 2F 76    age/sourcelogo/v
00000450: 63 2F 30 30 2F 30 32 2F 33 34 2F 55 53 42 42 35    c/00/02/34/USBB5
00000460: 32 30 30 30 30 32 32 51 5F 32 30 32 34 31 30 31    2000022Q_2024101
00000470: 35 54 32 32 33 35 32 38 53 51 55 41 52 45 2E 70    5T223528SQUARE.p
00000480: 6E 67 22 20 67 72 6F 75 70 2D 74 69 74 6C 65 3D    ng" group-title=
00000490: 22 4E 65 77 73 20 26 20 4F 70 69 6E 69 6F 6E 22    "News & Opinion"
000004a0: 2C 53 6B 79 20 4E 65 77 73 0A 68 74 74 70 73 3A    ,Sky News.https:
000004b0: 2F 2F 6A 6D 70 32 2E 75 6B 2F 73 74 76 70 2D 55    //jmp2.uk/stvp-U
000004c0: 53 42 42 35 32 30 30 30 30 32 32 51 0A 23 45 58    SBB52000022Q.#EX
000004d0: 54 49 4E 46 3A 2D 31 20 63 68 61 6E 6E 65 6C 2D    TINF:-1 channel-
000004e0: 69 64 3D 22 55 53 42 44 33 33 30 30 30 31 38 30    id="USBD33000180
000004f0: 53 22 20 74 76 67 2D 69 64 3D 22 55 53 42 44 33    S" tvg-id="USBD3
00000500: 33 30 30 30 31 38 30 53 22 20 74 76 67 2D 63 68    3000180S" tvg-ch
00000510: 6E 6F 3D 22 33 36 39 33 22 20 74 76 67 2D 6E 61    no="3693" tvg-na
00000520: 6D 65 3D 22 53 6C 75 67 74 65 72 72 61 22 20 74    me="Slugterra" t
00000530: 76 67 2D 6C 6F 67 6F 3D 22 68 74 74 70 73 3A 2F    vg-logo="https:/
00000540: 2F 74 76 70 6E 6C 6F 67 6F 70 75 73 2E 73 61 6D    /tvpnlogopus.sam
00000550: 73 75 6E 67 63 6C 6F 75 64 2E 74 76 2F 70 6C 61    sungcloud.tv/pla
00000560: 74 66 6F 72 6D 2F 69 6D 61 67 65 2F 73 6F 75 72    tform/image/sour
00000570: 63 65 6C 6F 67 6F 2F 76 63 2F 30 30 2F 30 32 2F    celogo/vc/00/02/
00000580: 33 34 2F 55 53 42 44 33 33 30 30 30 31 38 30 53    34/USBD33000180S
00000590: 5F 32 30 32 35 30 31 32 31 54 31 30 31 30 34 30    _20250121T101040
000005a0: 53 51 55 41 52 45 2E 70 6E 67 22 20 67 72 6F 75    SQUARE.png" grou
000005b0: 70 2D 74 69 74 6C 65 3D 22 4B 69 64 73 22 2C 53    p-title="Kids",S
000005c0: 6C 75 67 74 65 72 72 61 0A 68 74 74 70 73 3A 2F    lugterra.https:/
000005d0: 2F 6A 6D 70 32 2E 75 6B 2F 73 74 76 70 2D 55 53    /jmp2.uk/stvp-US
000005e0: 42 44 33 33 30 30 30 31 38 30 53 0A 23 45 58 54    BD33000180S.#EXT
000005f0: 49 4E 46 3A 2D 31 20 63 68 61 6E 6E 65 6C 2D 69    INF:-1 channel-i
00000600: 64 3D 22 55 53 34 37 30 30 30 30 31 42 34 22 20    d="US4700001B4" 
00000610: 74 76 67 2D 69 64 3D 22 55 53 34 37 30 30 30 30    tvg-id="US470000
00000620: 31 42 34 22 20 74 76 67 2D 63 68 6E 6F 3D 22 32    1B4" tvg-chno="2
00000630: 33 32 38 22 20 74 76 67 2D 6E 61 6D 65 3D 22 53    328" tvg-name="S
00000640: 4C 56 52 22 20 74 76 67 2D 6C 6F 67 6F 3D 22 68    LVR" tvg-logo="h
00000650: 74 74 70 73 3A 2F 2F 74 76 70 6E 6C 6F 67 6F 70    ttps://tvpnlogop
00000660: 75 73 2E 73 61 6D 73 75 6E 67 63 6C 6F 75 64 2E    us.samsungcloud.
00000670: 74 76 2F 70 6C 61 74 66 6F 72 6D 2F 69 6D 61 67    tv/platform/imag
00000680: 65 2F 73 6F 75 72 63 65 6C 6F 67 6F 2F 76 63 2F    e/sourcelogo/vc/
00000690: 30 30 2F 30 32 2F 33 34 2F 55 53 34 37 30 30 30    00/02/34/US47000
000006a0: 30 31 42 34 5F 32 30 32 35 30 39 30 39 54 30 30    01B4_20250909T00
000006b0: 32 38 30 38 53 51 55 41 52 45 2E 70 6E 67 22 20    2808SQUARE.png" 
000006c0: 67 72 6F 75 70 2D 74 69 74 6C 65 3D 22 53 70 6F    group-title="Spo
000006d0: 72 74 73 20 26 20 4F 75 74 64 6F 6F 72 73 22 2C    rts & Outdoors",
000006e0: 53 4C 56 52 0A 68 74 74 70 73 3A 2F 2F 6A 6D 70    SLVR.https://jmp
000006f0: 32 2E 75 6B 2F 73 74 76 70 2D 55 53 34 37 30 30    2.uk/stvp-US4700
00000700: 30 30 31 42 34 0A 23 45 58 54 49 4E 46 3A 2D 31    001B4.#EXTINF:-1
00000710: 20 63 68 61 6E 6E 65 6C 2D 69 64 3D 22 55 53 32     channel-id="US2
00000720: 31 30 30 30 30 37 56 37 22 20 74 76 67 2D 69 64    100007V7" tvg-id
00000730: 3D 22 55 53 32 31 30 30 30 30 37 56 37 22 20 74    ="US2100007V7" t
00000740: 76 67 2D 63 68 6E 6F 3D 22 32 36 32 33 22 20 74    vg-chno="2623" t
00000750: 76 67 2D 6E 61 6D 65 3D 22 53 6D 6F 73 68 22 20    vg-name="Smosh" 
00000760: 74 76 67 2D 6C 6F 67 6F 3D 22 68 74 74 70 73 3A    tvg-logo="https:
00000770: 2F 2F 74 76 70 6E 6C 6F 67 6F 70 75 73 2E 73 61    //tvpnlogopus.sa
00000780: 6D 73 75 6E 67 63 6C 6F 75 64 2E 74 76 2F 70 6C    msungcloud.tv/pl
00000790: 61 74 66 6F 72 6D 2F 69 6D 61 67 65 2F 73 6F 75    atform/image/sou
000007a0: 72 63 65 6C 6F 67 6F 2F 76 63 2F 30 30 2F 30 32    rcelogo/vc/00/02
000007b0: 2F 33 34 2F 55 53 32 31 30 30 30 30 37 56 37 5F    /34/US2100007V7_
000007c0: 32 30 32 35 31 30 31 37 54 31 36 31 38 33 39 53    20251017T161839S
000007d0: 51 55 41 52 45 2E 70 6E 67 22 20 67 72 6F 75 70    QUARE.png" group
000007e0: 2D 74 69 74 6C 65 3D 22 43 6F 6D 65 64 79 22 2C    -title="Comedy",
000007f0: 53 6D 6F 73 68 0A 68 74 74 70 73 3A 2F 2F 6A 6D    Smosh.https://jm
00000800: 70 32 2E 75 6B 2F 73 74 76 70 2D 55 53 32 31 30    p2.uk/stvp-US210
00000810: 30 30 30 37 56 37 0A 23 45 58 54 49 4E 46 3A 2D    0007V7.#EXTINF:-
00000820: 31 20 63 68 61 6E 6E 65 6C 2D 69 64 3D 22 55 53    1 channel-id="US
00000830: 31 30 30 30 30 31 33 35 56 22 20 74 76 67 2D 69    10000135V" tvg-i
00000840: 64 3D 22 55 53 31 30 30 30 30 31 33 35 56 22 20    d="US10000135V" 
00000850: 74 76 67 2D 63 68 6E 6F 3D 22 34 34 34 33 22 20    tvg-chno="4443" 
00000860: 74 76 67 2D 6E 61 6D 65 3D 22 53 4D 54 4F 57 4E    tvg-name="SMTOWN
00000870: 22 20 74 76 67 2D 6C 6F 67 6F 3D 22 68 74 74 70    " tvg-logo="http
00000880: 73 3A 2F 2F 74 76 70 6E 6C 6F 67 6F 70 75 73 2E    s://tvpnlogopus.
00000890: 73 61 6D 73 75 6E 67 63 6C 6F 75 64 2E 74 76 2F    samsungcloud.tv/
000008a0: 70 6C 61 74 66 6F 72 6D 2F 69 6D 61 67 65 2F 73    platform/image/s
000008b0: 6F 75 72 63 65 6C 6F 67 6F 2F 76 63 2F 30 30 2F    ourcelogo/vc/00/
000008c0: 30 32 2F 33 34 2F 55 53 31 30 30 30 30 31 33 35    02/34/US10000135
000008d0: 56 5F 32 30 32 35 31 32 30 32 54 32 33 34 32 30    V_20251202T23420
000008e0: 34 53 51 55 41 52 45 2E 70 6E 67 22 20 67 72 6F    4SQUARE.png" gro
000008f0: 75 70 2D 74 69 74 6C 65 3D 22 4D 75 73 69 63 22    up-title="Music"
00000900: 2C 53 4D 54 4F 57 4E 0A 68 74 74 70 73 3A 2F 2F    ,SMTOWN.https://
00000910: 6A 6D 70 32 2E 75 6B 2F 73 74 76 70 2D 55 53 31    jmp2.uk/stvp-US1
00000920: 30 30 30 30 31 33 35 56 0A 23 45 58 54 49 4E 46    0000135V.#EXTINF
00000930: 3A 2D 31 20 63 68 61 6E 6E 65 6C 2D 69 64 3D 22    :-1 channel-id="
00000940: 55 53 31 38 30 30 30 31 32 4D 54 22 20 74 76 67    US1800012MT" tvg
00000950: 2D 69 64 3D 22 55 53 31 38 30 30 30 31 32 4D 54    -id="US1800012MT
00000960: 22 20 74 76 67 2D 63 68 6E 6F 3D 22 32 36 32 37    " tvg-chno="2627
00000970: 22 20 74 76 67 2D 6E 61 6D 65 3D 22 53 4E 4C 20    " tvg-name="SNL 
00000980: 56 61 75 6C 74 22 20 74 76 67 2D 6C 6F 67 6F 3D    Vault" tvg-logo=
00000990: 22 68 74 74 70 73 3A 2F 2F 74 76 70 6E 6C 6F 67    "https://tvpnlog
000009a0: 6F 70 75 73 2E 73 61 6D 73 75 6E 67 63 6C 6F 75    opus.samsungclou
000009b0: 64 2E 74 76 2F 70 6C 61 74 66 6F 72 6D 2F 69 6D    d.tv/platform/im
000009c0: 61 67 65 2F 73 6F 75 72 63 65 6C 6F 67 6F 2F 76    age/sourcelogo/v
000009d0: 63 2F 30 30 2F 30 32 2F 33 34 2F 55 53 31 38 30    c/00/02/34/US180
000009e0: 30 30 31 32 4D 54 5F 32 30 32 35 31 31 32 35 54    0012MT_20251125T
000009f0: 30 33 30 39 35 31 53 51 55 41 52 45 2E 70 6E 67    030951SQUARE.png
00000a00: 22 20 67 72 6F 75 70 2D 74 69 74 6C 65 3D 22 43    " group-title="C
00000a10: 6F 6D 65 64 79 22 2C 53 4E 4C 20 56 61 75 6C 74    omedy",SNL Vault
00000a20: 0A 68 74 74 70 73 3A 2F 2F 6A 6D 70 32 2E 75 6B    .https://jmp2.uk
00000a30: 2F 73 74 76 70 2D 55 53 31 38 30 30 30 31 32 4D    /stvp-US1800012M
00000a40: 54 0A 23 45 58 54 49 4E 46 3A 2D 31 20 63 68 61    T.#EXTINF:-1 cha
00000a50: 6E 6E 65 6C 2D 69 64 3D 22 55 53 42 44 33 33 30    nnel-id="USBD330
00000a60: 30 30 32 30 50 4D 22 20 74 76 67 2D 69 64 3D 22    0020PM" tvg-id="
00000a70: 55 53 42 44 33 33 30 30 30 32 30 50 4D 22 20 74    USBD3300020PM" t
00000a80: 76 67 2D 63 68 6E 6F 3D 22 33 36 39 30 22 20 74    vg-chno="3690" t
00000a90: 76 67 2D 6E 61 6D 65 3D 22 53 6F 6E 69 63 20 54    vg-name="Sonic T
00000aa0: 68 65 20 48 65 64 67 65 68 6F 67 22 20 74 76 67    he Hedgehog" tvg
00000ab0: 2D 6C 6F 67 6F 3D 22 68 74 74 70 73 3A 2F 2F 74    -logo="https://t
00000ac0: 76 70 6E 6C 6F 67 6F 70 75 73 2E 73 61 6D 73 75    vpnlogopus.samsu
00000ad0: 6E 67 63 6C 6F 75 64 2E 74 76 2F 70 6C 61 74 66    ngcloud.tv/platf
00000ae0: 6F 72 6D 2F 69 6D 61 67 65 2F 73 6F 75 72 63 65    orm/image/source
00000af0: 6C 6F 67 6F 2F 76 63 2F 30 30 2F 30 32 2F 33 34    logo/vc/00/02/34
00000b00: 2F 55 53 42 44 33 33 30 30 30 32 30 50 4D 5F 32    /USBD3300020PM_2
00000b10: 30 32 35 30 31 32 31 54 31 30 31 30 34 33 53 51    0250121T101043SQ
00000b20: 55 41 52 45 2E 70 6E 67 22 20 67 72 6F 75 70 2D    UARE.png" group-
00000b30: 74 69 74 6C 65 3D 22 4B 69 64 73 22 2C 53 6F 6E    title="Kids",Son
00000b40: 69 63 20 54 68 65 20 48 65 64 67 65 68 6F 67 0A    ic The Hedgehog.
00000b50: 68 74 74 70 73 3A 2F 2F 6A 6D 70 32 2E 75 6B 2F    https://jmp2.uk/
00000b60: 73 74 76 70 2D 55 53 42 44 33 33 30 30 30 32 30    stvp-USBD3300020
00000b70: 50 4D 0A 23 45 58 54 49 4E 46 3A 2D 31 20 63 68    PM.#EXTINF:-1 ch
00000b80: 61 6E 6E 65 6C 2D 69 64 3D 22 55 53 41 4A 33 35    annel-id="USAJ35
00000b90: 30 34 37 31 39 41 22 20 74 76 67 2D 69 64 3D 22    04719A" tvg-id="
00000ba0: 55 53 41 4A 33 35 30 34 37 31 39 41 22 20 74 76    USAJ3504719A" tv
00000bb0: 67 2D 63 68 6E 6F 3D 22 33 38 39 30 22 20 74 76    g-chno="3890" tv
00000bc0: 67 2D 6E 61 6D 65 3D 22 53 6F 6E 79 20 4F 6E 65    g-name="Sony One
00000bd0: 20 43 6F 6D 70 65 74 65 6E 63 69 61 73 22 20 74     Competencias" t
00000be0: 76 67 2D 6C 6F 67 6F 3D 22 68 74 74 70 73 3A 2F    vg-logo="https:/
00000bf0: 2F 74 76 70 6E 6C 6F 67 6F 70 75 73 2E 73 61 6D    /tvpnlogopus.sam
00000c00: 73 75 6E 67 63 6C 6F 75 64 2E 74 76 2F 70 6C 61    sungcloud.tv/pla
00000c10: 74 66 6F 72 6D 2F 69 6D 61 67 65 2F 73 6F 75 72    tform/image/sour
00000c20: 63 65 6C 6F 67 6F 2F 76 63 2F 30 30 2F 30 32 2F    celogo/vc/00/02/
00000c30: 33 34 2F 55 53 41 4A 33 35 30 34 37 31 39 41 5F    34/USAJ3504719A_
00000c40: 32 30 32 34 31 32 31 30 54 32 33 31 35 31 32 53    20241210T231512S
00000c50: 51 55 41 52 45 2E 70 6E 67 22 20 67 72 6F 75 70    QUARE.png" group
00000c60: 2D 74 69 74 6C 65 3D 22 4C 61 74 69 6E 6F 22 2C    -title="Latino",
00000c70: 53 6F 6E 79 20 4F 6E 65 20 43 6F 6D 70 65 74 65    Sony One Compete
00000c80: 6E 63 69 61 73 0A 68 74 74 70 73 3A 2F 2F 6A 6D    ncias.https://jm
00000c90: 70 32 2E 75 6B 2F 73 74 76 70 2D 55 53 41 4A 33    p2.uk/stvp-USAJ3
00000ca0: 35 30 34 37 31 39 41 0A 23 45 58 54 49 4E 46 3A    504719A.#EXTINF:
00000cb0: 2D 31 20 63 68 61 6E 6E 65 6C 2D 69 64 3D 22 55    -1 channel-id="U
00000cc0: 53 41 4A 33 30 30 30 30 30 32 4F 43 22 20 74 76    SAJ3000002OC" tv
00000cd0: 67 2D 69 64 3D 22 55 53 41 4A 33 30 30 30 30 30    g-id="USAJ300000
00000ce0: 32 4F 43 22 20 74 76 67 2D 63 68 6E 6F 3D 22 33    2OC" tvg-chno="3
00000cf0: 38 39 34 22 20 74 76 67 2D 6E 61 6D 65 3D 22 53    894" tvg-name="S
00000d00: 6F 6E 79 20 4F 6E 65 20 4E 6F 76 65 6C 61 73 22    ony One Novelas"
00000d10: 20 74 76 67 2D 6C 6F 67 6F 3D 22 68 74 74 70 73     tvg-logo="https
00000d20: 3A 2F 2F 74 76 70 6E 6C 6F 67 6F 70 75 73 2E 73    ://tvpnlogopus.s
00000d30: 61 6D 73 75 6E 67 63 6C 6F 75 64 2E 74 76 2F 70    amsungcloud.tv/p
00000d40: 6C 61 74 66 6F 72 6D 2F 69 6D 61 67 65 2F 73 6F    latform/image/so
00000d50: 75 72 63 65 6C 6F 67 6F 2F 76 63 2F 30 30 2F 30    urcelogo/vc/00/0
00000d60: 32 2F 33 34 2F 55 53 41 4A 33 30 30 30 30 30 32    2/34/USAJ3000002
00000d70: 4F 43 5F 32 30 32 34 31 31 31 39 54 32 33 32 38    OC_20241119T2328
00000d80: 30 33 53 51 55 41 52 45 2E 70 6E 67 22 20 67 72    03SQUARE.png" gr
00000d90: 6F 75 70 2D 74 69 74 6C 65 3D 22 4C 61 74 69 6E    oup-title="Latin
00000da0: 6F 22 2C 53 6F 6E 79 20 4F 6E 65 20 4E 6F 76 65    o",Sony One Nove
00000db0: 6C 61 73 0A 68 74 74 70 73 3A 2F 2F 6A 6D 70 32    las.https://jmp2
00000dc0: 2E 75 6B 2F 73 74 76 70 2D 55 53 41 4A 33 30 30    .uk/stvp-USAJ300
00000dd0: 30 30 30 32 4F 43 0A 23 45 58 54 49 4E 46 3A 2D    0002OC.#EXTINF:-
00000de0: 31 20 63 68 61 6E 6E 65 6C 2D 69 64 3D 22 55 53    1 channel-id="US
00000df0: 42 41 33 30 30 30 33 31 4F 54 22 20 74 76 67 2D    BA300031OT" tvg-
00000e00: 69 64 3D 22 55 53 42 41 33 30 30 30 33 31 4F 54    id="USBA300031OT
00000e10: 22 20 74 76 67 2D 63 68 6E 6F 3D 22 32 33 36 32    " tvg-chno="2362
00000e20: 22 20 74 76 67 2D 6E 61 6D 65 3D 22 53 70 6F 72    " tvg-name="Spor
00000e30: 74 73 47 72 69 64 22 20 74 76 67 2D 6C 6F 67 6F    tsGrid" tvg-logo
00000e40: 3D 22 68 74 74 70 73 3A 2F 2F 74 76 70 6E 6C 6F    ="https://tvpnlo
00000e50: 67 6F 70 75 73 2E 73 61 6D 73 75 6E 67 63 6C 6F    gopus.samsungclo
00000e60: 75 64 2E 74 76 2F 70 6C 61 74 66 6F 72 6D 2F 69    ud.tv/platform/i
00000e70: 6D 61 67 65 2F 73 6F 75 72 63 65 6C 6F 67 6F 2F    mage/sourcelogo/
00000e80: 76 63 2F 30 30 2F 30 32 2F 33 34 2F 55 53 42 41    vc/00/02/34/USBA
00000e90: 33 30 30 30 33 31 4F 54 5F 32 30 32 35 30 36 31    300031OT_2025061
00000ea0: 36 54 32 32 31 36 34 34 53 51 55 41 52 45 2E 70    6T221644SQUARE.p
00000eb0: 6E 67 22 20 67 72 6F 75 70 2D 74 69 74 6C 65 3D    ng" group-title=
00000ec0: 22 53 70 6F 72 74 73 20 26 20 4F 75 74 64 6F 6F    "Sports & Outdoo
00000ed0: 72 73 22 2C 53 70 6F 72 74 73 47 72 69 64 0A 68    rs",SportsGrid.h
00000ee0: 74 74 70 73 3A 2F 2F 6A 6D 70 32 2E 75 6B 2F 73    ttps://jmp2.uk/s
00000ef0: 74 76 70 2D 55 53 42 41 33 30 30 30 33 31 4F 54    tvp-USBA300031OT
00000f00: 0A 23 45 58 54 49 4E 46 3A 2D 31 20 63 68 61 6E    .#EXTINF:-1 chan
00000f10: 6E 65 6C 2D 69 64 3D 22 55 53 41 4A 33 35 30 34    nel-id="USAJ3504
00000f20: 37 30 35 41 22 20 74 76 67 2D 69 64 3D 22 55 53    705A" tvg-id="US
00000f30: 41 4A 33 35 30 34 37 30 35 41 22 20 74 76 67 2D    AJ3504705A" tvg-
00000f40: 63 68 6E 6F 3D 22 32 33 38 34 22 20 74 76 67 2D    chno="2384" tvg-
00000f50: 6E 61 6D 65 3D 22 53 74 61 64 69 75 6D 22 20 74    name="Stadium" t
00000f60: 76 67 2D 6C 6F 67 6F 3D 22 68 74 74 70 73 3A 2F    vg-logo="https:/
00000f70: 2F 74 76 70 6E 6C 6F 67 6F 70 75 73 2E 73 61 6D    /tvpnlogopus.sam
00000f80: 73 75 6E 67 63 6C 6F 75 64 2E 74 76 2F 70 6C 61    sungcloud.tv/pla
00000f90: 74 66 6F 72 6D 2F 69 6D 61 67 65 2F 73 6F 75 72    tform/image/sour
00000fa0: 63 65 6C 6F 67 6F 2F 76 63 2F 30 30 2F 30 32 2F    celogo/vc/00/02/
00000fb0: 33 34 2F 55 53 41 4A 33 35 30 34 37 30 35 41 5F    34/USAJ3504705A_
00000fc0: 32 30 32 35 30 32 31 37 54 32 31 30 38 30 32 53    20250217T210802S
00000fd0: 51 55 41 52 45 2E 70 6E 67 22 20 67 72 6F 75 70    QUARE.png" group
00000fe0: 2D 74 69 74 6C 65 3D 22 53 70 6F 72 74 73 20 26    -title="Sports &
00000ff0: 20 4F 75 74 64 6F 6F 72 73 22 2C 53 74 61 64 69     Outdoors",Stadi
00001000: 75 6D 0A 68 74 74 70 73 3A 2F 2F 6A 6D 70 32 2E    um.https://jmp2.
00001010: 75 6B 2F 73 74 76 70 2D 55 53 41 4A 33 35 30 34    uk/stvp-USAJ3504
00001020: 37 30 35 41 0A 23 45 58 54 49 4E 46 3A 2D 31 20    705A.#EXTINF:-1 
00001030: 63 68 61 6E 6E 65 6C 2D 69 64 3D 22 55 53 42 44    channel-id="USBD
00001040: 33 35 30 30 30 31 38 30 55 22 20 74 76 67 2D 69    35000180U" tvg-i
00001050: 64 3D 22 55 53 42 44 33 35 30 30 30 31 38 30 55    d="USBD35000180U
00001060: 22 20 74 76 67 2D 63 68 6E 6F 3D 22 34 34 37 36    " tvg-chno="4476
00001070: 22 20 74 76 67 2D 6E 61 6D 65 3D 22 53 74 69 6E    " tvg-name="Stin
00001080: 67 72 61 79 20 43 6C 61 73 73 69 63 20 52 6F 63    gray Classic Roc
00001090: 6B 22 20 74 76 67 2D 6C 6F 67 6F 3D 22 68 74 74    k" tvg-logo="htt
000010a0: 70 73 3A 2F 2F 74 76 70 6E 6C 6F 67 6F 70 75 73    ps://tvpnlogopus
000010b0: 2E 73 61 6D 73 75 6E 67 63 6C 6F 75 64 2E 74 76    .samsungcloud.tv
000010c0: 2F 70 6C 61 74 66 6F 72 6D 2F 69 6D 61 67 65 2F    /platform/image/
000010d0: 73 6F 75 72 63 65 6C 6F 67 6F 2F 76 63 2F 30 30    sourcelogo/vc/00
000010e0: 2F 30 32 2F 33 34 2F 55 53 42 44 33 35 30 30 30    /02/34/USBD35000
000010f0: 31 38 30 55 5F 32 30 32 35 30 36 33 30 54 32 33    180U_20250630T23
00001100: 32 34 33 30 53 51 55 41 52 45 2E 70 6E 67 22 20    2430SQUARE.png" 
00001110: 67 72 6F 75 70 2D 74 69 74 6C 65 3D 22 4D 75 73    group-title="Mus
00001120: 69 63 22 2C 53 74 69 6E 67 72 61 79 20 43 6C 61    ic",Stingray Cla
00001130: 73 73 69 63 20 52 6F 63 6B 0A 68 74 74 70 73 3A    ssic Rock.https:
00001140: 2F 2F 6A 6D 70 32 2E 75 6B 2F 73 74 76 70 2D 55    //jmp2.uk/stvp-U
00001150: 53 42 44 33 35 30 30 30 31 38 30 55 0A 23 45 58    SBD35000180U.#EX
00001160: 54 49 4E 46 3A 2D 31 20 63 68 61 6E 6E 65 6C 2D    TINF:-1 channel-
00001170: 69 64 3D 22 55 53 42 44 33 35 30 30 30 32 36 32    id="USBD35000262
00001180: 33 22 20 74 76 67 2D 69 64 3D 22 55 53 42 44 33    3" tvg-id="USBD3
00001190: 35 30 30 30 32 36 32 33 22 20 74 76 67 2D 63 68    50002623" tvg-ch
000011a0: 6E 6F 3D 22 34 34 35 38 22 20 74 76 67 2D 6E 61    no="4458" tvg-na
000011b0: 6D 65 3D 22 53 74 69 6E 67 72 61 79 20 43 6C 61    me="Stingray Cla
000011c0: 73 73 69 63 61 22 20 74 76 67 2D 6C 6F 67 6F 3D    ssica" tvg-logo=
000011d0: 22 68 74 74 70 73 3A 2F 2F 74 76 70 6E 6C 6F 67    "https://tvpnlog
000011e0: 6F 70 75 73 2E 73 61 6D 73 75 6E 67 63 6C 6F 75    opus.samsungclou
000011f0: 64 2E 74 76 2F 70 6C 61 74 66 6F 72 6D 2F 69 6D    d.tv/platform/im
00001200: 61 67 65 2F 73 6F 75 72 63 65 6C 6F 67 6F 2F 76    age/sourcelogo/v
00001210: 63 2F 30 30 2F 30 32 2F 33 34 2F 55 53 42 44 33    c/00/02/34/USBD3
00001220: 35 30 30 30 32 36 32 33 5F 32 30 32 35 30 31 32    50002623_2025012
00001230: 31 54 31 30 31 31 35 32 53 51 55 41 52 45 2E 70    1T101152SQUARE.p
00001240: 6E 67 22 20 67 72 6F 75 70 2D 74 69 74 6C 65 3D    ng" group-title=
00001250: 22 4D 75 73 69 63 22 2C 53 74 69 6E 67 72 61 79    "Music",Stingray
00001260: 20 43 6C 61 73 73 69 63 61 0A 68 74 74 70 73 3A     Classica.https:
00001270: 2F 2F 6A 6D 70 32 2E 75 6B 2F 73 74 76 70 2D 55    //jmp2.uk/stvp-U
00001280: 53 42 44 33 35 30 30 30 32 36 32 33 0A 23 45 58    SBD350002623.#EX
00001290: 54 49 4E 46 3A 2D 31 20 63 68 61 6E 6E 65 6C 2D    TINF:-1 channel-
000012a0: 69 64 3D 22 55 53 34 37 30 30 30 30 35 45 41 22    id="US4700005EA"
000012b0: 20 74 76 67 2D 69 64 3D 22 55 53 34 37 30 30 30     tvg-id="US47000
000012c0: 30 35 45 41 22 20 74 76 67 2D 63 68 6E 6F 3D 22    05EA" tvg-chno="
000012d0: 34 34 37 38 22 20 74 76 67 2D 6E 61 6D 65 3D 22    4478" tvg-name="
000012e0: 53 74 69 6E 67 72 61 79 20 43 6F 75 6E 74 72 79    Stingray Country
000012f0: 20 47 72 65 61 74 73 22 20 74 76 67 2D 6C 6F 67     Greats" tvg-log
00001300: 6F 3D 22 68 74 74 70 73 3A 2F 2F 74 76 70 6E 6C    o="https://tvpnl
00001310: 6F 67 6F 70 75 73 2E 73 61 6D 73 75 6E 67 63 6C    ogopus.samsungcl
00001320: 6F 75 64 2E 74 76 2F 70 6C 61 74 66 6F 72 6D 2F    oud.tv/platform/
00001330: 69 6D 61 67 65 2F 73 6F 75 72 63 65 6C 6F 67 6F    image/sourcelogo
00001340: 2F 76 63 2F 30 30 2F 30 32 2F 33 34 2F 55 53 34    /vc/00/02/34/US4
00001350: 37 30 30 30 30 35 45 41 5F 32 30 32 35 30 36 33    700005EA_2025063
00001360: 30 54 32 33 32 35 30 32 53 51 55 41 52 45 2E 70    0T232502SQUARE.p
00001370: 6E 67 22 20 67 72 6F 75 70 2D 74 69 74 6C 65 3D    ng" group-title=
00001380: 22 4D 75 73 69 63 22 2C 53 74 69 6E 67 72 61 79    "Music",Stingray
00001390: 20 43 6F 75 6E 74 72 79 20 47 72 65 61 74 73 0A     Country Greats.
000013a0: 68 74 74 70 73 3A 2F 2F 6A 6D 70 32 2E 75 6B 2F    https://jmp2.uk/
000013b0: 73 74 76 70 2D 55 53 34 37 30 30 30 30 35 45 41    stvp-US4700005EA
000013c0: 0A 23 45 58 54 49 4E 46 3A 2D 31 20 63 68 61 6E    .#EXTINF:-1 chan
000013d0: 6E 65 6C 2D 69 64 3D 22 55 53 42 44 33 35 30 30    nel-id="USBD3500
000013e0: 30 32 35 47 53 22 20 74 76 67 2D 69 64 3D 22 55    025GS" tvg-id="U
000013f0: 53 42 44 33 35 30 30 30 32 35 47 53 22 20 74 76    SBD3500025GS" tv
00001400: 67 2D 63 68 6E 6F 3D 22 34 34 35 36 22 20 74 76    g-chno="4456" tv
00001410: 67 2D 6E 61 6D 65 3D 22 53 74 69 6E 67 72 61 79    g-name="Stingray
00001420: 20 44 4A 41 5A 5A 22 20 74 76 67 2D 6C 6F 67 6F     DJAZZ" tvg-logo
00001430: 3D 22 68 74 74 70 73 3A 2F 2F 74 76 70 6E 6C 6F    ="https://tvpnlo
00001440: 67 6F 70 75 73 2E 73 61 6D 73 75 6E 67 63 6C 6F    gopus.samsungclo
00001450: 75 64 2E 74 76 2F 70 6C 61 74 66 6F 72 6D 2F 69    ud.tv/platform/i
00001460: 6D 61 67 65 2F 73 6F 75 72 63 65 6C 6F 67 6F 2F    mage/sourcelogo/
00001470: 76 63 2F 30 30 2F 30 32 2F 33 34 2F 55 53 42 44    vc/00/02/34/USBD
00001480: 33 35 30 30 30 32 35 47 53 5F 32 30 32 34 30 38    3500025GS_202408
00001490: 32 36 54 31 39 31 32 30 32 53 51 55 41 52 45 2E    26T191202SQUARE.
000014a0: 70 6E 67 22 20 67 72 6F 75 70 2D 74 69 74 6C 65    png" group-title
000014b0: 3D 22 4D 75 73 69 63 22 2C 53 74 69 6E 67 72 61    ="Music",Stingra
000014c0: 79 20 44 4A 41 5A 5A 0A 68 74 74 70 73 3A 2F 2F    y DJAZZ.https://
000014d0: 6A 6D 70 32 2E 75 6B 2F 73 74 76 70 2D 55 53 42    jmp2.uk/stvp-USB
000014e0: 44 33 35 30 30 30 32 35 47 53 0A 23 45 58 54 49    D3500025GS.#EXTI
000014f0: 4E 46 3A 2D 31 20 63 68 61 6E 6E 65 6C 2D 69 64    NF:-1 channel-id
00001500: 3D 22 55 53 42 44 33 35 30 30 30 31 31 4A 33 22    ="USBD3500011J3"
00001510: 20 74 76 67 2D 69 64 3D 22 55 53 42 44 33 35 30     tvg-id="USBD350
00001520: 30 30 31 31 4A 33 22 20 74 76 67 2D 63 68 6E 6F    0011J3" tvg-chno
00001530: 3D 22 34 34 37 34 22 20 74 76 67 2D 6E 61 6D 65    ="4474" tvg-name
00001540: 3D 22 53 74 69 6E 67 72 61 79 20 45 61 73 79 20    ="Stingray Easy 
00001550: 4C 69 73 74 65 6E 69 6E 67 22 20 74 76 67 2D 6C    Listening" tvg-l
00001560: 6F 67 6F 3D 22 68 74 74 70 73 3A 2F 2F 74 76 70    ogo="https://tvp
00001570: 6E 6C 6F 67 6F 70 75 73 2E 73 61 6D 73 75 6E 67    nlogopus.samsung
00001580: 63 6C 6F 75 64 2E 74 76 2F 70 6C 61 74 66 6F 72    cloud.tv/platfor
00001590: 6D 2F 69 6D 61 67 65 2F 73 6F 75 72 63 65 6C 6F    m/image/sourcelo
000015a0: 67 6F 2F 76 63 2F 30 30 2F 30 32 2F 33 34 2F 55    go/vc/00/02/34/U
000015b0: 53 42 44 33 35 30 30 30 31 31 4A 33 5F 32 30 32    SBD3500011J3_202
000015c0: 35 30 37 31 34 54 32 32 33 31 31 37 53 51 55 41    50714T223117SQUA
000015d0: 52 45 2E 70 6E 67 22 20 67 72 6F 75 70 2D 74 69    RE.png" group-ti
000015e0: 74 6C 65 3D 22 4D 75 73 69 63 22 2C 53 74 69 6E    tle="Music",Stin
000015f0: 67 72 61 79 20 45 61 73 79 20 4C 69 73 74 65 6E    gray Easy Listen
00001600: 69 6E 67 0A 68 74 74 70 73 3A 2F 2F 6A 6D 70 32    ing.https://jmp2
00001610: 2E 75 6B 2F 73 74 76 70 2D 55 53 42 44 33 35 30    .uk/stvp-USBD350
00001620: 30 30 31 31 4A 33 0A 23 45 58 54 49 4E 46 3A 2D    0011J3.#EXTINF:-
00001630: 31 20 63 68 61 6E 6E 65 6C 2D 69 64 3D 22 55 53    1 channel-id="US
00001640: 34 37 30 30 30 30 32 55 46 22 20 74 76 67 2D 69    4700002UF" tvg-i
00001650: 64 3D 22 55 53 34 37 30 30 30 30 32 55 46 22 20    d="US4700002UF" 
00001660: 74 76 67 2D 63 68 6E 6F 3D 22 34 34 36 38 22 20    tvg-chno="4468" 
00001670: 74 76 67 2D 6E 61 6D 65 3D 22 53 74 69 6E 67 72    tvg-name="Stingr
00001680: 61 79 20 45 75 72 6F 20 48 69 74 73 22 20 74 76    ay Euro Hits" tv
00001690: 67 2D 6C 6F 67 6F 3D 22 68 74 74 70 73 3A 2F 2F    g-logo="https://
000016a0: 74 76 70 6E 6C 6F 67 6F 70 75 73 2E 73 61 6D 73    tvpnlogopus.sams
000016b0: 75 6E 67 63 6C 6F 75 64 2E 74 76 2F 70 6C 61 74    ungcloud.tv/plat
000016c0: 66 6F 72 6D 2F 69 6D 61 67 65 2F 73 6F 75 72 63    form/image/sourc
000016d0: 65 6C 6F 67 6F 2F 76 63 2F 30 30 2F 30 32 2F 33    elogo/vc/00/02/3
000016e0: 34 2F 55 53 34 37 30 30 30 30 32 55 46 5F 32 30    4/US4700002UF_20
000016f0: 32 35 30 36 33 30 54 32 33 32 35 30 34 53 51 55    250630T232504SQU
00001700: 41 52 45 2E 70 6E 67 22 20 67 72 6F 75 70 2D 74    ARE.png" group-t
00001710: 69 74 6C 65 3D 22 4D 75 73 69 63 22 2C 53 74 69    itle="Music",Sti
00001720: 6E 67 72 61 79 20 45 75 72 6F 20 48 69 74 73 0A    ngray Euro Hits.
00001730: 68 74 74 70 73 3A 2F 2F 6A 6D 70 32 2E 75 6B 2F    https://jmp2.uk/
00001740: 73 74 76 70 2D 55 53 34 37 30 30 30 30 32 55 46    stvp-US4700002UF
00001750: 0A 23 45 58 54 49 4E 46 3A 2D 31 20 63 68 61 6E    .#EXTINF:-1 chan
00001760: 6E 65 6C 2D 69 64 3D 22 55 53 42 44 33 35 30 30    nel-id="USBD3500
00001770: 30 30 38 49 4A 22 20 74 76 67 2D 69 64 3D 22 55    008IJ" tvg-id="U
00001780: 53 42 44 33 35 30 30 30 30 38 49 4A 22 20 74 76    SBD3500008IJ" tv
00001790: 67 2D 63 68 6E 6F 3D 22 34 34 37 31 22 20 74 76    g-chno="4471" tv
000017a0: 67 2D 6E 61 6D 65 3D 22 53 74 69 6E 67 72 61 79    g-name="Stingray
000017b0: 20 46 6C 61 73 68 62 61 63 6B 20 37 30 73 22 20     Flashback 70s" 
000017c0: 74 76 67 2D 6C 6F 67 6F 3D 22 68 74 74 70 73 3A    tvg-logo="https:
000017d0: 2F 2F 74 76 70 6E 6C 6F 67 6F 70 75 73 2E 73 61    //tvpnlogopus.sa
000017e0: 6D 73 75 6E 67 63 6C 6F 75 64 2E 74 76 2F 70 6C    msungcloud.tv/pl
000017f0: 61 74 66 6F 72 6D 2F 69 6D 61 67 65 2F 73 6F 75    atform/image/sou
00001800: 72 63 65 6C 6F 67 6F 2F 76 63 2F 30 30 2F 30 32    rcelogo/vc/00/02
00001810: 2F 33 34 2F 55 53 42 44 33 35 30 30 30 30 38 49    /34/USBD3500008I
00001820: 4A 5F 32 30 32 35 30 36 33 30 54 32 33 32 34 33    J_20250630T23243
00001830: 34 53 51 55 41 52 45 2E 70 6E 67 22 20 67 72 6F    4SQUARE.png" gro
00001840: 75 70 2D 74 69 74 6C 65 3D 22 4D 75 73 69 63 22    up-title="Music"
00001850: 2C 53 74 69 6E 67 72 61 79 20 46 6C 61 73 68 62    ,Stingray Flashb
00001860: 61 63 6B 20 37 30 73 0A 68 74 74 70 73 3A 2F 2F    ack 70s.https://
00001870: 6A 6D 70 32 2E 75 6B 2F 73 74 76 70 2D 55 53 42    jmp2.uk/stvp-USB
00001880: 44 33 35 30 30 30 30 38 49 4A 0A 23 45 58 54 49    D3500008IJ.#EXTI
00001890: 4E 46 3A 2D 31 20 63 68 61 6E 6E 65 6C 2D 69 64    NF:-1 channel-id
000018a0: 3D 22 55 53 42 44 33 35 30 30 30 32 32 44 4E 22    ="USBD3500022DN"
000018b0: 20 74 76 67 2D 69 64 3D 22 55 53 42 44 33 35 30     tvg-id="USBD350
000018c0: 30 30 32 32 44 4E 22 20 74 76 67 2D 63 68 6E 6F    0022DN" tvg-chno
000018d0: 3D 22 34 34 38 32 22 20 74 76 67 2D 6E 61 6D 65    ="4482" tvg-name
000018e0: 3D 22 53 74 69 6E 67 72 61 79 20 47 72 65 61 74    ="Stingray Great
000018f0: 65 73 74 20 48 6F 6C 69 64 61 79 20 48 69 74 73    est Holiday Hits
00001900: 22 20 74 76 67 2D 6C 6F 67 6F 3D 22 68 74 74 70    " tvg-logo="http
00001910: 73 3A 2F 2F 74 76 70 6E 6C 6F 67 6F 70 75 73 2E    s://tvpnlogopus.
00001920: 73 61 6D 73 75 6E 67 63 6C 6F 75 64 2E 74 76 2F    samsungcloud.tv/
00001930: 70 6C 61 74 66 6F 72 6D 2F 69 6D 61 67 65 2F 73    platform/image/s
00001940: 6F 75 72 63 65 6C 6F 67 6F 2F 76 63 2F 30 30 2F    ourcelogo/vc/00/
00001950: 30 32 2F 33 34 2F 55 53 42 44 33 35 30 30 30 32    02/34/USBD350002
00001960: 32 44 4E 5F 32 30 32 35 31 31 31 30 54 32 33 35    2DN_20251110T235
00001970: 30 32 36 53 51 55 41 52 45 2E 70 6E 67 22 20 67    026SQUARE.png" g
00001980: 72 6F 75 70 2D 74 69 74 6C 65 3D 22 4D 75 73 69    roup-title="Musi
00001990: 63 22 2C 53 74 69 6E 67 72 61 79 20 47 72 65 61    c",Stingray Grea
000019a0: 74 65 73 74 20 48 6F 6C 69 64 61 79 20 48 69 74    test Holiday Hit
000019b0: 73 0A 68 74 74 70 73 3A 2F 2F 6A 6D 70 32 2E 75    s.https://jmp2.u
000019c0: 6B 2F 73 74 76 70 2D 55 53 42 44 33 35 30 30 30    k/stvp-USBD35000
000019d0: 32 32 44 4E 0A 23 45 58 54 49 4E 46 3A 2D 31 20    22DN.#EXTINF:-1 
000019e0: 63 68 61 6E 6E 65 6C 2D 69 64 3D 22 55 53 42 44    channel-id="USBD
000019f0: 33 35 30 30 30 31 30 4D 54 22 20 74 76 67 2D 69    3500010MT" tvg-i
00001a00: 64 3D 22 55 53 42 44 33 35 30 30 30 31 30 4D 54    d="USBD3500010MT
00001a10: 22 20 74 76 67 2D 63 68 6E 6F 3D 22 34 34 36 37    " tvg-chno="4467
00001a20: 22 20 74 76 67 2D 6E 61 6D 65 3D 22 53 74 69 6E    " tvg-name="Stin
00001a30: 67 72 61 79 20 48 69 70 20 48 6F 70 22 20 74 76    gray Hip Hop" tv
00001a40: 67 2D 6C 6F 67 6F 3D 22 68 74 74 70 73 3A 2F 2F    g-logo="https://
00001a50: 74 76 70 6E 6C 6F 67 6F 70 75 73 2E 73 61 6D 73    tvpnlogopus.sams
00001a60: 75 6E 67 63 6C 6F 75 64 2E 74 76 2F 70 6C 61 74    ungcloud.tv/plat
00001a70: 66 6F 72 6D 2F 69 6D 61 67 65 2F 73 6F 75 72 63    form/image/sourc
00001a80: 65 6C 6F 67 6F 2F 76 63 2F 30 30 2F 30 32 2F 33    elogo/vc/00/02/3
00001a90: 34 2F 55 53 42 44 33 35 30 30 30 31 30 4D 54 5F    4/USBD3500010MT_
00001aa0: 32 30 32 35 30 36 33 30 54 32 33 32 34 35 35 53    20250630T232455S
00001ab0: 51 55 41 52 45 2E 70 6E 67 22 20 67 72 6F 75 70    QUARE.png" group
00001ac0: 2D 74 69 74 6C 65 3D 22 4D 75 73 69 63 22 2C 53    -title="Music",S
00001ad0: 74 69 6E 67 72 61 79 20 48 69 70 20 48 6F 70 0A    tingray Hip Hop.
00001ae0: 68 74 74 70 73 3A 2F 2F 6A 6D 70 32 2E 75 6B 2F    https://jmp2.uk/
00001af0: 73 74 76 70 2D 55 53 42 44 33 35 30 30 30 31 30    stvp-USBD3500010
00001b00: 4D 54 0A 23 45 58 54 49 4E 46 3A 2D 31 20 63 68    MT.#EXTINF:-1 ch
00001b10: 61 6E 6E 65 6C 2D 69 64 3D 22 55 53 42 44 33 35    annel-id="USBD35
00001b20: 30 30 30 33 38 52 36 22 20 74 76 67 2D 69 64 3D    00038R6" tvg-id=
00001b30: 22 55 53 42 44 33 35 30 30 30 33 38 52 36 22 20    "USBD3500038R6" 
00001b40: 74 76 67 2D 63 68 6E 6F 3D 22 34 35 37 30 22 20    tvg-chno="4570" 
00001b50: 74 76 67 2D 6E 61 6D 65 3D 22 53 74 69 6E 67 72    tvg-name="Stingr
00001b60: 61 79 20 48 6F 6C 69 64 61 79 73 63 61 70 65 73    ay Holidayscapes
00001b70: 22 20 74 76 67 2D 6C 6F 67 6F 3D 22 68 74 74 70    " tvg-logo="http
00001b80: 73 3A 2F 2F 74 76 70 6E 6C 6F 67 6F 70 75 73 2E    s://tvpnlogopus.
00001b90: 73 61 6D 73 75 6E 67 63 6C 6F 75 64 2E 74 76 2F    samsungcloud.tv/
00001ba0: 70 6C 61 74 66 6F 72 6D 2F 69 6D 61 67 65 2F 73    platform/image/s
00001bb0: 6F 75 72 63 65 6C 6F 67 6F 2F 76 63 2F 30 30 2F    ourcelogo/vc/00/
00001bc0: 30 32 2F 33 34 2F 55 53 42 44 33 35 30 30 30 33    02/34/USBD350003
00001bd0: 38 52 36 5F 32 30 32 35 31 31 31 30 54 32 33 35    8R6_20251110T235
00001be0: 30 32 38 53 51 55 41 52 45 2E 70 6E 67 22 20 67    028SQUARE.png" g
00001bf0: 72 6F 75 70 2D 74 69 74 6C 65 3D 22 41 6D 62 69    roup-title="Ambi
00001c00: 61 6E 63 65 22 2C 53 74 69 6E 67 72 61 79 20 48    ance",Stingray H
00001c10: 6F 6C 69 64 61 79 73 63 61 70 65 73 0A 68 74 74    olidayscapes.htt
00001c20: 70 73 3A 2F 2F 6A 6D 70 32 2E 75 6B 2F 73 74 76    ps://jmp2.uk/stv
00001c30: 70 2D 55 53 42 44 33 35 30 30 30 33 38 52 36 0A    p-USBD3500038R6.
00001c40: 23 45 58 54 49 4E 46 3A 2D 31 20 63 68 61 6E 6E    #EXTINF:-1 chann
00001c50: 65 6C 2D 69 64 3D 22 55 53 42 44 33 33 30 30 30    el-id="USBD33000
00001c60: 32 31 4B 56 22 20 74 76 67 2D 69 64 3D 22 55 53    21KV" tvg-id="US
00001c70: 42 44 33 33 30 30 30 32 31 4B 56 22 20 74 76 67    BD3300021KV" tvg
00001c80: 2D 63 68 6E 6F 3D 22 34 34 38 30 22 20 74 76 67    -chno="4480" tvg
00001c90: 2D 6E 61 6D 65 3D 22 53 74 69 6E 67 72 61 79 20    -name="Stingray 
00001ca0: 48 6F 74 20 43 6F 75 6E 74 72 79 20 43 68 72 69    Hot Country Chri
00001cb0: 73 74 6D 61 73 22 20 74 76 67 2D 6C 6F 67 6F 3D    stmas" tvg-logo=
00001cc0: 22 68 74 74 70 73 3A 2F 2F 74 76 70 6E 6C 6F 67    "https://tvpnlog
00001cd0: 6F 70 75 73 2E 73 61 6D 73 75 6E 67 63 6C 6F 75    opus.samsungclou
00001ce0: 64 2E 74 76 2F 70 6C 61 74 66 6F 72 6D 2F 69 6D    d.tv/platform/im
00001cf0: 61 67 65 2F 73 6F 75 72 63 65 6C 6F 67 6F 2F 76    age/sourcelogo/v
00001d00: 63 2F 30 30 2F 30 32 2F 33 34 2F 55 53 42 44 33    c/00/02/34/USBD3
00001d10: 33 30 30 30 32 31 4B 56 5F 32 30 32 35 31 32 30    300021KV_2025120
00001d20: 32 54 30 30 35 38 35 36 53 51 55 41 52 45 2E 70    2T005856SQUARE.p
00001d30: 6E 67 22 20 67 72 6F 75 70 2D 74 69 74 6C 65 3D    ng" group-title=
00001d40: 22 4D 75 73 69 63 22 2C 53 74 69 6E 67 72 61 79    "Music",Stingray
00001d50: 20 48 6F 74 20 43 6F 75 6E 74 72 79 20 43 68 72     Hot Country Chr
00001d60: 69 73 74 6D 61 73 0A 68 74 74 70 73 3A 2F 2F 6A    istmas.https://j
00001d70: 6D 70 32 2E 75 6B 2F 73 74 76 70 2D 55 53 42 44    mp2.uk/stvp-USBD
00001d80: 33 33 30 30 30 32 31 4B 56 0A 23 45 58 54 49 4E    3300021KV.#EXTIN
00001d90: 46 3A 2D 31 20 63 68 61 6E 6E 65 6C 2D 69 64 3D    F:-1 channel-id=
00001da0: 22 55 53 34 37 30 30 30 30 36 58 4C 22 20 74 76    "US4700006XL" tv
00001db0: 67 2D 69 64 3D 22 55 53 34 37 30 30 30 30 36 58    g-id="US4700006X
00001dc0: 4C 22 20 74 76 67 2D 63 68 6E 6F 3D 22 34 34 37    L" tvg-chno="447
00001dd0: 33 22 20 74 76 67 2D 6E 61 6D 65 3D 22 53 74 69    3" tvg-name="Sti
00001de0: 6E 67 72 61 79 20 4A 75 6B 65 62 6F 78 20 4F 6C    ngray Jukebox Ol
00001df0: 64 69 65 73 22 20 74 76 67 2D 6C 6F 67 6F 3D 22    dies" tvg-logo="
00001e00: 68 74 74 70 73 3A 2F 2F 74 76 70 6E 6C 6F 67 6F    https://tvpnlogo
00001e10: 70 75 73 2E 73 61 6D 73 75 6E 67 63 6C 6F 75 64    pus.samsungcloud
00001e20: 2E 74 76 2F 70 6C 61 74 66 6F 72 6D 2F 69 6D 61    .tv/platform/ima
00001e30: 67 65 2F 73 6F 75 72 63 65 6C 6F 67 6F 2F 76 63    ge/sourcelogo/vc
00001e40: 2F 30 30 2F 30 32 2F 33 34 2F 55 53 34 37 30 30    /00/02/34/US4700
00001e50: 30 30 36 58 4C 5F 32 30 32 35 30 36 33 30 54 32    006XL_20250630T2
00001e60: 33 32 35 30 36 53 51 55 41 52 45 2E 70 6E 67 22    32506SQUARE.png"
00001e70: 20 67 72 6F 75 70 2D 74 69 74 6C 65 3D 22 4D 75     group-title="Mu
00001e80: 73 69 63 22 2C 53 74 69 6E 67 72 61 79 20 4A 75    sic",Stingray Ju
00001e90: 6B 65 62 6F 78 20 4F 6C 64 69 65 73 0A 68 74 74    kebox Oldies.htt
00001ea0: 70 73 3A 2F 2F 6A 6D 70 32 2E 75 6B 2F 73 74 76    ps://jmp2.uk/stv
00001eb0: 70 2D 55 53 34 37 30 30 30 30 36 58 4C 0A 23 45    p-US4700006XL.#E
00001ec0: 58 54 49 4E 46 3A 2D 31 20 63 68 61 6E 6E 65 6C    XTINF:-1 channel
00001ed0: 2D 69 64 3D 22 55 53 34 37 30 30 30 30 33 44 50    -id="US4700003DP
00001ee0: 22 20 74 76 67 2D 69 64 3D 22 55 53 34 37 30 30    " tvg-id="US4700
00001ef0: 30 30 33 44 50 22 20 74 76 67 2D 63 68 6E 6F 3D    003DP" tvg-chno=
00001f00: 22 34 34 36 30 22 20 74 76 67 2D 6E 61 6D 65 3D    "4460" tvg-name=
00001f10: 22 53 74 69 6E 67 72 61 79 20 4D 6F 76 69 65 20    "Stingray Movie 
00001f20: 4D 75 73 69 63 22 20 74 76 67 2D 6C 6F 67 6F 3D    Music" tvg-logo=
00001f30: 22 68 74 74 70 73 3A 2F 2F 74 76 70 6E 6C 6F 67    "https://tvpnlog
00001f40: 6F 70 75 73 2E 73 61 6D 73 75 6E 67 63 6C 6F 75    opus.samsungclou
00001f50: 64 2E 74 76 2F 70 6C 61 74 66 6F 72 6D 2F 69 6D    d.tv/platform/im
00001f60: 61 67 65 2F 73 6F 75 72 63 65 6C 6F 67 6F 2F 76    age/sourcelogo/v
00001f70: 63 2F 30 30 2F 30 32 2F 33 34 2F 55 53 34 37 30    c/00/02/34/US470
00001f80: 30 30 30 33 44 50 5F 32 30 32 35 30 31 32 31 54    0003DP_20250121T
00001f90: 31 30 31 32 31 30 53 51 55 41 52 45 2E 70 6E 67    101210SQUARE.png
00001fa0: 22 20 67 72 6F 75 70 2D 74 69 74 6C 65 3D 22 4D    " group-title="M
00001fb0: 75 73 69 63 22 2C 53 74 69 6E 67 72 61 79 20 4D    usic",Stingray M
00001fc0: 6F 76 69 65 20 4D 75 73 69 63 0A 68 74 74 70 73    ovie Music.https
00001fd0: 3A 2F 2F 6A 6D 70 32 2E 75 6B 2F 73 74 76 70 2D    ://jmp2.uk/stvp-
00001fe0: 55 53 34 37 30 30 30 30 33 44 50 0A 23 45 58 54    US4700003DP.#EXT
00001ff0: 49 4E 46 3A 2D 31 20 63 68 61 6E 6E 65 6C 2D 69    INF:-1 channel-i
00002000: 64 3D 22 55 53 41 4B 33 35 30 38 37 30 35 41 22    d="USAK3508705A"
00002010: 20 74 76 67 2D 69 64 3D 22 55 53 41 4B 33 35 30     tvg-id="USAK350
00002020: 38 37 30 35 41 22 20 74 76 67 2D 63 68 6E 6F 3D    8705A" tvg-chno=
00002030: 22 34 35 37 32 22 20 74 76 67 2D 6E 61 6D 65 3D    "4572" tvg-name=
00002040: 22 53 74 69 6E 67 72 61 79 20 4E 61 74 75 72 65    "Stingray Nature
00002050: 73 63 61 70 65 22 20 74 76 67 2D 6C 6F 67 6F 3D    scape" tvg-logo=
00002060: 22 68 74 74 70 73 3A 2F 2F 74 76 70 6E 6C 6F 67    "https://tvpnlog
00002070: 6F 70 75 73 2E 73 61 6D 73 75 6E 67 63 6C 6F 75    opus.samsungclou
00002080: 64 2E 74 76 2F 70 6C 61 74 66 6F 72 6D 2F 69 6D    d.tv/platform/im
00002090: 61 67 65 2F 73 6F 75 72 63 65 6C 6F 67 6F 2F 76    age/sourcelogo/v
000020a0: 63 2F 30 30 2F 30 32 2F 33 34 2F 55 53 41 4B 33    c/00/02/34/USAK3
000020b0: 35 30 38 37 30 35 41 5F 32 30 32 35 30 36 33 30    508705A_20250630
000020c0: 54 32 33 32 35 30 30 53 51 55 41 52 45 2E 70 6E    T232500SQUARE.pn
000020d0: 67 22 20 67 72 6F 75 70 2D 74 69 74 6C 65 3D 22    g" group-title="
000020e0: 41 6D 62 69 61 6E 63 65 22 2C 53 74 69 6E 67 72    Ambiance",Stingr
000020f0: 61 79 20 4E 61 74 75 72 65 73 63 61 70 65 0A 68    ay Naturescape.h
00002100: 74 74 70 73 3A 2F 2F 6A 6D 70 32 2E 75 6B 2F 73    ttps://jmp2.uk/s
00002110: 74 76 70 2D 55 53 41 4B 33 35 30 38 37 30 35 41    tvp-USAK3508705A
00002120: 0A 23 45 58 54 49 4E 46 3A 2D 31 20 63 68 61 6E    .#EXTINF:-1 chan
00002130: 6E 65 6C 2D 69 64 3D 22 55 53 42 44 33 35 30 30    nel-id="USBD3500
00002140: 30 31 34 39 53 22 20 74 76 67 2D 69 64 3D 22 55    0149S" tvg-id="U
00002150: 53 42 44 33 35 30 30 30 31 34 39 53 22 20 74 76    SBD35000149S" tv
00002160: 67 2D 63 68 6E 6F 3D 22 34 34 36 39 22 20 74 76    g-chno="4469" tv
00002170: 67 2D 6E 61 6D 65 3D 22 53 74 69 6E 67 72 61 79    g-name="Stingray
00002180: 20 4E 6F 74 68 69 6E 27 20 42 75 74 20 39 30 73     Nothin' But 90s
00002190: 22 20 74 76 67 2D 6C 6F 67 6F 3D 22 68 74 74 70    " tvg-logo="http
000021a0: 73 3A 2F 2F 74 76 70 6E 6C 6F 67 6F 70 75 73 2E    s://tvpnlogopus.
000021b0: 73 61 6D 73 75 6E 67 63 6C 6F 75 64 2E 74 76 2F    samsungcloud.tv/
000021c0: 70 6C 61 74 66 6F 72 6D 2F 69 6D 61 67 65 2F 73    platform/image/s
000021d0: 6F 75 72 63 65 6C 6F 67 6F 2F 76 63 2F 30 30 2F    ourcelogo/vc/00/
000021e0: 30 32 2F 33 34 2F 55 53 42 44 33 35 30 30 30 31    02/34/USBD350001
000021f0: 34 39 53 5F 32 30 32 35 30 36 33 30 54 32 33 32    49S_20250630T232
00002200: 34 34 31 53 51 55 41 52 45 2E 70 6E 67 22 20 67    441SQUARE.png" g
00002210: 72 6F 75 70 2D 74 69 74 6C 65 3D 22 4D 75 73 69    roup-title="Musi
00002220: 63 22 2C 53 74 69 6E 67 72 61 79 20 4E 6F 74 68    c",Stingray Noth
00002230: 69 6E 27 20 42 75 74 20 39 30 73 0A 68 74 74 70    in' But 90s.http
00002240: 73 3A 2F 2F 6A 6D 70 32 2E 75 6B 2F 73 74 76 70    s://jmp2.uk/stvp
00002250: 2D 55 53 42 44 33 35 30 30 30 31 34 39 53 0A 23    -USBD35000149S.#
00002260: 45 58 54 49 4E 46 3A 2D 31 20 63 68 61 6E 6E 65    EXTINF:-1 channe
00002270: 6C 2D 69 64 3D 22 55 53 42 44 33 33 30 30 30 32    l-id="USBD330002
00002280: 32 51 4B 22 20 74 76 67 2D 69 64 3D 22 55 53 42    2QK" tvg-id="USB
00002290: 44 33 33 30 30 30 32 32 51 4B 22 20 74 76 67 2D    D3300022QK" tvg-
000022a0: 63 68 6E 6F 3D 22 34 34 37 30 22 20 74 76 67 2D    chno="4470" tvg-
000022b0: 6E 61 6D 65 3D 22 53 74 69 6E 67 72 61 79 20 52    name="Stingray R
000022c0: 65 6D 65 6D 62 65 72 20 74 68 65 20 38 30 73 22    emember the 80s"
000022d0: 20 74 76 67 2D 6C 6F 67 6F 3D 22 68 74 74 70 73     tvg-logo="https
000022e0: 3A 2F 2F 74 76 70 6E 6C 6F 67 6F 70 75 73 2E 73    ://tvpnlogopus.s
000022f0: 61 6D 73 75 6E 67 63 6C 6F 75 64 2E 74 76 2F 70    amsungcloud.tv/p
00002300: 6C 61 74 66 6F 72 6D 2F 69 6D 61 67 65 2F 73 6F    latform/image/so
00002310: 75 72 63 65 6C 6F 67 6F 2F 76 63 2F 30 30 2F 30    urcelogo/vc/00/0
00002320: 32 2F 33 34 2F 55 53 42 44 33 33 30 30 30 32 32    2/34/USBD3300022
00002330: 51 4B 5F 32 30 32 35 30 36 33 30 54 32 33 32 34    QK_20250630T2324
00002340: 34 33 53 51 55 41 52 45 2E 70 6E 67 22 20 67 72    43SQUARE.png" gr
00002350: 6F 75 70 2D 74 69 74 6C 65 3D 22 4D 75 73 69 63    oup-title="Music
00002360: 22 2C 53 74 69 6E 67 72 61 79 20 52 65 6D 65 6D    ",Stingray Remem
00002370: 62 65 72 20 74 68 65 20 38 30 73 0A 68 74 74 70    ber the 80s.http
00002380: 73 3A 2F 2F 6A 6D 70 32 2E 75 6B 2F 73 74 76 70    s://jmp2.uk/stvp
00002390: 2D 55 53 42 44 33 33 30 30 30 32 32 51 4B 0A 23    -USBD3300022QK.#
000023a0: 45 58 54 49 4E 46 3A 2D 31 20 63 68 61 6E 6E 65    EXTINF:-1 channe
000023b0: 6C 2D 69 64 3D 22 55 53 42 44 33 35 30 30 30 31    l-id="USBD350001
000023c0: 37 43 45 22 20 74 76 67 2D 69 64 3D 22 55 53 42    7CE" tvg-id="USB
000023d0: 44 33 35 30 30 30 31 37 43 45 22 20 74 76 67 2D    D3500017CE" tvg-
000023e0: 63 68 6E 6F 3D 22 34 34 36 33 22 20 74 76 67 2D    chno="4463" tvg-
000023f0: 6E 61 6D 65 3D 22 53 74 69 6E 67 72 61 79 20 52    name="Stingray R
00002400: 6F 6D 61 6E 63 65 20 4C 61 74 69 6E 6F 22 20 74    omance Latino" t
00002410: 76 67 2D 6C 6F 67 6F 3D 22 68 74 74 70 73 3A 2F    vg-logo="https:/
00002420: 2F 74 76 70 6E 6C 6F 67 6F 70 75 73 2E 73 61 6D    /tvpnlogopus.sam
00002430: 73 75 6E 67 63 6C 6F 75 64 2E 74 76 2F 70 6C 61    sungcloud.tv/pla
00002440: 74 66 6F 72 6D 2F 69 6D 61 67 65 2F 73 6F 75 72    tform/image/sour
00002450: 63 65 6C 6F 67 6F 2F 76 63 2F 30 30 2F 30 32 2F    celogo/vc/00/02/
00002460: 33 34 2F 55 53 42 44 33 35 30 30 30 31 37 43 45    34/USBD3500017CE
00002470: 5F 32 30 32 35 30 36 33 30 54 32 33 32 34 34 35    _20250630T232445
00002480: 53 51 55 41 52 45 2E 70 6E 67 22 20 67 72 6F 75    SQUARE.png" grou
00002490: 70 2D 74 69 74 6C 65 3D 22 4D 75 73 69 63 22 2C    p-title="Music",
000024a0: 53 74 69 6E 67 72 61 79 20 52 6F 6D 61 6E 63 65    Stingray Romance
000024b0: 20 4C 61 74 69 6E 6F 0A 68 74 74 70 73 3A 2F 2F     Latino.https://
000024c0: 6A 6D 70 32 2E 75 6B 2F 73 74 76 70 2D 55 53 42    jmp2.uk/stvp-USB
000024d0: 44 33 35 30 30 30 31 37 43 45 0A 23 45 58 54 49    D3500017CE.#EXTI
000024e0: 4E 46 3A 2D 31 20 63 68 61 6E 6E 65 6C 2D 69 64    NF:-1 channel-id
000024f0: 3D 22 55 53 42 44 33 35 30 30 30 31 32 38 41 22    ="USBD35000128A"
00002500: 20 74 76 67 2D 69 64 3D 22 55 53 42 44 33 35 30     tvg-id="USBD350
00002510: 30 30 31 32 38 41 22 20 74 76 67 2D 63 68 6E 6F    00128A" tvg-chno
00002520: 3D 22 34 34 37 35 22 20 74 76 67 2D 6E 61 6D 65    ="4475" tvg-name
00002530: 3D 22 53 74 69 6E 67 72 61 79 20 53 6D 6F 6F 74    ="Stingray Smoot
00002540: 68 20 4A 61 7A 7A 22 20 74 76 67 2D 6C 6F 67 6F    h Jazz" tvg-logo
00002550: 3D 22 68 74 74 70 73 3A 2F 2F 74 76 70 6E 6C 6F    ="https://tvpnlo
00002560: 67 6F 70 75 73 2E 73 61 6D 73 75 6E 67 63 6C 6F    gopus.samsungclo
00002570: 75 64 2E 74 76 2F 70 6C 61 74 66 6F 72 6D 2F 69    ud.tv/platform/i
00002580: 6D 61 67 65 2F 73 6F 75 72 63 65 6C 6F 67 6F 2F    mage/sourcelogo/
00002590: 76 63 2F 30 30 2F 30 32 2F 33 34 2F 55 53 42 44    vc/00/02/34/USBD
000025a0: 33 35 30 30 30 31 32 38 41 5F 32 30 32 35 30 36    35000128A_202506
000025b0: 33 30 54 32 33 32 34 34 37 53 51 55 41 52 45 2E    30T232447SQUARE.
000025c0: 70 6E 67 22 20 67 72 6F 75 70 2D 74 69 74 6C 65    png" group-title
000025d0: 3D 22 4D 75 73 69 63 22 2C 53 74 69 6E 67 72 61    ="Music",Stingra
000025e0: 79 20 53 6D 6F 6F 74 68 20 4A 61 7A 7A 0A 68 74    y Smooth Jazz.ht
000025f0: 74 70 73 3A 2F 2F 6A 6D 70 32 2E 75 6B 2F 73 74    tps://jmp2.uk/st
00002600: 76 70 2D 55 53 42 44 33 35 30 30 30 31 32 38 41    vp-USBD35000128A
00002610: 0A 23 45 58 54 49 4E 46 3A 2D 31 20 63 68 61 6E    .#EXTINF:-1 chan
00002620: 6E 65 6C 2D 69 64 3D 22 55 53 34 37 30 30 30 30    nel-id="US470000
00002630: 37 47 56 22 20 74 76 67 2D 69 64 3D 22 55 53 34    7GV" tvg-id="US4
00002640: 37 30 30 30 30 37 47 56 22 20 74 76 67 2D 63 68    700007GV" tvg-ch
00002650: 6E 6F 3D 22 34 34 37 32 22 20 74 76 67 2D 6E 61    no="4472" tvg-na
00002660: 6D 65 3D 22 53 74 69 6E 67 72 61 79 20 53 6F 66    me="Stingray Sof
00002670: 74 20 48 69 74 73 22 20 74 76 67 2D 6C 6F 67 6F    t Hits" tvg-logo
00002680: 3D 22 68 74 74 70 73 3A 2F 2F 74 76 70 6E 6C 6F    ="https://tvpnlo
00002690: 67 6F 70 75 73 2E 73 61 6D 73 75 6E 67 63 6C 6F    gopus.samsungclo
000026a0: 75 64 2E 74 76 2F 70 6C 61 74 66 6F 72 6D 2F 69    ud.tv/platform/i
000026b0: 6D 61 67 65 2F 73 6F 75 72 63 65 6C 6F 67 6F 2F    mage/sourcelogo/
000026c0: 76 63 2F 30 30 2F 30 32 2F 33 34 2F 55 53 34 37    vc/00/02/34/US47
000026d0: 30 30 30 30 37 47 56 5F 32 30 32 35 30 36 33 30    00007GV_20250630
000026e0: 54 32 33 32 35 30 38 53 51 55 41 52 45 2E 70 6E    T232508SQUARE.pn
000026f0: 67 22 20 67 72 6F 75 70 2D 74 69 74 6C 65 3D 22    g" group-title="
00002700: 4D 75 73 69 63 22 2C 53 74 69 6E 67 72 61 79 20    Music",Stingray 
00002710: 53 6F 66 74 20 48 69 74 73 0A 68 74 74 70 73 3A    Soft Hits.https:
00002720: 2F 2F 6A 6D 70 32 2E 75 6B 2F 73 74 76 70 2D 55    //jmp2.uk/stvp-U
00002730: 53 34 37 30 30 30 30 37 47 56 0A 23 45 58 54 49    S4700007GV.#EXTI
00002740: 4E 46 3A 2D 31 20 63 68 61 6E 6E 65 6C 2D 69 64    NF:-1 channel-id
00002750: 3D 22 55 53 42 44 33 35 30 30 30 31 33 44 47 22    ="USBD3500013DG"
00002760: 20 74 76 67 2D 69 64 3D 22 55 53 42 44 33 35 30     tvg-id="USBD350
00002770: 30 30 31 33 44 47 22 20 74 76 67 2D 63 68 6E 6F    0013DG" tvg-chno
00002780: 3D 22 34 35 38 30 22 20 74 76 67 2D 6E 61 6D 65    ="4580" tvg-name
00002790: 3D 22 53 74 69 6E 67 72 61 79 20 53 70 61 22 20    ="Stingray Spa" 
000027a0: 74 76 67 2D 6C 6F 67 6F 3D 22 68 74 74 70 73 3A    tvg-logo="https:
000027b0: 2F 2F 74 76 70 6E 6C 6F 67 6F 70 75 73 2E 73 61    //tvpnlogopus.sa
000027c0: 6D 73 75 6E 67 63 6C 6F 75 64 2E 74 76 2F 70 6C    msungcloud.tv/pl
000027d0: 61 74 66 6F 72 6D 2F 69 6D 61 67 65 2F 73 6F 75    atform/image/sou
000027e0: 72 63 65 6C 6F 67 6F 2F 76 63 2F 30 30 2F 30 32    rcelogo/vc/00/02
000027f0: 2F 33 34 2F 55 53 42 44 33 35 30 30 30 31 33 44    /34/USBD3500013D
00002800: 47 5F 32 30 32 35 30 36 33 30 54 32 33 32 34 34    G_20250630T23244
00002810: 39 53 51 55 41 52 45 2E 70 6E 67 22 20 67 72 6F    9SQUARE.png" gro
00002820: 75 70 2D 74 69 74 6C 65 3D 22 41 6D 62 69 61 6E    up-title="Ambian
00002830: 63 65 22 2C 53 74 69 6E 67 72 61 79 20 53 70 61    ce",Stingray Spa
00002840: 0A 68 74 74 70 73 3A 2F 2F 6A 6D 70 32 2E 75 6B    .https://jmp2.uk
00002850: 2F 73 74 76 70 2D 55 53 42 44 33 35 30 30 30 31    /stvp-USBD350001
00002860: 33 44 47 0A 23 45 58 54 49 4E 46 3A 2D 31 20 63    3DG.#EXTINF:-1 c
00002870: 68 61 6E 6E 65 6C 2D 69 64 3D 22 55 53 42 44 33    hannel-id="USBD3
00002880: 35 30 30 30 31 36 4E 48 22 20 74 76 67 2D 69 64    500016NH" tvg-id
00002890: 3D 22 55 53 42 44 33 35 30 30 30 31 36 4E 48 22    ="USBD3500016NH"
000028a0: 20 74 76 67 2D 63 68 6E 6F 3D 22 34 34 35 34 22     tvg-chno="4454"
000028b0: 20 74 76 67 2D 6E 61 6D 65 3D 22 53 74 69 6E 67     tvg-name="Sting
000028c0: 72 61 79 20 54 6F 64 61 79 27 73 20 4B 2D 50 6F    ray Today's K-Po
000028d0: 70 22 20 74 76 67 2D 6C 6F 67 6F 3D 22 68 74 74    p" tvg-logo="htt
000028e0: 70 73 3A 2F 2F 74 76 70 6E 6C 6F 67 6F 70 75 73    ps://tvpnlogopus
000028f0: 2E 73 61 6D 73 75 6E 67 63 6C 6F 75 64 2E 74 76    .samsungcloud.tv
00002900: 2F 70 6C 61 74 66 6F 72 6D 2F 69 6D 61 67 65 2F    /platform/image/
00002910: 73 6F 75 72 63 65 6C 6F 67 6F 2F 76 63 2F 30 30    sourcelogo/vc/00
00002920: 2F 30 32 2F 33 34 2F 55 53 42 44 33 35 30 30 30    /02/34/USBD35000
00002930: 31 36 4E 48 5F 32 30 32 35 30 36 33 30 54 32 33    16NH_20250630T23
00002940: 32 34 35 31 53 51 55 41 52 45 2E 70 6E 67 22 20    2451SQUARE.png" 
00002950: 67 72 6F 75 70 2D 74 69 74 6C 65 3D 22 4D 75 73    group-title="Mus
00002960: 69 63 22 2C 53 74 69 6E 67 72 61 79 20 54 6F 64    ic",Stingray Tod
00002970: 61 79 27 73 20 4B 2D 50 6F 70 0A 68 74 74 70 73    ay's K-Pop.https
00002980: 3A 2F 2F 6A 6D 70 32 2E 75 6B 2F 73 74 76 70 2D    ://jmp2.uk/stvp-
00002990: 55 53 42 44 33 35 30 30 30 31 36 4E 48 0A 23 45    USBD3500016NH.#E
000029a0: 58 54 49 4E 46 3A 2D 31 20 63 68 61 6E 6E 65 6C    XTINF:-1 channel
000029b0: 2D 69 64 3D 22 55 53 42 44 33 35 30 30 30 30 39    -id="USBD3500009
000029c0: 59 33 22 20 74 76 67 2D 69 64 3D 22 55 53 42 44    Y3" tvg-id="USBD
000029d0: 33 35 30 30 30 30 39 59 33 22 20 74 76 67 2D 63    3500009Y3" tvg-c
000029e0: 68 6E 6F 3D 22 34 34 36 34 22 20 74 76 67 2D 6E    hno="4464" tvg-n
000029f0: 61 6D 65 3D 22 53 74 69 6E 67 72 61 79 20 54 6F    ame="Stingray To
00002a00: 64 61 79 27 73 20 4C 61 74 69 6E 20 50 6F 70 22    day's Latin Pop"
00002a10: 20 74 76 67 2D 6C 6F 67 6F 3D 22 68 74 74 70 73     tvg-logo="https
00002a20: 3A 2F 2F 74 76 70 6E 6C 6F 67 6F 70 75 73 2E 73    ://tvpnlogopus.s
00002a30: 61 6D 73 75 6E 67 63 6C 6F 75 64 2E 74 76 2F 70    amsungcloud.tv/p
00002a40: 6C 61 74 66 6F 72 6D 2F 69 6D 61 67 65 2F 73 6F    latform/image/so
00002a50: 75 72 63 65 6C 6F 67 6F 2F 76 63 2F 30 30 2F 30    urcelogo/vc/00/0
00002a60: 32 2F 33 34 2F 55 53 42 44 33 35 30 30 30 30 39    2/34/USBD3500009
00002a70: 59 33 5F 32 30 32 35 30 36 33 30 54 32 33 32 35    Y3_20250630T2325
00002a80: 33 30 53 51 55 41 52 45 2E 70 6E 67 22 20 67 72    30SQUARE.png" gr
00002a90: 6F 75 70 2D 74 69 74 6C 65 3D 22 4D 75 73 69 63    oup-title="Music
00002aa0: 22 2C 53 74 69 6E 67 72 61 79 20 54 6F 64 61 79    ",Stingray Today
00002ab0: 27 73 20 4C 61 74 69 6E 20 50 6F 70 0A 68 74 74    's Latin Pop.htt
00002ac0: 70 73 3A 2F 2F 6A 6D 70 32 2E 75 6B 2F 73 74 76    ps://jmp2.uk/stv
00002ad0: 70 2D 55 53 42 44 33 35 30 30 30 30 39 59 33 0A    p-USBD3500009Y3.
00002ae0: 23 45 58 54 49 4E 46 3A 2D 31 20 63 68 61 6E 6E    #EXTINF:-1 chann
00002af0: 65 6C 2D 69 64 3D 22 55 53 42 44 31 37 30 30 30    el-id="USBD17000
00002b00: 30 36 54 32 22 20 74 76 67 2D 69 64 3D 22 55 53    06T2" tvg-id="US
00002b10: 42 44 31 37 30 30 30 30 36 54 32 22 20 74 76 67    BD1700006T2" tvg
00002b20: 2D 63 68 6E 6F 3D 22 32 37 31 32 22 20 74 76 67    -chno="2712" tvg
00002b30: 2D 6E 61 6D 65 3D 22 53 74 6F 72 61 67 65 20 57    -name="Storage W
00002b40: 61 72 73 3A 20 4C 41 22 20 74 76 67 2D 6C 6F 67    ars: LA" tvg-log
00002b50: 6F 3D 22 68 74 74 70 73 3A 2F 2F 74 76 70 6E 6C    o="https://tvpnl
00002b60: 6F 67 6F 70 75 73 2E 73 61 6D 73 75 6E 67 63 6C    ogopus.samsungcl
00002b70: 6F 75 64 2E 74 76 2F 70 6C 61 74 66 6F 72 6D 2F    oud.tv/platform/
00002b80: 69 6D 61 67 65 2F 73 6F 75 72 63 65 6C 6F 67 6F    image/sourcelogo
00002b90: 2F 76 63 2F 30 30 2F 30 32 2F 33 34 2F 55 53 42    /vc/00/02/34/USB
00002ba0: 44 31 37 30 30 30 30 36 54 32 5F 32 30 32 35 30    D1700006T2_20250
00002bb0: 37 30 37 54 32 33 34 34 32 34 53 51 55 41 52 45    707T234424SQUARE
00002bc0: 2E 70 6E 67 22 20 67 72 6F 75 70 2D 74 69 74 6C    .png" group-titl
00002bd0: 65 3D 22 52 65 61 6C 69 74 79 20 43 6F 6D 70 65    e="Reality Compe
00002be0: 74 69 74 69 6F 6E 22 2C 53 74 6F 72 61 67 65 20    tition",Storage 
00002bf0: 57 61 72 73 3A 20 4C 41 0A 68 74 74 70 73 3A 2F    Wars: LA.https:/
00002c00: 2F 6A 6D 70 32 2E 75 6B 2F 73 74 76 70 2D 55 53    /jmp2.uk/stvp-US
00002c10: 42 44 31 37 30 30 30 30 36 54 32 0A 23 45 58 54    BD1700006T2.#EXT
00002c20: 49 4E 46 3A 2D 31 20 63 68 61 6E 6E 65 6C 2D 69    INF:-1 channel-i
00002c30: 64 3D 22 55 53 42 44 32 35 30 30 30 31 38 58 36    d="USBD2500018X6
00002c40: 22 20 74 76 67 2D 69 64 3D 22 55 53 42 44 32 35    " tvg-id="USBD25
00002c50: 30 30 30 31 38 58 36 22 20 74 76 67 2D 63 68 6E    00018X6" tvg-chn
00002c60: 6F 3D 22 31 35 31 35 22 20 74 76 67 2D 6E 61 6D    o="1515" tvg-nam
00002c70: 65 3D 22 53 74 6F 72 69 65 73 20 62 79 20 41 4D    e="Stories by AM
00002c80: 43 22 20 74 76 67 2D 6C 6F 67 6F 3D 22 68 74 74    C" tvg-logo="htt
00002c90: 70 73 3A 2F 2F 74 76 70 6E 6C 6F 67 6F 70 75 73    ps://tvpnlogopus
00002ca0: 2E 73 61 6D 73 75 6E 67 63 6C 6F 75 64 2E 74 76    .samsungcloud.tv
00002cb0: 2F 70 6C 61 74 66 6F 72 6D 2F 69 6D 61 67 65 2F    /platform/image/
00002cc0: 73 6F 75 72 63 65 6C 6F 67 6F 2F 76 63 2F 30 30    sourcelogo/vc/00
00002cd0: 2F 30 32 2F 33 34 2F 55 53 42 44 32 35 30 30 30    /02/34/USBD25000
00002ce0: 31 38 58 36 5F 32 30 32 35 31 31 31 31 54 32 30    18X6_20251111T20
00002cf0: 30 38 33 36 53 51 55 41 52 45 2E 70 6E 67 22 20    0836SQUARE.png" 
00002d00: 67 72 6F 75 70 2D 74 69 74 6C 65 3D 22 41 63 74    group-title="Act
00002d10: 69 6F 6E 20 26 20 44 72 61 6D 61 22 2C 53 74 6F    ion & Drama",Sto
00002d20: 72 69 65 73 20 62 79 20 41 4D 43 0A 68 74 74 70    ries by AMC.http
00002d30: 73 3A 2F 2F 6A 6D 70 32 2E 75 6B 2F 73 74 76 70    s://jmp2.uk/stvp
00002d40: 2D 55 53 42 44 32 35 30 30 30 31 38 58 36 0A 23    -USBD2500018X6.#
00002d50: 45 58 54 49 4E 46 3A 2D 31 20 63 68 61 6E 6E 65    EXTINF:-1 channe
00002d60: 6C 2D 69 64 3D 22 55 53 31 34 30 30 30 31 34 4E    l-id="US1400014N
00002d70: 39 22 20 74 76 67 2D 69 64 3D 22 55 53 31 34 30    9" tvg-id="US140
00002d80: 30 30 31 34 4E 39 22 20 74 76 67 2D 63 68 6E 6F    0014N9" tvg-chno
00002d90: 3D 22 34 35 32 35 22 20 74 76 67 2D 6E 61 6D 65    ="4525" tvg-name
00002da0: 3D 22 53 74 6F 72 6D 20 56 69 62 65 73 22 20 74    ="Storm Vibes" t
00002db0: 76 67 2D 6C 6F 67 6F 3D 22 68 74 74 70 73 3A 2F    vg-logo="https:/
00002dc0: 2F 74 76 70 6E 6C 6F 67 6F 70 75 73 2E 73 61 6D    /tvpnlogopus.sam
00002dd0: 73 75 6E 67 63 6C 6F 75 64 2E 74 76 2F 70 6C 61    sungcloud.tv/pla
00002de0: 74 66 6F 72 6D 2F 69 6D 61 67 65 2F 73 6F 75 72    tform/image/sour
00002df0: 63 65 6C 6F 67 6F 2F 76 63 2F 30 30 2F 30 32 2F    celogo/vc/00/02/
00002e00: 33 34 2F 55 53 31 34 30 30 30 31 34 4E 39 5F 32    34/US1400014N9_2
00002e10: 30 32 34 31 32 31 30 54 30 31 33 39 33 34 53 51    0241210T013934SQ
00002e20: 55 41 52 45 2E 70 6E 67 22 20 67 72 6F 75 70 2D    UARE.png" group-
00002e30: 74 69 74 6C 65 3D 22 41 6D 62 69 61 6E 63 65 22    title="Ambiance"
00002e40: 2C 53 74 6F 72 6D 20 56 69 62 65 73 0A 68 74 74    ,Storm Vibes.htt
00002e50: 70 73 3A 2F 2F 6A 6D 70 32 2E 75 6B 2F 73 74 76    ps://jmp2.uk/stv
00002e60: 70 2D 55 53 31 34 30 30 30 31 34 4E 39 0A 23 45    p-US1400014N9.#E
00002e70: 58 54 49 4E 46 3A 2D 31 20 63 68 61 6E 6E 65 6C    XTINF:-1 channel
00002e80: 2D 69 64 3D 22 55 53 42 43 34 34 30 30 30 31 32    -id="USBC4400012
00002e90: 51 53 22 20 74 76 67 2D 69 64 3D 22 55 53 42 43    QS" tvg-id="USBC
00002ea0: 34 34 30 30 30 31 32 51 53 22 20 74 76 67 2D 63    4400012QS" tvg-c
00002eb0: 68 6E 6F 3D 22 33 36 35 31 22 20 74 76 67 2D 6E    hno="3651" tvg-n
00002ec0: 61 6D 65 3D 22 53 74 72 61 77 62 65 72 72 79 20    ame="Strawberry 
00002ed0: 53 68 6F 72 74 63 61 6B 65 22 20 74 76 67 2D 6C    Shortcake" tvg-l
00002ee0: 6F 67 6F 3D 22 68 74 74 70 73 3A 2F 2F 74 76 70    ogo="https://tvp
00002ef0: 6E 6C 6F 67 6F 70 75 73 2E 73 61 6D 73 75 6E 67    nlogopus.samsung
00002f00: 63 6C 6F 75 64 2E 74 76 2F 70 6C 61 74 66 6F 72    cloud.tv/platfor
00002f10: 6D 2F 69 6D 61 67 65 2F 73 6F 75 72 63 65 6C 6F    m/image/sourcelo
00002f20: 67 6F 2F 76 63 2F 30 30 2F 30 32 2F 33 34 2F 55    go/vc/00/02/34/U
00002f30: 53 42 43 34 34 30 30 30 31 32 51 53 5F 32 30 32    SBC4400012QS_202
00002f40: 34 30 35 32 30 54 32 31 34 38 34 35 53 51 55 41    40520T214845SQUA
00002f50: 52 45 2E 70 6E 67 22 20 67 72 6F 75 70 2D 74 69    RE.png" group-ti
00002f60: 74 6C 65 3D 22 4B 69 64 73 22 2C 53 74 72 61 77    tle="Kids",Straw
00002f70: 62 65 72 72 79 20 53 68 6F 72 74 63 61 6B 65 0A    berry Shortcake.
00002f80: 68 74 74 70 73 3A 2F 2F 6A 6D 70 32 2E 75 6B 2F    https://jmp2.uk/
00002f90: 73 74 76 70 2D 55 53 42 43 34 34 30 30 30 31 32    stvp-USBC4400012
00002fa0: 51 53 0A 23 45 58 54 49 4E 46 3A 2D 31 20 63 68    QS.#EXTINF:-1 ch
00002fb0: 61 6E 6E 65 6C 2D 69 64 3D 22 55 53 42 43 34 34    annel-id="USBC44
00002fc0: 30 30 30 30 38 37 4F 22 20 74 76 67 2D 69 64 3D    000087O" tvg-id=
00002fd0: 22 55 53 42 43 34 34 30 30 30 30 38 37 4F 22 20    "USBC44000087O" 
00002fe0: 74 76 67 2D 63 68 6E 6F 3D 22 32 38 32 35 22 20    tvg-chno="2825" 
00002ff0: 74 76 67 2D 6E 61 6D 65 3D 22 53 75 70 65 72 6D    tvg-name="Superm
00003000: 61 72 6B 65 74 20 53 77 65 65 70 22 20 74 76 67    arket Sweep" tvg
00003010: 2D 6C 6F 67 6F 3D 22 68 74 74 70 73 3A 2F 2F 74    -logo="https://t
00003020: 76 70 6E 6C 6F 67 6F 70 75 73 2E 73 61 6D 73 75    vpnlogopus.samsu
00003030: 6E 67 63 6C 6F 75 64 2E 74 76 2F 70 6C 61 74 66    ngcloud.tv/platf
00003040: 6F 72 6D 2F 69 6D 61 67 65 2F 73 6F 75 72 63 65    orm/image/source
00003050: 6C 6F 67 6F 2F 76 63 2F 30 30 2F 30 32 2F 33 34    logo/vc/00/02/34
00003060: 2F 55 53 42 43 34 34 30 30 30 30 38 37 4F 5F 32    /USBC44000087O_2
00003070: 30 32 34 30 37 30 32 54 30 34 34 38 34 33 53 51    0240702T044843SQ
00003080: 55 41 52 45 2E 70 6E 67 22 20 67 72 6F 75 70 2D    UARE.png" group-
00003090: 74 69 74 6C 65 3D 22 47 61 6D 65 20 53 68 6F 77    title="Game Show
000030a0: 73 22 2C 53 75 70 65 72 6D 61 72 6B 65 74 20 53    s",Supermarket S
000030b0: 77 65 65 70 0A 68 74 74 70 73 3A 2F 2F 6A 6D 70    weep.https://jmp
000030c0: 32 2E 75 6B 2F 73 74 76 70 2D 55 53 42 43 34 34    2.uk/stvp-USBC44
000030d0: 30 30 30 30 38 37 4F 0A 23 45 58 54 49 4E 46 3A    000087O.#EXTINF:
000030e0: 2D 31 20 63 68 61 6E 6E 65 6C 2D 69 64 3D 22 55    -1 channel-id="U
000030f0: 53 42 42 31 30 30 30 30 30 35 38 41 22 20 74 76    SBB10000058A" tv
00003100: 67 2D 69 64 3D 22 55 53 42 42 31 30 30 30 30 30    g-id="USBB100000
00003110: 35 38 41 22 20 74 76 67 2D 63 68 6E 6F 3D 22 32    58A" tvg-chno="2
00003120: 34 38 30 22 20 74 76 67 2D 6E 61 6D 65 3D 22 53    480" tvg-name="S
00003130: 55 52 46 45 52 20 54 56 22 20 74 76 67 2D 6C 6F    URFER TV" tvg-lo
00003140: 67 6F 3D 22 68 74 74 70 73 3A 2F 2F 74 76 70 6E    go="https://tvpn
00003150: 6C 6F 67 6F 70 75 73 2E 73 61 6D 73 75 6E 67 63    logopus.samsungc
00003160: 6C 6F 75 64 2E 74 76 2F 70 6C 61 74 66 6F 72 6D    loud.tv/platform
00003170: 2F 69 6D 61 67 65 2F 73 6F 75 72 63 65 6C 6F 67    /image/sourcelog
00003180: 6F 2F 76 63 2F 30 30 2F 30 32 2F 33 34 2F 55 53    o/vc/00/02/34/US
00003190: 42 42 31 30 30 30 30 30 35 38 41 5F 32 30 32 35    BB10000058A_2025
000031a0: 30 38 32 36 54 32 33 34 35 30 35 53 51 55 41 52    0826T234505SQUAR
000031b0: 45 2E 70 6E 67 22 20 67 72 6F 75 70 2D 74 69 74    E.png" group-tit
000031c0: 6C 65 3D 22 53 70 6F 72 74 73 20 26 20 4F 75 74    le="Sports & Out
000031d0: 64 6F 6F 72 73 22 2C 53 55 52 46 45 52 20 54 56    doors",SURFER TV
000031e0: 0A 68 74 74 70 73 3A 2F 2F 6A 6D 70 32 2E 75 6B    .https://jmp2.uk
000031f0: 2F 73 74 76 70 2D 55 53 42 42 31 30 30 30 30 30    /stvp-USBB100000
00003200: 35 38 41 0A 23 45 58 54 49 4E 46 3A 2D 31 20 63    58A.#EXTINF:-1 c
00003210: 68 61 6E 6E 65 6C 2D 69 64 3D 22 55 53 42 44 32    hannel-id="USBD2
00003220: 37 30 30 30 31 33 55 4B 22 20 74 76 67 2D 69 64    700013UK" tvg-id
00003230: 3D 22 55 53 42 44 32 37 30 30 30 31 33 55 4B 22    ="USBD2700013UK"
00003240: 20 74 76 67 2D 63 68 6E 6F 3D 22 31 39 37 38 22     tvg-chno="1978"
00003250: 20 74 76 67 2D 6E 61 6D 65 3D 22 53 77 61 6D 70     tvg-name="Swamp
00003260: 20 50 65 6F 70 6C 65 22 20 74 76 67 2D 6C 6F 67     People" tvg-log
00003270: 6F 3D 22 68 74 74 70 73 3A 2F 2F 74 76 70 6E 6C    o="https://tvpnl
00003280: 6F 67 6F 70 75 73 2E 73 61 6D 73 75 6E 67 63 6C    ogopus.samsungcl
00003290: 6F 75 64 2E 74 76 2F 70 6C 61 74 66 6F 72 6D 2F    oud.tv/platform/
000032a0: 69 6D 61 67 65 2F 73 6F 75 72 63 65 6C 6F 67 6F    image/sourcelogo
000032b0: 2F 76 63 2F 30 30 2F 30 32 2F 33 34 2F 55 53 42    /vc/00/02/34/USB
000032c0: 44 32 37 30 30 30 31 33 55 4B 5F 32 30 32 35 30    D2700013UK_20250
000032d0: 33 32 35 54 30 31 35 33 30 34 53 51 55 41 52 45    325T015304SQUARE
000032e0: 2E 70 6E 67 22 20 67 72 6F 75 70 2D 74 69 74 6C    .png" group-titl
000032f0: 65 3D 22 52 65 61 6C 69 74 79 20 54 56 22 2C 53    e="Reality TV",S
00003300: 77 61 6D 70 20 50 65 6F 70 6C 65 0A 68 74 74 70    wamp People.http
00003310: 73 3A 2F 2F 6A 6D 70 32 2E 75 6B 2F 73 74 76 70    s://jmp2.uk/stvp
00003320: 2D 55 53 42 44 32 37 30 30 30 31 33 55 4B 0A 23    -USBD2700013UK.#
00003330: 45 58 54 49 4E 46 3A 2D 31 20 63 68 61 6E 6E 65    EXTINF:-1 channe
00003340: 6C 2D 69 64 3D 22 55 53 42 43 36 30 30 30 30 31    l-id="USBC600001
00003350: 51 4C 22 20 74 76 67 2D 69 64 3D 22 55 53 42 43    QL" tvg-id="USBC
00003360: 36 30 30 30 30 31 51 4C 22 20 74 76 67 2D 63 68    600001QL" tvg-ch
00003370: 6E 6F 3D 22 32 34 34 32 22 20 74 76 67 2D 6E 61    no="2442" tvg-na
00003380: 6D 65 3D 22 54 32 22 20 74 76 67 2D 6C 6F 67 6F    me="T2" tvg-logo
00003390: 3D 22 68 74 74 70 73 3A 2F 2F 74 76 70 6E 6C 6F    ="https://tvpnlo
000033a0: 67 6F 70 75 73 2E 73 61 6D 73 75 6E 67 63 6C 6F    gopus.samsungclo
000033b0: 75 64 2E 74 76 2F 70 6C 61 74 66 6F 72 6D 2F 69    ud.tv/platform/i
000033c0: 6D 61 67 65 2F 73 6F 75 72 63 65 6C 6F 67 6F 2F    mage/sourcelogo/
000033d0: 76 63 2F 30 30 2F 30 32 2F 33 34 2F 55 53 42 43    vc/00/02/34/USBC
000033e0: 36 30 30 30 30 31 51 4C 5F 32 30 32 35 31 31 32    600001QL_2025112
000033f0: 35 54 30 33 30 38 33 35 53 51 55 41 52 45 2E 70    5T030835SQUARE.p
00003400: 6E 67 22 20 67 72 6F 75 70 2D 74 69 74 6C 65 3D    ng" group-title=
00003410: 22 53 70 6F 72 74 73 20 26 20 4F 75 74 64 6F 6F    "Sports & Outdoo
00003420: 72 73 22 2C 54 32 0A 68 74 74 70 73 3A 2F 2F 6A    rs",T2.https://j
00003430: 6D 70 32 2E 75 6B 2F 73 74 76 70 2D 55 53 42 43    mp2.uk/stvp-USBC
00003440: 36 30 30 30 30 31 51 4C 0A 23 45 58 54 49 4E 46    600001QL.#EXTINF
00003450: 3A 2D 31 20 63 68 61 6E 6E 65 6C 2D 69 64 3D 22    :-1 channel-id="
00003460: 55 53 42 44 37 30 30 30 31 38 39 52 22 20 74 76    USBD7000189R" tv
00003470: 67 2D 69 64 3D 22 55 53 42 44 37 30 30 30 31 38    g-id="USBD700018
00003480: 39 52 22 20 74 76 67 2D 63 68 6E 6F 3D 22 32 31    9R" tvg-chno="21
00003490: 32 30 22 20 74 76 67 2D 6E 61 6D 65 3D 22 54 61    20" tvg-name="Ta
000034a0: 73 74 65 6D 61 64 65 22 20 74 76 67 2D 6C 6F 67    stemade" tvg-log
000034b0: 6F 3D 22 68 74 74 70 73 3A 2F 2F 74 76 70 6E 6C    o="https://tvpnl
000034c0: 6F 67 6F 70 75 73 2E 73 61 6D 73 75 6E 67 63 6C    ogopus.samsungcl
000034d0: 6F 75 64 2E 74 76 2F 70 6C 61 74 66 6F 72 6D 2F    oud.tv/platform/
000034e0: 69 6D 61 67 65 2F 73 6F 75 72 63 65 6C 6F 67 6F    image/sourcelogo
000034f0: 2F 76 63 2F 30 30 2F 30 32 2F 33 34 2F 55 53 42    /vc/00/02/34/USB
00003500: 44 37 30 30 30 31 38 39 52 5F 32 30 32 34 31 31    D7000189R_202411
00003510: 30 35 54 30 32 34 31 35 36 53 51 55 41 52 45 2E    05T024156SQUARE.
00003520: 70 6E 67 22 20 67 72 6F 75 70 2D 74 69 74 6C 65    png" group-title
00003530: 3D 22 48 6F 6D 65 20 26 20 46 6F 6F 64 22 2C 54    ="Home & Food",T
00003540: 61 73 74 65 6D 61 64 65 0A 68 74 74 70 73 3A 2F    astemade.https:/
00003550: 2F 6A 6D 70 32 2E 75 6B 2F 73 74 76 70 2D 55 53    /jmp2.uk/stvp-US
00003560: 42 44 37 30 30 30 31 38 39 52 0A 23 45 58 54 49    BD7000189R.#EXTI
00003570: 4E 46 3A 2D 31 20 63 68 61 6E 6E 65 6C 2D 69 64    NF:-1 channel-id
00003580: 3D 22 55 53 42 43 33 32 30 30 30 32 32 57 36 22    ="USBC3200022W6"
00003590: 20 74 76 67 2D 69 64 3D 22 55 53 42 43 33 32 30     tvg-id="USBC320
000035a0: 30 30 32 32 57 36 22 20 74 76 67 2D 63 68 6E 6F    0022W6" tvg-chno
000035b0: 3D 22 32 30 32 39 22 20 74 76 67 2D 6E 61 6D 65    ="2029" tvg-name
000035c0: 3D 22 54 61 73 74 65 6D 61 64 65 20 48 6F 6D 65    ="Tastemade Home
000035d0: 22 20 74 76 67 2D 6C 6F 67 6F 3D 22 68 74 74 70    " tvg-logo="http
000035e0: 73 3A 2F 2F 74 76 70 6E 6C 6F 67 6F 70 75 73 2E    s://tvpnlogopus.
000035f0: 73 61 6D 73 75 6E 67 63 6C 6F 75 64 2E 74 76 2F    samsungcloud.tv/
00003600: 70 6C 61 74 66 6F 72 6D 2F 69 6D 61 67 65 2F 73    platform/image/s
00003610: 6F 75 72 63 65 6C 6F 67 6F 2F 76 63 2F 30 30 2F    ourcelogo/vc/00/
00003620: 30 32 2F 33 34 2F 55 53 42 43 33 32 30 30 30 32    02/34/USBC320002
00003630: 32 57 36 5F 32 30 32 34 30 39 31 30 54 30 30 33    2W6_20240910T003
00003640: 36 35 35 53 51 55 41 52 45 2E 70 6E 67 22 20 67    655SQUARE.png" g
00003650: 72 6F 75 70 2D 74 69 74 6C 65 3D 22 48 6F 6D 65    roup-title="Home
00003660: 20 26 20 46 6F 6F 64 22 2C 54 61 73 74 65 6D 61     & Food",Tastema
00003670: 64 65 20 48 6F 6D 65 0A 68 74 74 70 73 3A 2F 2F    de Home.https://
00003680: 6A 6D 70 32 2E 75 6B 2F 73 74 76 70 2D 55 53 42    jmp2.uk/stvp-USB
00003690: 43 33 32 30 30 30 32 32 57 36 0A 23 45 58 54 49    C3200022W6.#EXTI
000036a0: 4E 46 3A 2D 31 20 63 68 61 6E 6E 65 6C 2D 69 64    NF:-1 channel-id
000036b0: 3D 22 55 53 42 44 37 30 30 30 31 37 57 43 22 20    ="USBD700017WC" 
000036c0: 74 76 67 2D 69 64 3D 22 55 53 42 44 37 30 30 30    tvg-id="USBD7000
000036d0: 31 37 57 43 22 20 74 76 67 2D 63 68 6E 6F 3D 22    17WC" tvg-chno="
000036e0: 32 31 33 30 22 20 74 76 67 2D 6E 61 6D 65 3D 22    2130" tvg-name="
000036f0: 54 61 73 74 65 6D 61 64 65 20 54 72 61 76 65 6C    Tastemade Travel
00003700: 22 20 74 76 67 2D 6C 6F 67 6F 3D 22 68 74 74 70    " tvg-logo="http
00003710: 73 3A 2F 2F 74 76 70 6E 6C 6F 67 6F 70 75 73 2E    s://tvpnlogopus.
00003720: 73 61 6D 73 75 6E 67 63 6C 6F 75 64 2E 74 76 2F    samsungcloud.tv/
00003730: 70 6C 61 74 66 6F 72 6D 2F 69 6D 61 67 65 2F 73    platform/image/s
00003740: 6F 75 72 63 65 6C 6F 67 6F 2F 76 63 2F 30 30 2F    ourcelogo/vc/00/
00003750: 30 32 2F 33 34 2F 55 53 42 44 37 30 30 30 31 37    02/34/USBD700017
00003760: 57 43 5F 32 30 32 34 30 39 31 30 54 30 30 33 37    WC_20240910T0037
00003770: 30 33 53 51 55 41 52 45 2E 70 6E 67 22 20 67 72    03SQUARE.png" gr
00003780: 6F 75 70 2D 74 69 74 6C 65 3D 22 48 6F 6D 65 20    oup-title="Home 
00003790: 26 20 46 6F 6F 64 22 2C 54 61 73 74 65 6D 61 64    & Food",Tastemad
000037a0: 65 20 54 72 61 76 65 6C 0A 68 74 74 70 73 3A 2F    e Travel.https:/
000037b0: 2F 6A 6D 70 32 2E 75 6B 2F 73 74 76 70 2D 55 53    /jmp2.uk/stvp-US
000037c0: 42 44 37 30 30 30 31 37 57 43 0A 23 45 58 54 49    BD700017WC.#EXTI
000037d0: 4E 46 3A 2D 31 20 63 68 61 6E 6E 65 6C 2D 69 64    NF:-1 channel-id
000037e0: 3D 22 55 53 32 34 30 30 30 30 34 33 34 22 20 74    ="US240000434" t
000037f0: 76 67 2D 69 64 3D 22 55 53 32 34 30 30 30 30 34    vg-id="US2400004
00003800: 33 34 22 20 74 76 67 2D 63 68 6E 6F 3D 22 33 32    34" tvg-chno="32
00003810: 32 32 22 20 74 76 67 2D 6E 61 6D 65 3D 22 54 65    22" tvg-name="Te
00003820: 61 6D 20 4C 69 71 75 69 64 22 20 74 76 67 2D 6C    am Liquid" tvg-l
00003830: 6F 67 6F 3D 22 68 74 74 70 73 3A 2F 2F 74 76 70    ogo="https://tvp
00003840: 6E 6C 6F 67 6F 70 75 73 2E 73 61 6D 73 75 6E 67    nlogopus.samsung
00003850: 63 6C 6F 75 64 2E 74 76 2F 70 6C 61 74 66 6F 72    cloud.tv/platfor
00003860: 6D 2F 69 6D 61 67 65 2F 73 6F 75 72 63 65 6C 6F    m/image/sourcelo
00003870: 67 6F 2F 76 63 2F 30 30 2F 30 32 2F 33 34 2F 55    go/vc/00/02/34/U
00003880: 53 32 34 30 30 30 30 34 33 34 5F 32 30 32 35 30    S240000434_20250
00003890: 38 31 32 54 30 30 33 35 32 35 53 51 55 41 52 45    812T003525SQUARE
000038a0: 2E 70 6E 67 22 20 67 72 6F 75 70 2D 74 69 74 6C    .png" group-titl
000038b0: 65 3D 22 41 6E 69 6D 65 20 26 20 47 61 6D 69 6E    e="Anime & Gamin
000038c0: 67 22 2C 54 65 61 6D 20 4C 69 71 75 69 64 0A 68    g",Team Liquid.h
000038d0: 74 74 70 73 3A 2F 2F 6A 6D 70 32 2E 75 6B 2F 73    ttps://jmp2.uk/s
000038e0: 74 76 70 2D 55 53 32 34 30 30 30 30 34 33 34 0A    tvp-US240000434.
000038f0: 23 45 58 54 49 4E 46 3A 2D 31 20 63 68 61 6E 6E    #EXTINF:-1 chann
00003900: 65 6C 2D 69 64 3D 22 55 53 33 39 30 30 30 30 37    el-id="US3900007
00003910: 5A 57 22 20 74 76 67 2D 69 64 3D 22 55 53 33 39    ZW" tvg-id="US39
00003920: 30 30 30 30 37 5A 57 22 20 74 76 67 2D 63 68 6E    00007ZW" tvg-chn
00003930: 6F 3D 22 32 33 34 35 22 20 74 76 67 2D 6E 61 6D    o="2345" tvg-nam
00003940: 65 3D 22 54 65 61 6D 20 55 53 41 20 54 56 22 20    e="Team USA TV" 
00003950: 74 76 67 2D 6C 6F 67 6F 3D 22 68 74 74 70 73 3A    tvg-logo="https:
00003960: 2F 2F 74 76 70 6E 6C 6F 67 6F 70 75 73 2E 73 61    //tvpnlogopus.sa
00003970: 6D 73 75 6E 67 63 6C 6F 75 64 2E 74 76 2F 70 6C    msungcloud.tv/pl
00003980: 61 74 66 6F 72 6D 2F 69 6D 61 67 65 2F 73 6F 75    atform/image/sou
00003990: 72 63 65 6C 6F 67 6F 2F 76 63 2F 30 30 2F 30 32    rcelogo/vc/00/02
000039a0: 2F 33 34 2F 55 53 33 39 30 30 30 30 37 5A 57 5F    /34/US3900007ZW_
000039b0: 32 30 32 35 31 31 31 38 54 30 33 30 36 33 39 53    20251118T030639S
000039c0: 51 55 41 52 45 2E 70 6E 67 22 20 67 72 6F 75 70    QUARE.png" group
000039d0: 2D 74 69 74 6C 65 3D 22 53 70 6F 72 74 73 20 26    -title="Sports &
000039e0: 20 4F 75 74 64 6F 6F 72 73 22 2C 54 65 61 6D 20     Outdoors",Team 
000039f0: 55 53 41 20 54 56 0A 68 74 74 70 73 3A 2F 2F 6A    USA TV.https://j
00003a00: 6D 70 32 2E 75 6B 2F 73 74 76 70 2D 55 53 33 39    mp2.uk/stvp-US39
00003a10: 30 30 30 30 37 5A 57 0A 23 45 58 54 49 4E 46 3A    00007ZW.#EXTINF:
00003a20: 2D 31 20 63 68 61 6E 6E 65 6C 2D 69 64 3D 22 55    -1 channel-id="U
00003a30: 53 42 43 32 31 30 30 30 31 33 57 49 22 20 74 76    SBC2100013WI" tv
00003a40: 67 2D 69 64 3D 22 55 53 42 43 32 31 30 30 30 31    g-id="USBC210001
00003a50: 33 57 49 22 20 74 76 67 2D 63 68 6E 6F 3D 22 33    3WI" tvg-chno="3
00003a60: 35 35 39 22 20 74 76 67 2D 6E 61 6D 65 3D 22 54    559" tvg-name="T
00003a70: 45 44 22 20 74 76 67 2D 6C 6F 67 6F 3D 22 68 74    ED" tvg-logo="ht
00003a80: 74 70 73 3A 2F 2F 74 76 70 6E 6C 6F 67 6F 70 75    tps://tvpnlogopu
00003a90: 73 2E 73 61 6D 73 75 6E 67 63 6C 6F 75 64 2E 74    s.samsungcloud.t
00003aa0: 76 2F 70 6C 61 74 66 6F 72 6D 2F 69 6D 61 67 65    v/platform/image
00003ab0: 2F 73 6F 75 72 63 65 6C 6F 67 6F 2F 76 63 2F 30    /sourcelogo/vc/0
00003ac0: 30 2F 30 32 2F 33 34 2F 55 53 42 43 32 31 30 30    0/02/34/USBC2100
00003ad0: 30 31 33 57 49 5F 32 30 32 35 30 34 32 38 54 32    013WI_20250428T2
00003ae0: 32 33 34 31 30 53 51 55 41 52 45 2E 70 6E 67 22    23410SQUARE.png"
00003af0: 20 67 72 6F 75 70 2D 74 69 74 6C 65 3D 22 4E 61     group-title="Na
00003b00: 74 75 72 65 2C 20 48 69 73 74 6F 72 79 20 26 20    ture, History & 
00003b10: 53 63 69 65 6E 63 65 22 2C 54 45 44 0A 68 74 74    Science",TED.htt
00003b20: 70 73 3A 2F 2F 6A 6D 70 32 2E 75 6B 2F 73 74 76    ps://jmp2.uk/stv
00003b30: 70 2D 55 53 42 43 32 31 30 30 30 31 33 57 49 0A    p-USBC2100013WI.
00003b40: 23 45 58 54 49 4E 46 3A 2D 31 20 63 68 61 6E 6E    #EXTINF:-1 chann
00003b50: 65 6C 2D 69 64 3D 22 55 53 31 38 30 30 30 30 32    el-id="US1800002
00003b60: 55 51 22 20 74 76 67 2D 69 64 3D 22 55 53 31 38    UQ" tvg-id="US18
00003b70: 30 30 30 30 32 55 51 22 20 74 76 67 2D 63 68 6E    00002UQ" tvg-chn
00003b80: 6F 3D 22 33 38 35 35 22 20 74 76 67 2D 6E 61 6D    o="3855" tvg-nam
00003b90: 65 3D 22 54 65 6C 65 6D 75 6E 64 6F 20 41 63 63    e="Telemundo Acc
00003ba0: 69 6F 6E 22 20 74 76 67 2D 6C 6F 67 6F 3D 22 68    ion" tvg-logo="h
00003bb0: 74 74 70 73 3A 2F 2F 74 76 70 6E 6C 6F 67 6F 70    ttps://tvpnlogop
00003bc0: 75 73 2E 73 61 6D 73 75 6E 67 63 6C 6F 75 64 2E    us.samsungcloud.
00003bd0: 74 76 2F 70 6C 61 74 66 6F 72 6D 2F 69 6D 61 67    tv/platform/imag
00003be0: 65 2F 73 6F 75 72 63 65 6C 6F 67 6F 2F 76 63 2F    e/sourcelogo/vc/
00003bf0: 30 30 2F 30 32 2F 33 34 2F 55 53 31 38 30 30 30    00/02/34/US18000
00003c00: 30 32 55 51 5F 32 30 32 34 30 38 32 36 54 32 33    02UQ_20240826T23
00003c10: 35 36 30 31 53 51 55 41 52 45 2E 70 6E 67 22 20    5601SQUARE.png" 
00003c20: 67 72 6F 75 70 2D 74 69 74 6C 65 3D 22 4C 61 74    group-title="Lat
00003c30: 69 6E 6F 22 2C 54 65 6C 65 6D 75 6E 64 6F 20 41    ino",Telemundo A
00003c40: 63 63 69 6F 6E 0A 68 74 74 70 73 3A 2F 2F 6A 6D    ccion.https://jm
00003c50: 70 32 2E 75 6B 2F 73 74 76 70 2D 55 53 31 38 30    p2.uk/stvp-US180
00003c60: 30 30 30 32 55 51 0A 23 45 58 54 49 4E 46 3A 2D    0002UQ.#EXTINF:-
00003c70: 31 20 63 68 61 6E 6E 65 6C 2D 69 64 3D 22 55 53    1 channel-id="US
00003c80: 42 42 33 32 30 30 30 31 36 48 4F 22 20 74 76 67    BB3200016HO" tvg
00003c90: 2D 69 64 3D 22 55 53 42 42 33 32 30 30 30 31 36    -id="USBB3200016
00003ca0: 48 4F 22 20 74 76 67 2D 63 68 6E 6F 3D 22 33 38    HO" tvg-chno="38
00003cb0: 35 30 22 20 74 76 67 2D 6E 61 6D 65 3D 22 54 65    50" tvg-name="Te
00003cc0: 6C 65 6D 75 6E 64 6F 20 41 6C 20 44 ED 61 22 20    lemundo Al D.a" 
00003cd0: 74 76 67 2D 6C 6F 67 6F 3D 22 68 74 74 70 73 3A    tvg-logo="https:
00003ce0: 2F 2F 74 76 70 6E 6C 6F 67 6F 70 75 73 2E 73 61    //tvpnlogopus.sa
00003cf0: 6D 73 75 6E 67 63 6C 6F 75 64 2E 74 76 2F 70 6C    msungcloud.tv/pl
00003d00: 61 74 66 6F 72 6D 2F 69 6D 61 67 65 2F 73 6F 75    atform/image/sou
00003d10: 72 63 65 6C 6F 67 6F 2F 76 63 2F 30 30 2F 30 32    rcelogo/vc/00/02
00003d20: 2F 33 34 2F 55 53 42 42 33 32 30 30 30 31 36 48    /34/USBB3200016H
00003d30: 4F 5F 32 30 32 35 30 35 30 35 54 32 33 32 36 34    O_20250505T23264
00003d40: 36 53 51 55 41 52 45 2E 70 6E 67 22 20 67 72 6F    6SQUARE.png" gro
00003d50: 75 70 2D 74 69 74 6C 65 3D 22 4C 61 74 69 6E 6F    up-title="Latino
00003d60: 22 2C 54 65 6C 65 6D 75 6E 64 6F 20 41 6C 20 44    ",Telemundo Al D
00003d70: ED 61 0A 68 74 74 70 73 3A 2F 2F 6A 6D 70 32 2E    .a.https://jmp2.
00003d80: 75 6B 2F 73 74 76 70 2D 55 53 42 42 33 32 30 30    uk/stvp-USBB3200
00003d90: 30 31 36 48 4F 0A 23 45 58 54 49 4E 46 3A 2D 31    016HO.#EXTINF:-1
00003da0: 20 63 68 61 6E 6E 65 6C 2D 69 64 3D 22 55 53 42     channel-id="USB
00003db0: 44 33 35 30 30 30 31 35 52 35 22 20 74 76 67 2D    D3500015R5" tvg-
00003dc0: 69 64 3D 22 55 53 42 44 33 35 30 30 30 31 35 52    id="USBD3500015R
00003dd0: 35 22 20 74 76 67 2D 63 68 6E 6F 3D 22 33 36 34    5" tvg-chno="364
00003de0: 32 22 20 74 76 67 2D 6E 61 6D 65 3D 22 54 65 6C    2" tvg-name="Tel
00003df0: 65 74 75 62 62 69 65 73 22 20 74 76 67 2D 6C 6F    etubbies" tvg-lo
00003e00: 67 6F 3D 22 68 74 74 70 73 3A 2F 2F 74 76 70 6E    go="https://tvpn
00003e10: 6C 6F 67 6F 70 75 73 2E 73 61 6D 73 75 6E 67 63    logopus.samsungc
00003e20: 6C 6F 75 64 2E 74 76 2F 70 6C 61 74 66 6F 72 6D    loud.tv/platform
00003e30: 2F 69 6D 61 67 65 2F 73 6F 75 72 63 65 6C 6F 67    /image/sourcelog
00003e40: 6F 2F 76 63 2F 30 30 2F 30 32 2F 33 34 2F 55 53    o/vc/00/02/34/US
00003e50: 42 44 33 35 30 30 30 31 35 52 35 5F 32 30 32 35    BD3500015R5_2025
00003e60: 30 31 32 31 54 31 30 31 30 35 30 53 51 55 41 52    0121T101050SQUAR
00003e70: 45 2E 70 6E 67 22 20 67 72 6F 75 70 2D 74 69 74    E.png" group-tit
00003e80: 6C 65 3D 22 4B 69 64 73 22 2C 54 65 6C 65 74 75    le="Kids",Teletu
00003e90: 62 62 69 65 73 0A 68 74 74 70 73 3A 2F 2F 6A 6D    bbies.https://jm
00003ea0: 70 32 2E 75 6B 2F 73 74 76 70 2D 55 53 42 44 33    p2.uk/stvp-USBD3
00003eb0: 35 30 30 30 31 35 52 35 0A 23 45 58 54 49 4E 46    500015R5.#EXTINF
00003ec0: 3A 2D 31 20 63 68 61 6E 6E 65 6C 2D 69 64 3D 22    :-1 channel-id="
00003ed0: 55 53 42 42 33 36 30 30 30 30 31 52 36 22 20 74    USBB3600001R6" t
00003ee0: 76 67 2D 69 64 3D 22 55 53 42 42 33 36 30 30 30    vg-id="USBB36000
00003ef0: 30 31 52 36 22 20 74 76 67 2D 63 68 6E 6F 3D 22    01R6" tvg-chno="
00003f00: 33 36 36 36 22 20 74 76 67 2D 6E 61 6D 65 3D 22    3666" tvg-name="
00003f10: 54 47 20 4A 75 6E 69 6F 72 22 20 74 76 67 2D 6C    TG Junior" tvg-l
00003f20: 6F 67 6F 3D 22 68 74 74 70 73 3A 2F 2F 74 76 70    ogo="https://tvp
00003f30: 6E 6C 6F 67 6F 70 75 73 2E 73 61 6D 73 75 6E 67    nlogopus.samsung
00003f40: 63 6C 6F 75 64 2E 74 76 2F 70 6C 61 74 66 6F 72    cloud.tv/platfor
00003f50: 6D 2F 69 6D 61 67 65 2F 73 6F 75 72 63 65 6C 6F    m/image/sourcelo
00003f60: 67 6F 2F 76 63 2F 30 30 2F 30 32 2F 33 34 2F 55    go/vc/00/02/34/U
00003f70: 53 42 42 33 36 30 30 30 30 31 52 36 5F 32 30 32    SBB3600001R6_202
00003f80: 34 30 35 32 30 54 32 31 34 36 35 35 53 51 55 41    40520T214655SQUA
00003f90: 52 45 2E 70 6E 67 22 20 67 72 6F 75 70 2D 74 69    RE.png" group-ti
00003fa0: 74 6C 65 3D 22 4B 69 64 73 22 2C 54 47 20 4A 75    tle="Kids",TG Ju
00003fb0: 6E 69 6F 72 0A 68 74 74 70 73 3A 2F 2F 6A 6D 70    nior.https://jmp
00003fc0: 32 2E 75 6B 2F 73 74 76 70 2D 55 53 42 42 33 36    2.uk/stvp-USBB36
00003fd0: 30 30 30 30 31 52 36 0A 23 45 58 54 49 4E 46 3A    00001R6.#EXTINF:
00003fe0: 2D 31 20 63 68 61 6E 6E 65 6C 2D 69 64 3D 22 55    -1 channel-id="U
00003ff0: 53 41 4A 31 37 30 30 30 30 31 34 43 22 20 74 76    SAJ17000014C" tv

00000000: 67 2D 69 64 3D 22 55 53 41 4A 31 37 30 30 30 30    g-id="USAJ170000
00000010: 31 34 43 22 20 74 76 67 2D 63 68 6E 6F 3D 22 33    14C" tvg-chno="3
00000020: 30 37 30 22 20 74 76 67 2D 6E 61 6D 65 3D 22 54    070" tvg-name="T
00000030: 68 65 20 41 73 79 6C 75 6D 22 20 74 76 67 2D 6C    he Asylum" tvg-l
00000040: 6F 67 6F 3D 22 68 74 74 70 73 3A 2F 2F 74 76 70    ogo="https://tvp
00000050: 6E 6C 6F 67 6F 70 75 73 2E 73 61 6D 73 75 6E 67    nlogopus.samsung
00000060: 63 6C 6F 75 64 2E 74 76 2F 70 6C 61 74 66 6F 72    cloud.tv/platfor
00000070: 6D 2F 69 6D 61 67 65 2F 73 6F 75 72 63 65 6C 6F    m/image/sourcelo
00000080: 67 6F 2F 76 63 2F 30 30 2F 30 32 2F 33 34 2F 55    go/vc/00/02/34/U
00000090: 53 41 4A 31 37 30 30 30 30 31 34 43 5F 32 30 32    SAJ17000014C_202
000000a0: 35 31 30 32 38 54 32 31 35 35 31 36 53 51 55 41    51028T215516SQUA
000000b0: 52 45 2E 70 6E 67 22 20 67 72 6F 75 70 2D 74 69    RE.png" group-ti
000000c0: 74 6C 65 3D 22 53 63 69 2D 46 69 20 26 20 48 6F    tle="Sci-Fi & Ho
000000d0: 72 72 6F 72 22 2C 54 68 65 20 41 73 79 6C 75 6D    rror",The Asylum
000000e0: 0A 68 74 74 70 73 3A 2F 2F 6A 6D 70 32 2E 75 6B    .https://jmp2.uk
000000f0: 2F 73 74 76 70 2D 55 53 41 4A 31 37 30 30 30 30    /stvp-USAJ170000
00000100: 31 34 43 0A 23 45 58 54 49 4E 46 3A 2D 31 20 63    14C.#EXTINF:-1 c
00000110: 68 61 6E 6E 65 6C 2D 69 64 3D 22 55 53 42 44 37    hannel-id="USBD7
00000120: 30 30 30 31 32 4F 41 22 20 74 76 67 2D 69 64 3D    00012OA" tvg-id=
00000130: 22 55 53 42 44 37 30 30 30 31 32 4F 41 22 20 74    "USBD700012OA" t
00000140: 76 67 2D 63 68 6E 6F 3D 22 32 39 31 30 22 20 74    vg-chno="2910" t
00000150: 76 67 2D 6E 61 6D 65 3D 22 54 68 65 20 42 6F 62    vg-name="The Bob
00000160: 20 52 6F 73 73 20 43 68 61 6E 6E 65 6C 22 20 74     Ross Channel" t
00000170: 76 67 2D 6C 6F 67 6F 3D 22 68 74 74 70 73 3A 2F    vg-logo="https:/
00000180: 2F 74 76 70 6E 6C 6F 67 6F 70 75 73 2E 73 61 6D    /tvpnlogopus.sam
00000190: 73 75 6E 67 63 6C 6F 75 64 2E 74 76 2F 70 6C 61    sungcloud.tv/pla
000001a0: 74 66 6F 72 6D 2F 69 6D 61 67 65 2F 73 6F 75 72    tform/image/sour
000001b0: 63 65 6C 6F 67 6F 2F 76 63 2F 30 30 2F 30 32 2F    celogo/vc/00/02/
000001c0: 33 34 2F 55 53 42 44 37 30 30 30 31 32 4F 41 5F    34/USBD700012OA_
000001d0: 32 30 32 35 30 31 32 31 54 31 30 31 30 33 37 53    20250121T101037S
000001e0: 51 55 41 52 45 2E 70 6E 67 22 20 67 72 6F 75 70    QUARE.png" group
000001f0: 2D 74 69 74 6C 65 3D 22 4C 69 66 65 73 74 79 6C    -title="Lifestyl
00000200: 65 20 26 20 50 6F 70 20 43 75 6C 74 75 72 65 22    e & Pop Culture"
00000210: 2C 54 68 65 20 42 6F 62 20 52 6F 73 73 20 43 68    ,The Bob Ross Ch
00000220: 61 6E 6E 65 6C 0A 68 74 74 70 73 3A 2F 2F 6A 6D    annel.https://jm
00000230: 70 32 2E 75 6B 2F 73 74 76 70 2D 55 53 42 44 37    p2.uk/stvp-USBD7
00000240: 30 30 30 31 32 4F 41 0A 23 45 58 54 49 4E 46 3A    00012OA.#EXTINF:
00000250: 2D 31 20 63 68 61 6E 6E 65 6C 2D 69 64 3D 22 55    -1 channel-id="U
00000260: 53 42 42 33 35 30 30 30 30 31 4F 36 22 20 74 76    SBB3500001O6" tv
00000270: 67 2D 69 64 3D 22 55 53 42 42 33 35 30 30 30 30    g-id="USBB350000
00000280: 31 4F 36 22 20 74 76 67 2D 63 68 6E 6F 3D 22 32    1O6" tvg-chno="2
00000290: 37 32 32 22 20 74 76 67 2D 6E 61 6D 65 3D 22 54    722" tvg-name="T
000002a0: 68 65 20 43 68 61 6C 6C 65 6E 67 65 22 20 74 76    he Challenge" tv
000002b0: 67 2D 6C 6F 67 6F 3D 22 68 74 74 70 73 3A 2F 2F    g-logo="https://
000002c0: 74 76 70 6E 6C 6F 67 6F 70 75 73 2E 73 61 6D 73    tvpnlogopus.sams
000002d0: 75 6E 67 63 6C 6F 75 64 2E 74 76 2F 70 6C 61 74    ungcloud.tv/plat
000002e0: 66 6F 72 6D 2F 69 6D 61 67 65 2F 73 6F 75 72 63    form/image/sourc
000002f0: 65 6C 6F 67 6F 2F 76 63 2F 30 30 2F 30 32 2F 33    elogo/vc/00/02/3
00000300: 34 2F 55 53 42 42 33 35 30 30 30 30 31 4F 36 5F    4/USBB3500001O6_
00000310: 32 30 32 34 31 31 31 32 54 30 30 30 37 35 30 53    20241112T000750S
00000320: 51 55 41 52 45 2E 70 6E 67 22 20 67 72 6F 75 70    QUARE.png" group
00000330: 2D 74 69 74 6C 65 3D 22 52 65 61 6C 69 74 79 20    -title="Reality 
00000340: 43 6F 6D 70 65 74 69 74 69 6F 6E 22 2C 54 68 65    Competition",The
00000350: 20 43 68 61 6C 6C 65 6E 67 65 0A 68 74 74 70 73     Challenge.https
00000360: 3A 2F 2F 6A 6D 70 32 2E 75 6B 2F 73 74 76 70 2D    ://jmp2.uk/stvp-
00000370: 55 53 42 42 33 35 30 30 30 30 31 4F 36 0A 23 45    USBB3500001O6.#E
00000380: 58 54 49 4E 46 3A 2D 31 20 63 68 61 6E 6E 65 6C    XTINF:-1 channel
00000390: 2D 69 64 3D 22 55 53 31 39 30 30 30 31 32 47 44    -id="US1900012GD
000003a0: 22 20 74 76 67 2D 69 64 3D 22 55 53 31 39 30 30    " tvg-id="US1900
000003b0: 30 31 32 47 44 22 20 74 76 67 2D 63 68 6E 6F 3D    012GD" tvg-chno=
000003c0: 22 32 36 35 31 22 20 74 76 67 2D 6E 61 6D 65 3D    "2651" tvg-name=
000003d0: 22 54 68 65 20 43 6F 6E 6E 65 72 73 22 20 74 76    "The Conners" tv
000003e0: 67 2D 6C 6F 67 6F 3D 22 68 74 74 70 73 3A 2F 2F    g-logo="https://
000003f0: 74 76 70 6E 6C 6F 67 6F 70 75 73 2E 73 61 6D 73    tvpnlogopus.sams
00000400: 75 6E 67 63 6C 6F 75 64 2E 74 76 2F 70 6C 61 74    ungcloud.tv/plat
00000410: 66 6F 72 6D 2F 69 6D 61 67 65 2F 73 6F 75 72 63    form/image/sourc
00000420: 65 6C 6F 67 6F 2F 76 63 2F 30 30 2F 30 32 2F 33    elogo/vc/00/02/3
00000430: 34 2F 55 53 31 39 30 30 30 31 32 47 44 5F 32 30    4/US1900012GD_20
00000440: 32 35 31 31 31 30 54 32 33 35 31 32 37 53 51 55    251110T235127SQU
00000450: 41 52 45 2E 70 6E 67 22 20 67 72 6F 75 70 2D 74    ARE.png" group-t
00000460: 69 74 6C 65 3D 22 43 6F 6D 65 64 79 22 2C 54 68    itle="Comedy",Th
00000470: 65 20 43 6F 6E 6E 65 72 73 0A 68 74 74 70 73 3A    e Conners.https:
00000480: 2F 2F 6A 6D 70 32 2E 75 6B 2F 73 74 76 70 2D 55    //jmp2.uk/stvp-U
00000490: 53 31 39 30 30 30 31 32 47 44 0A 23 45 58 54 49    S1900012GD.#EXTI
000004a0: 4E 46 3A 2D 31 20 63 68 61 6E 6E 65 6C 2D 69 64    NF:-1 channel-id
000004b0: 3D 22 55 53 33 30 30 30 30 32 42 45 22 20 74 76    ="US300002BE" tv
000004c0: 67 2D 69 64 3D 22 55 53 33 30 30 30 30 32 42 45    g-id="US300002BE
000004d0: 22 20 74 76 67 2D 63 68 6E 6F 3D 22 33 30 33 35    " tvg-chno="3035
000004e0: 22 20 74 76 67 2D 6E 61 6D 65 3D 22 54 68 65 20    " tvg-name="The 
000004f0: 43 75 72 73 65 20 6F 66 20 4F 61 6B 20 49 73 6C    Curse of Oak Isl
00000500: 61 6E 64 22 20 74 76 67 2D 6C 6F 67 6F 3D 22 68    and" tvg-logo="h
00000510: 74 74 70 73 3A 2F 2F 74 76 70 6E 6C 6F 67 6F 70    ttps://tvpnlogop
00000520: 75 73 2E 73 61 6D 73 75 6E 67 63 6C 6F 75 64 2E    us.samsungcloud.
00000530: 74 76 2F 70 6C 61 74 66 6F 72 6D 2F 69 6D 61 67    tv/platform/imag
00000540: 65 2F 73 6F 75 72 63 65 6C 6F 67 6F 2F 76 63 2F    e/sourcelogo/vc/
00000550: 30 30 2F 30 32 2F 33 34 2F 55 53 33 30 30 30 30    00/02/34/US30000
00000560: 32 42 45 5F 32 30 32 35 30 38 30 35 54 30 30 35    2BE_20250805T005
00000570: 38 33 37 53 51 55 41 52 45 2E 70 6E 67 22 20 67    837SQUARE.png" g
00000580: 72 6F 75 70 2D 74 69 74 6C 65 3D 22 53 63 69 2D    roup-title="Sci-
00000590: 46 69 20 26 20 48 6F 72 72 6F 72 22 2C 54 68 65    Fi & Horror",The
000005a0: 20 43 75 72 73 65 20 6F 66 20 4F 61 6B 20 49 73     Curse of Oak Is
000005b0: 6C 61 6E 64 0A 68 74 74 70 73 3A 2F 2F 6A 6D 70    land.https://jmp
000005c0: 32 2E 75 6B 2F 73 74 76 70 2D 55 53 33 30 30 30    2.uk/stvp-US3000
000005d0: 30 32 42 45 0A 23 45 58 54 49 4E 46 3A 2D 31 20    02BE.#EXTINF:-1 
000005e0: 63 68 61 6E 6E 65 6C 2D 69 64 3D 22 55 53 42 44    channel-id="USBD
000005f0: 31 32 30 30 30 32 32 53 31 22 20 74 76 67 2D 69    1200022S1" tvg-i
00000600: 64 3D 22 55 53 42 44 31 32 30 30 30 32 32 53 31    d="USBD1200022S1
00000610: 22 20 74 76 67 2D 63 68 6E 6F 3D 22 32 30 33 38    " tvg-chno="2038
00000620: 22 20 74 76 67 2D 6E 61 6D 65 3D 22 54 68 65 20    " tvg-name="The 
00000630: 44 65 73 69 67 6E 20 4E 65 74 77 6F 72 6B 22 20    Design Network" 
00000640: 74 76 67 2D 6C 6F 67 6F 3D 22 68 74 74 70 73 3A    tvg-logo="https:
00000650: 2F 2F 74 76 70 6E 6C 6F 67 6F 70 75 73 2E 73 61    //tvpnlogopus.sa
00000660: 6D 73 75 6E 67 63 6C 6F 75 64 2E 74 76 2F 70 6C    msungcloud.tv/pl
00000670: 61 74 66 6F 72 6D 2F 69 6D 61 67 65 2F 73 6F 75    atform/image/sou
00000680: 72 63 65 6C 6F 67 6F 2F 76 63 2F 30 30 2F 30 32    rcelogo/vc/00/02
00000690: 2F 33 34 2F 55 53 42 44 31 32 30 30 30 32 32 53    /34/USBD1200022S
000006a0: 31 5F 32 30 32 35 30 34 31 35 54 30 31 30 30 30    1_20250415T01000
000006b0: 36 53 51 55 41 52 45 2E 70 6E 67 22 20 67 72 6F    6SQUARE.png" gro
000006c0: 75 70 2D 74 69 74 6C 65 3D 22 48 6F 6D 65 20 26    up-title="Home &
000006d0: 20 46 6F 6F 64 22 2C 54 68 65 20 44 65 73 69 67     Food",The Desig
000006e0: 6E 20 4E 65 74 77 6F 72 6B 0A 68 74 74 70 73 3A    n Network.https:
000006f0: 2F 2F 6A 6D 70 32 2E 75 6B 2F 73 74 76 70 2D 55    //jmp2.uk/stvp-U
00000700: 53 42 44 31 32 30 30 30 32 32 53 31 0A 23 45 58    SBD1200022S1.#EX
00000710: 54 49 4E 46 3A 2D 31 20 63 68 61 6E 6E 65 6C 2D    TINF:-1 channel-
00000720: 69 64 3D 22 55 53 31 30 30 30 30 31 36 51 22 20    id="US1000016Q" 
00000730: 74 76 67 2D 69 64 3D 22 55 53 31 30 30 30 30 31    tvg-id="US100001
00000740: 36 51 22 20 74 76 67 2D 63 68 6E 6F 3D 22 31 31    6Q" tvg-chno="11
00000750: 38 30 22 20 74 76 67 2D 6E 61 6D 65 3D 22 54 68    80" tvg-name="Th
00000760: 65 20 46 69 72 73 74 22 20 74 76 67 2D 6C 6F 67    e First" tvg-log
00000770: 6F 3D 22 68 74 74 70 73 3A 2F 2F 74 76 70 6E 6C    o="https://tvpnl
00000780: 6F 67 6F 70 75 73 2E 73 61 6D 73 75 6E 67 63 6C    ogopus.samsungcl
00000790: 6F 75 64 2E 74 76 2F 70 6C 61 74 66 6F 72 6D 2F    oud.tv/platform/
000007a0: 69 6D 61 67 65 2F 73 6F 75 72 63 65 6C 6F 67 6F    image/sourcelogo
000007b0: 2F 76 63 2F 30 30 2F 30 32 2F 33 34 2F 55 53 31    /vc/00/02/34/US1
000007c0: 30 30 30 30 31 36 51 5F 32 30 32 34 30 35 32 30    000016Q_20240520
000007d0: 54 32 32 33 34 32 33 53 51 55 41 52 45 2E 70 6E    T223423SQUARE.pn
000007e0: 67 22 20 67 72 6F 75 70 2D 74 69 74 6C 65 3D 22    g" group-title="
000007f0: 4E 65 77 73 20 26 20 4F 70 69 6E 69 6F 6E 22 2C    News & Opinion",
00000800: 54 68 65 20 46 69 72 73 74 0A 68 74 74 70 73 3A    The First.https:
00000810: 2F 2F 6A 6D 70 32 2E 75 6B 2F 73 74 76 70 2D 55    //jmp2.uk/stvp-U
00000820: 53 31 30 30 30 30 31 36 51 0A 23 45 58 54 49 4E    S1000016Q.#EXTIN
00000830: 46 3A 2D 31 20 63 68 61 6E 6E 65 6C 2D 69 64 3D    F:-1 channel-id=
00000840: 22 55 53 33 33 30 30 30 31 31 56 39 22 20 74 76    "US3300011V9" tv
00000850: 67 2D 69 64 3D 22 55 53 33 33 30 30 30 31 31 56    g-id="US3300011V
00000860: 39 22 20 74 76 67 2D 63 68 6E 6F 3D 22 31 38 33    9" tvg-chno="183
00000870: 32 22 20 74 76 67 2D 6E 61 6D 65 3D 22 54 68 65    2" tvg-name="The
00000880: 20 46 69 72 73 74 20 34 38 22 20 74 76 67 2D 6C     First 48" tvg-l
00000890: 6F 67 6F 3D 22 68 74 74 70 73 3A 2F 2F 74 76 70    ogo="https://tvp
000008a0: 6E 6C 6F 67 6F 70 75 73 2E 73 61 6D 73 75 6E 67    nlogopus.samsung
000008b0: 63 6C 6F 75 64 2E 74 76 2F 70 6C 61 74 66 6F 72    cloud.tv/platfor
000008c0: 6D 2F 69 6D 61 67 65 2F 73 6F 75 72 63 65 6C 6F    m/image/sourcelo
000008d0: 67 6F 2F 76 63 2F 30 30 2F 30 32 2F 33 34 2F 55    go/vc/00/02/34/U
000008e0: 53 33 33 30 30 30 31 31 56 39 5F 32 30 32 34 31    S3300011V9_20241
000008f0: 31 31 32 54 30 30 32 30 35 35 53 51 55 41 52 45    112T002055SQUARE
00000900: 2E 70 6E 67 22 20 67 72 6F 75 70 2D 74 69 74 6C    .png" group-titl
00000910: 65 3D 22 43 72 69 6D 65 22 2C 54 68 65 20 46 69    e="Crime",The Fi
00000920: 72 73 74 20 34 38 0A 68 74 74 70 73 3A 2F 2F 6A    rst 48.https://j
00000930: 6D 70 32 2E 75 6B 2F 73 74 76 70 2D 55 53 33 33    mp2.uk/stvp-US33
00000940: 30 30 30 31 31 56 39 0A 23 45 58 54 49 4E 46 3A    00011V9.#EXTINF:
00000950: 2D 31 20 63 68 61 6E 6E 65 6C 2D 69 64 3D 22 55    -1 channel-id="U
00000960: 53 33 33 30 30 30 30 38 46 58 22 20 74 76 67 2D    S3300008FX" tvg-
00000970: 69 64 3D 22 55 53 33 33 30 30 30 30 38 46 58 22    id="US3300008FX"
00000980: 20 74 76 67 2D 63 68 6E 6F 3D 22 31 31 39 30 22     tvg-chno="1190"
00000990: 20 74 76 67 2D 6E 61 6D 65 3D 22 54 68 65 20 48     tvg-name="The H
000009a0: 69 6C 6C 22 20 74 76 67 2D 6C 6F 67 6F 3D 22 68    ill" tvg-logo="h
000009b0: 74 74 70 73 3A 2F 2F 74 76 70 6E 6C 6F 67 6F 70    ttps://tvpnlogop
000009c0: 75 73 2E 73 61 6D 73 75 6E 67 63 6C 6F 75 64 2E    us.samsungcloud.
000009d0: 74 76 2F 70 6C 61 74 66 6F 72 6D 2F 69 6D 61 67    tv/platform/imag
000009e0: 65 2F 73 6F 75 72 63 65 6C 6F 67 6F 2F 76 63 2F    e/sourcelogo/vc/
000009f0: 30 30 2F 30 32 2F 33 34 2F 55 53 33 33 30 30 30    00/02/34/US33000
00000a00: 30 38 46 58 5F 32 30 32 34 31 30 32 32 54 30 30    08FX_20241022T00
00000a10: 34 34 34 32 53 51 55 41 52 45 2E 70 6E 67 22 20    4442SQUARE.png" 
00000a20: 67 72 6F 75 70 2D 74 69 74 6C 65 3D 22 4E 65 77    group-title="New
00000a30: 73 20 26 20 4F 70 69 6E 69 6F 6E 22 2C 54 68 65    s & Opinion",The
00000a40: 20 48 69 6C 6C 0A 68 74 74 70 73 3A 2F 2F 6A 6D     Hill.https://jm
00000a50: 70 32 2E 75 6B 2F 73 74 76 70 2D 55 53 33 33 30    p2.uk/stvp-US330
00000a60: 30 30 30 38 46 58 0A 23 45 58 54 49 4E 46 3A 2D    0008FX.#EXTINF:-
00000a70: 31 20 63 68 61 6E 6E 65 6C 2D 69 64 3D 22 55 53    1 channel-id="US
00000a80: 42 43 32 31 30 30 30 30 39 47 54 22 20 74 76 67    BC2100009GT" tvg
00000a90: 2D 69 64 3D 22 55 53 42 43 32 31 30 30 30 30 39    -id="USBC2100009
00000aa0: 47 54 22 20 74 76 67 2D 63 68 6E 6F 3D 22 33 35    GT" tvg-chno="35
00000ab0: 30 38 22 20 74 76 67 2D 6E 61 6D 65 3D 22 54 68    08" tvg-name="Th
00000ac0: 65 20 4A 61 63 6B 20 48 61 6E 6E 61 20 43 68 61    e Jack Hanna Cha
00000ad0: 6E 6E 65 6C 22 20 74 76 67 2D 6C 6F 67 6F 3D 22    nnel" tvg-logo="
00000ae0: 68 74 74 70 73 3A 2F 2F 74 76 70 6E 6C 6F 67 6F    https://tvpnlogo
00000af0: 70 75 73 2E 73 61 6D 73 75 6E 67 63 6C 6F 75 64    pus.samsungcloud
00000b00: 2E 74 76 2F 70 6C 61 74 66 6F 72 6D 2F 69 6D 61    .tv/platform/ima
00000b10: 67 65 2F 73 6F 75 72 63 65 6C 6F 67 6F 2F 76 63    ge/sourcelogo/vc
00000b20: 2F 30 30 2F 30 32 2F 33 34 2F 55 53 42 43 32 31    /00/02/34/USBC21
00000b30: 30 30 30 30 39 47 54 5F 32 30 32 34 30 35 32 30    00009GT_20240520
00000b40: 54 32 31 34 38 35 34 53 51 55 41 52 45 2E 70 6E    T214854SQUARE.pn
00000b50: 67 22 20 67 72 6F 75 70 2D 74 69 74 6C 65 3D 22    g" group-title="
00000b60: 4E 61 74 75 72 65 2C 20 48 69 73 74 6F 72 79 20    Nature, History 
00000b70: 26 20 53 63 69 65 6E 63 65 22 2C 54 68 65 20 4A    & Science",The J
00000b80: 61 63 6B 20 48 61 6E 6E 61 20 43 68 61 6E 6E 65    ack Hanna Channe
00000b90: 6C 0A 68 74 74 70 73 3A 2F 2F 6A 6D 70 32 2E 75    l.https://jmp2.u
00000ba0: 6B 2F 73 74 76 70 2D 55 53 42 43 32 31 30 30 30    k/stvp-USBC21000
00000bb0: 30 39 47 54 0A 23 45 58 54 49 4E 46 3A 2D 31 20    09GT.#EXTINF:-1 
00000bc0: 63 68 61 6E 6E 65 6C 2D 69 64 3D 22 55 53 32 39    channel-id="US29
00000bd0: 30 30 30 31 34 55 55 22 20 74 76 67 2D 69 64 3D    00014UU" tvg-id=
00000be0: 22 55 53 32 39 30 30 30 31 34 55 55 22 20 74 76    "US2900014UU" tv
00000bf0: 67 2D 63 68 6E 6F 3D 22 32 33 34 36 22 20 74 76    g-chno="2346" tv
00000c00: 67 2D 6E 61 6D 65 3D 22 54 68 65 20 4A 69 6D 20    g-name="The Jim 
00000c10: 52 6F 6D 65 20 53 68 6F 77 22 20 74 76 67 2D 6C    Rome Show" tvg-l
00000c20: 6F 67 6F 3D 22 68 74 74 70 73 3A 2F 2F 74 76 70    ogo="https://tvp
00000c30: 6E 6C 6F 67 6F 70 75 73 2E 73 61 6D 73 75 6E 67    nlogopus.samsung
00000c40: 63 6C 6F 75 64 2E 74 76 2F 70 6C 61 74 66 6F 72    cloud.tv/platfor
00000c50: 6D 2F 69 6D 61 67 65 2F 73 6F 75 72 63 65 6C 6F    m/image/sourcelo
00000c60: 67 6F 2F 76 63 2F 30 30 2F 30 32 2F 33 34 2F 55    go/vc/00/02/34/U
00000c70: 53 32 39 30 30 30 31 34 55 55 5F 32 30 32 35 30    S2900014UU_20250
00000c80: 39 30 39 54 30 30 32 38 33 31 53 51 55 41 52 45    909T002831SQUARE
00000c90: 2E 70 6E 67 22 20 67 72 6F 75 70 2D 74 69 74 6C    .png" group-titl
00000ca0: 65 3D 22 53 70 6F 72 74 73 20 26 20 4F 75 74 64    e="Sports & Outd
00000cb0: 6F 6F 72 73 22 2C 54 68 65 20 4A 69 6D 20 52 6F    oors",The Jim Ro
00000cc0: 6D 65 20 53 68 6F 77 0A 68 74 74 70 73 3A 2F 2F    me Show.https://
00000cd0: 6A 6D 70 32 2E 75 6B 2F 73 74 76 70 2D 55 53 32    jmp2.uk/stvp-US2
00000ce0: 39 30 30 30 31 34 55 55 0A 23 45 58 54 49 4E 46    900014UU.#EXTINF
00000cf0: 3A 2D 31 20 63 68 61 6E 6E 65 6C 2D 69 64 3D 22    :-1 channel-id="
00000d00: 55 53 42 41 32 33 30 30 30 30 31 53 38 22 20 74    USBA2300001S8" t
00000d10: 76 67 2D 69 64 3D 22 55 53 42 41 32 33 30 30 30    vg-id="USBA23000
00000d20: 30 31 53 38 22 20 74 76 67 2D 63 68 6E 6F 3D 22    01S8" tvg-chno="
00000d30: 33 36 38 37 22 20 74 76 67 2D 6E 61 6D 65 3D 22    3687" tvg-name="
00000d40: 54 68 65 20 4C 45 47 4F 20 43 68 61 6E 6E 65 6C    The LEGO Channel
00000d50: 22 20 74 76 67 2D 6C 6F 67 6F 3D 22 68 74 74 70    " tvg-logo="http
00000d60: 73 3A 2F 2F 74 76 70 6E 6C 6F 67 6F 70 75 73 2E    s://tvpnlogopus.
00000d70: 73 61 6D 73 75 6E 67 63 6C 6F 75 64 2E 74 76 2F    samsungcloud.tv/
00000d80: 70 6C 61 74 66 6F 72 6D 2F 69 6D 61 67 65 2F 73    platform/image/s
00000d90: 6F 75 72 63 65 6C 6F 67 6F 2F 76 63 2F 30 30 2F    ourcelogo/vc/00/
00000da0: 30 32 2F 33 34 2F 55 53 42 41 32 33 30 30 30 30    02/34/USBA230000
00000db0: 31 53 38 5F 32 30 32 34 31 32 31 30 54 30 31 33    1S8_20241210T013
00000dc0: 38 32 38 53 51 55 41 52 45 2E 70 6E 67 22 20 67    828SQUARE.png" g
00000dd0: 72 6F 75 70 2D 74 69 74 6C 65 3D 22 4B 69 64 73    roup-title="Kids
00000de0: 22 2C 54 68 65 20 4C 45 47 4F 20 43 68 61 6E 6E    ",The LEGO Chann
00000df0: 65 6C 0A 68 74 74 70 73 3A 2F 2F 6A 6D 70 32 2E    el.https://jmp2.
00000e00: 75 6B 2F 73 74 76 70 2D 55 53 42 41 32 33 30 30    uk/stvp-USBA2300
00000e10: 30 30 31 53 38 0A 23 45 58 54 49 4E 46 3A 2D 31    001S8.#EXTINF:-1
00000e20: 20 63 68 61 6E 6E 65 6C 2D 69 64 3D 22 55 53 34     channel-id="US4
00000e30: 35 30 30 30 31 31 53 50 22 20 74 76 67 2D 69 64    500011SP" tvg-id
00000e40: 3D 22 55 53 34 35 30 30 30 31 31 53 50 22 20 74    ="US4500011SP" t
00000e50: 76 67 2D 63 68 6E 6F 3D 22 32 31 30 37 22 20 74    vg-chno="2107" t
00000e60: 76 67 2D 6E 61 6D 65 3D 22 54 68 65 20 4D 61 72    vg-name="The Mar
00000e70: 74 68 61 20 53 74 65 77 61 72 74 20 43 68 61 6E    tha Stewart Chan
00000e80: 6E 65 6C 22 20 74 76 67 2D 6C 6F 67 6F 3D 22 68    nel" tvg-logo="h
00000e90: 74 74 70 73 3A 2F 2F 74 76 70 6E 6C 6F 67 6F 70    ttps://tvpnlogop
00000ea0: 75 73 2E 73 61 6D 73 75 6E 67 63 6C 6F 75 64 2E    us.samsungcloud.
00000eb0: 74 76 2F 70 6C 61 74 66 6F 72 6D 2F 69 6D 61 67    tv/platform/imag
00000ec0: 65 2F 73 6F 75 72 63 65 6C 6F 67 6F 2F 76 63 2F    e/sourcelogo/vc/
00000ed0: 30 30 2F 30 32 2F 33 34 2F 55 53 34 35 30 30 30    00/02/34/US45000
00000ee0: 31 31 53 50 5F 32 30 32 35 30 38 31 39 54 32 32    11SP_20250819T22
00000ef0: 34 33 35 36 53 51 55 41 52 45 2E 70 6E 67 22 20    4356SQUARE.png" 
00000f00: 67 72 6F 75 70 2D 74 69 74 6C 65 3D 22 48 6F 6D    group-title="Hom
00000f10: 65 20 26 20 46 6F 6F 64 22 2C 54 68 65 20 4D 61    e & Food",The Ma
00000f20: 72 74 68 61 20 53 74 65 77 61 72 74 20 43 68 61    rtha Stewart Cha
00000f30: 6E 6E 65 6C 0A 68 74 74 70 73 3A 2F 2F 6A 6D 70    nnel.https://jmp
00000f40: 32 2E 75 6B 2F 73 74 76 70 2D 55 53 34 35 30 30    2.uk/stvp-US4500
00000f50: 30 31 31 53 50 0A 23 45 58 54 49 4E 46 3A 2D 31    011SP.#EXTINF:-1
00000f60: 20 63 68 61 6E 6E 65 6C 2D 69 64 3D 22 55 53 33     channel-id="US3
00000f70: 36 30 30 30 30 33 52 37 22 20 74 76 67 2D 69 64    600003R7" tvg-id
00000f80: 3D 22 55 53 33 36 30 30 30 30 33 52 37 22 20 74    ="US3600003R7" t
00000f90: 76 67 2D 63 68 6E 6F 3D 22 32 33 31 37 22 20 74    vg-chno="2317" t
00000fa0: 76 67 2D 6E 61 6D 65 3D 22 54 68 65 20 4E 42 41    vg-name="The NBA
00000fb0: 20 43 68 61 6E 6E 65 6C 22 20 74 76 67 2D 6C 6F     Channel" tvg-lo
00000fc0: 67 6F 3D 22 68 74 74 70 73 3A 2F 2F 74 76 70 6E    go="https://tvpn
00000fd0: 6C 6F 67 6F 70 75 73 2E 73 61 6D 73 75 6E 67 63    logopus.samsungc
00000fe0: 6C 6F 75 64 2E 74 76 2F 70 6C 61 74 66 6F 72 6D    loud.tv/platform
00000ff0: 2F 69 6D 61 67 65 2F 73 6F 75 72 63 65 6C 6F 67    /image/sourcelog
00001000: 6F 2F 76 63 2F 30 30 2F 30 32 2F 33 34 2F 55 53    o/vc/00/02/34/US
00001010: 33 36 30 30 30 30 33 52 37 5F 32 30 32 35 31 32    3600003R7_202512
00001020: 30 39 54 30 30 35 39 35 38 53 51 55 41 52 45 2E    09T005958SQUARE.
00001030: 70 6E 67 22 20 67 72 6F 75 70 2D 74 69 74 6C 65    png" group-title
00001040: 3D 22 53 70 6F 72 74 73 20 26 20 4F 75 74 64 6F    ="Sports & Outdo
00001050: 6F 72 73 22 2C 54 68 65 20 4E 42 41 20 43 68 61    ors",The NBA Cha
00001060: 6E 6E 65 6C 0A 68 74 74 70 73 3A 2F 2F 6A 6D 70    nnel.https://jmp
00001070: 32 2E 75 6B 2F 73 74 76 70 2D 55 53 33 36 30 30    2.uk/stvp-US3600
00001080: 30 30 33 52 37 0A 23 45 58 54 49 4E 46 3A 2D 31    003R7.#EXTINF:-1
00001090: 20 63 68 61 6E 6E 65 6C 2D 69 64 3D 22 55 53 41     channel-id="USA
000010a0: 4A 33 35 30 34 35 34 37 41 22 20 74 76 67 2D 69    J3504547A" tvg-i
000010b0: 64 3D 22 55 53 41 4A 33 35 30 34 35 34 37 41 22    d="USAJ3504547A"
000010c0: 20 74 76 67 2D 63 68 6E 6F 3D 22 31 38 36 38 22     tvg-chno="1868"
000010d0: 20 74 76 67 2D 6E 61 6D 65 3D 22 54 68 65 20 4E     tvg-name="The N
000010e0: 65 77 20 44 65 74 65 63 74 69 76 65 73 22 20 74    ew Detectives" t
000010f0: 76 67 2D 6C 6F 67 6F 3D 22 68 74 74 70 73 3A 2F    vg-logo="https:/
00001100: 2F 74 76 70 6E 6C 6F 67 6F 70 75 73 2E 73 61 6D    /tvpnlogopus.sam
00001110: 73 75 6E 67 63 6C 6F 75 64 2E 74 76 2F 70 6C 61    sungcloud.tv/pla
00001120: 74 66 6F 72 6D 2F 69 6D 61 67 65 2F 73 6F 75 72    tform/image/sour
00001130: 63 65 6C 6F 67 6F 2F 76 63 2F 30 30 2F 30 32 2F    celogo/vc/00/02/
00001140: 33 34 2F 55 53 41 4A 33 35 30 34 35 34 37 41 5F    34/USAJ3504547A_
00001150: 32 30 32 34 31 31 31 32 54 30 30 30 37 35 35 53    20241112T000755S
00001160: 51 55 41 52 45 2E 70 6E 67 22 20 67 72 6F 75 70    QUARE.png" group
00001170: 2D 74 69 74 6C 65 3D 22 43 72 69 6D 65 22 2C 54    -title="Crime",T
00001180: 68 65 20 4E 65 77 20 44 65 74 65 63 74 69 76 65    he New Detective
00001190: 73 0A 68 74 74 70 73 3A 2F 2F 6A 6D 70 32 2E 75    s.https://jmp2.u
000011a0: 6B 2F 73 74 76 70 2D 55 53 41 4A 33 35 30 34 35    k/stvp-USAJ35045
000011b0: 34 37 41 0A 23 45 58 54 49 4E 46 3A 2D 31 20 63    47A.#EXTINF:-1 c
000011c0: 68 61 6E 6E 65 6C 2D 69 64 3D 22 55 53 41 4A 33    hannel-id="USAJ3
000011d0: 35 30 34 37 30 34 41 22 20 74 76 67 2D 69 64 3D    504704A" tvg-id=
000011e0: 22 55 53 41 4A 33 35 30 34 37 30 34 41 22 20 74    "USAJ3504704A" t
000011f0: 76 67 2D 63 68 6E 6F 3D 22 33 35 31 30 22 20 74    vg-chno="3510" t
00001200: 76 67 2D 6E 61 6D 65 3D 22 54 68 65 20 50 65 74    vg-name="The Pet
00001210: 20 43 6F 6C 6C 65 63 74 69 76 65 22 20 74 76 67     Collective" tvg
00001220: 2D 6C 6F 67 6F 3D 22 68 74 74 70 73 3A 2F 2F 74    -logo="https://t
00001230: 76 70 6E 6C 6F 67 6F 70 75 73 2E 73 61 6D 73 75    vpnlogopus.samsu
00001240: 6E 67 63 6C 6F 75 64 2E 74 76 2F 70 6C 61 74 66    ngcloud.tv/platf
00001250: 6F 72 6D 2F 69 6D 61 67 65 2F 73 6F 75 72 63 65    orm/image/source
00001260: 6C 6F 67 6F 2F 76 63 2F 30 30 2F 30 32 2F 33 34    logo/vc/00/02/34
00001270: 2F 55 53 41 4A 33 35 30 34 37 30 34 41 5F 32 30    /USAJ3504704A_20
00001280: 32 34 30 35 32 30 54 32 31 34 37 30 39 53 51 55    240520T214709SQU
00001290: 41 52 45 2E 70 6E 67 22 20 67 72 6F 75 70 2D 74    ARE.png" group-t
000012a0: 69 74 6C 65 3D 22 4E 61 74 75 72 65 2C 20 48 69    itle="Nature, Hi
000012b0: 73 74 6F 72 79 20 26 20 53 63 69 65 6E 63 65 22    story & Science"
000012c0: 2C 54 68 65 20 50 65 74 20 43 6F 6C 6C 65 63 74    ,The Pet Collect
000012d0: 69 76 65 0A 68 74 74 70 73 3A 2F 2F 6A 6D 70 32    ive.https://jmp2
000012e0: 2E 75 6B 2F 73 74 76 70 2D 55 53 41 4A 33 35 30    .uk/stvp-USAJ350
000012f0: 34 37 30 34 41 0A 23 45 58 54 49 4E 46 3A 2D 31    4704A.#EXTINF:-1
00001300: 20 63 68 61 6E 6E 65 6C 2D 69 64 3D 22 55 53 31     channel-id="US1
00001310: 39 30 30 30 32 31 48 30 22 20 74 76 67 2D 69 64    900021H0" tvg-id
00001320: 3D 22 55 53 31 39 30 30 30 32 31 48 30 22 20 74    ="US1900021H0" t
00001330: 76 67 2D 63 68 6E 6F 3D 22 32 39 30 32 22 20 74    vg-chno="2902" t
00001340: 76 67 2D 6E 61 6D 65 3D 22 54 68 65 20 52 69 6E    vg-name="The Rin
00001350: 67 65 72 20 66 72 6F 6D 20 53 70 6F 74 69 66 79    ger from Spotify
00001360: 22 20 74 76 67 2D 6C 6F 67 6F 3D 22 68 74 74 70    " tvg-logo="http
00001370: 73 3A 2F 2F 74 76 70 6E 6C 6F 67 6F 70 75 73 2E    s://tvpnlogopus.
00001380: 73 61 6D 73 75 6E 67 63 6C 6F 75 64 2E 74 76 2F    samsungcloud.tv/
00001390: 70 6C 61 74 66 6F 72 6D 2F 69 6D 61 67 65 2F 73    platform/image/s
000013a0: 6F 75 72 63 65 6C 6F 67 6F 2F 76 63 2F 30 30 2F    ourcelogo/vc/00/
000013b0: 30 32 2F 33 34 2F 55 53 31 39 30 30 30 32 31 48    02/34/US1900021H
000013c0: 30 5F 32 30 32 35 31 30 32 38 54 30 31 31 31 33    0_20251028T01113
000013d0: 34 53 51 55 41 52 45 2E 70 6E 67 22 20 67 72 6F    4SQUARE.png" gro
000013e0: 75 70 2D 74 69 74 6C 65 3D 22 4C 69 66 65 73 74    up-title="Lifest
000013f0: 79 6C 65 20 26 20 50 6F 70 20 43 75 6C 74 75 72    yle & Pop Cultur
00001400: 65 22 2C 54 68 65 20 52 69 6E 67 65 72 20 66 72    e",The Ringer fr
00001410: 6F 6D 20 53 70 6F 74 69 66 79 0A 68 74 74 70 73    om Spotify.https
00001420: 3A 2F 2F 6A 6D 70 32 2E 75 6B 2F 73 74 76 70 2D    ://jmp2.uk/stvp-
00001430: 55 53 31 39 30 30 30 32 31 48 30 0A 23 45 58 54    US1900021H0.#EXT
00001440: 49 4E 46 3A 2D 31 20 63 68 61 6E 6E 65 6C 2D 69    INF:-1 channel-i
00001450: 64 3D 22 55 53 32 30 30 30 30 31 36 4C 46 22 20    d="US2000016LF" 
00001460: 74 76 67 2D 69 64 3D 22 55 53 32 30 30 30 30 31    tvg-id="US200001
00001470: 36 4C 46 22 20 74 76 67 2D 63 68 6E 6F 3D 22 32    6LF" tvg-chno="2
00001480: 36 32 34 22 20 74 76 67 2D 6E 61 6D 65 3D 22 54    624" tvg-name="T
00001490: 68 65 20 54 72 79 20 47 75 79 73 22 20 74 76 67    he Try Guys" tvg
000014a0: 2D 6C 6F 67 6F 3D 22 68 74 74 70 73 3A 2F 2F 74    -logo="https://t
000014b0: 76 70 6E 6C 6F 67 6F 70 75 73 2E 73 61 6D 73 75    vpnlogopus.samsu
000014c0: 6E 67 63 6C 6F 75 64 2E 74 76 2F 70 6C 61 74 66    ngcloud.tv/platf
000014d0: 6F 72 6D 2F 69 6D 61 67 65 2F 73 6F 75 72 63 65    orm/image/source
000014e0: 6C 6F 67 6F 2F 76 63 2F 30 30 2F 30 32 2F 33 34    logo/vc/00/02/34
000014f0: 2F 55 53 32 30 30 30 30 31 36 4C 46 5F 32 30 32    /US2000016LF_202
00001500: 35 31 30 32 38 54 30 31 31 31 33 36 53 51 55 41    51028T011136SQUA
00001510: 52 45 2E 70 6E 67 22 20 67 72 6F 75 70 2D 74 69    RE.png" group-ti
00001520: 74 6C 65 3D 22 43 6F 6D 65 64 79 22 2C 54 68 65    tle="Comedy",The
00001530: 20 54 72 79 20 47 75 79 73 0A 68 74 74 70 73 3A     Try Guys.https:
00001540: 2F 2F 6A 6D 70 32 2E 75 6B 2F 73 74 76 70 2D 55    //jmp2.uk/stvp-U
00001550: 53 32 30 30 30 30 31 36 4C 46 0A 23 45 58 54 49    S2000016LF.#EXTI
00001560: 4E 46 3A 2D 31 20 63 68 61 6E 6E 65 6C 2D 69 64    NF:-1 channel-id
00001570: 3D 22 55 53 37 30 30 30 31 31 4A 4C 22 20 74 76    ="US700011JL" tv
00001580: 67 2D 69 64 3D 22 55 53 37 30 30 30 31 31 4A 4C    g-id="US700011JL
00001590: 22 20 74 76 67 2D 63 68 6E 6F 3D 22 33 30 36 30    " tvg-chno="3060
000015a0: 22 20 74 76 67 2D 6E 61 6D 65 3D 22 54 68 65 20    " tvg-name="The 
000015b0: 55 6E 58 70 6C 61 69 6E 65 64 20 77 69 74 68 20    UnXplained with 
000015c0: 57 69 6C 6C 69 61 6D 20 53 68 61 74 6E 65 72 22    William Shatner"
000015d0: 20 74 76 67 2D 6C 6F 67 6F 3D 22 68 74 74 70 73     tvg-logo="https
000015e0: 3A 2F 2F 74 76 70 6E 6C 6F 67 6F 70 75 73 2E 73    ://tvpnlogopus.s
000015f0: 61 6D 73 75 6E 67 63 6C 6F 75 64 2E 74 76 2F 70    amsungcloud.tv/p
00001600: 6C 61 74 66 6F 72 6D 2F 69 6D 61 67 65 2F 73 6F    latform/image/so
00001610: 75 72 63 65 6C 6F 67 6F 2F 76 63 2F 30 30 2F 30    urcelogo/vc/00/0
00001620: 32 2F 33 34 2F 55 53 37 30 30 30 31 31 4A 4C 5F    2/34/US700011JL_
00001630: 32 30 32 35 30 38 31 39 54 32 32 34 33 35 38 53    20250819T224358S
00001640: 51 55 41 52 45 2E 70 6E 67 22 20 67 72 6F 75 70    QUARE.png" group
00001650: 2D 74 69 74 6C 65 3D 22 53 63 69 2D 46 69 20 26    -title="Sci-Fi &
00001660: 20 48 6F 72 72 6F 72 22 2C 54 68 65 20 55 6E 58     Horror",The UnX
00001670: 70 6C 61 69 6E 65 64 20 77 69 74 68 20 57 69 6C    plained with Wil
00001680: 6C 69 61 6D 20 53 68 61 74 6E 65 72 0A 68 74 74    liam Shatner.htt
00001690: 70 73 3A 2F 2F 6A 6D 70 32 2E 75 6B 2F 73 74 76    ps://jmp2.uk/stv
000016a0: 70 2D 55 53 37 30 30 30 31 31 4A 4C 0A 23 45 58    p-US700011JL.#EX
000016b0: 54 49 4E 46 3A 2D 31 20 63 68 61 6E 6E 65 6C 2D    TINF:-1 channel-
000016c0: 69 64 3D 22 55 53 42 44 31 32 30 30 30 30 34 4E    id="USBD1200004N
000016d0: 53 22 20 74 76 67 2D 69 64 3D 22 55 53 42 44 31    S" tvg-id="USBD1
000016e0: 32 30 30 30 30 34 4E 53 22 20 74 76 67 2D 63 68    200004NS" tvg-ch
000016f0: 6E 6F 3D 22 33 30 31 35 22 20 74 76 67 2D 6E 61    no="3015" tvg-na
00001700: 6D 65 3D 22 54 68 65 20 57 61 6C 6B 69 6E 67 20    me="The Walking 
00001710: 44 65 61 64 20 55 6E 69 76 65 72 73 65 22 20 74    Dead Universe" t
00001720: 76 67 2D 6C 6F 67 6F 3D 22 68 74 74 70 73 3A 2F    vg-logo="https:/
00001730: 2F 74 76 70 6E 6C 6F 67 6F 70 75 73 2E 73 61 6D    /tvpnlogopus.sam
00001740: 73 75 6E 67 63 6C 6F 75 64 2E 74 76 2F 70 6C 61    sungcloud.tv/pla
00001750: 74 66 6F 72 6D 2F 69 6D 61 67 65 2F 73 6F 75 72    tform/image/sour
00001760: 63 65 6C 6F 67 6F 2F 76 63 2F 30 30 2F 30 32 2F    celogo/vc/00/02/
00001770: 33 34 2F 55 53 42 44 31 32 30 30 30 30 34 4E 53    34/USBD1200004NS
00001780: 5F 32 30 32 35 31 31 30 34 54 30 30 34 36 32 38    _20251104T004628
00001790: 53 51 55 41 52 45 2E 70 6E 67 22 20 67 72 6F 75    SQUARE.png" grou
000017a0: 70 2D 74 69 74 6C 65 3D 22 53 63 69 2D 46 69 20    p-title="Sci-Fi 
000017b0: 26 20 48 6F 72 72 6F 72 22 2C 54 68 65 20 57 61    & Horror",The Wa
000017c0: 6C 6B 69 6E 67 20 44 65 61 64 20 55 6E 69 76 65    lking Dead Unive
000017d0: 72 73 65 0A 68 74 74 70 73 3A 2F 2F 6A 6D 70 32    rse.https://jmp2
000017e0: 2E 75 6B 2F 73 74 76 70 2D 55 53 42 44 31 32 30    .uk/stvp-USBD120
000017f0: 30 30 30 34 4E 53 0A 23 45 58 54 49 4E 46 3A 2D    0004NS.#EXTINF:-
00001800: 31 20 63 68 61 6E 6E 65 6C 2D 69 64 3D 22 55 53    1 channel-id="US
00001810: 32 31 30 30 30 30 38 43 57 22 20 74 76 67 2D 69    2100008CW" tvg-i
00001820: 64 3D 22 55 53 32 31 30 30 30 30 38 43 57 22 20    d="US2100008CW" 
00001830: 74 76 67 2D 63 68 6E 6F 3D 22 32 30 33 31 22 20    tvg-chno="2031" 
00001840: 74 76 67 2D 6E 61 6D 65 3D 22 54 68 65 53 6F 72    tvg-name="TheSor
00001850: 72 79 47 69 72 6C 73 20 54 56 22 20 74 76 67 2D    ryGirls TV" tvg-
00001860: 6C 6F 67 6F 3D 22 68 74 74 70 73 3A 2F 2F 74 76    logo="https://tv
00001870: 70 6E 6C 6F 67 6F 70 75 73 2E 73 61 6D 73 75 6E    pnlogopus.samsun
00001880: 67 63 6C 6F 75 64 2E 74 76 2F 70 6C 61 74 66 6F    gcloud.tv/platfo
00001890: 72 6D 2F 69 6D 61 67 65 2F 73 6F 75 72 63 65 6C    rm/image/sourcel
000018a0: 6F 67 6F 2F 76 63 2F 30 30 2F 30 32 2F 33 34 2F    ogo/vc/00/02/34/
000018b0: 55 53 32 31 30 30 30 30 38 43 57 5F 32 30 32 35    US2100008CW_2025
000018c0: 31 31 31 38 54 30 33 30 36 34 31 53 51 55 41 52    1118T030641SQUAR
000018d0: 45 2E 70 6E 67 22 20 67 72 6F 75 70 2D 74 69 74    E.png" group-tit
000018e0: 6C 65 3D 22 48 6F 6D 65 20 26 20 46 6F 6F 64 22    le="Home & Food"
000018f0: 2C 54 68 65 53 6F 72 72 79 47 69 72 6C 73 20 54    ,TheSorryGirls T
00001900: 56 0A 68 74 74 70 73 3A 2F 2F 6A 6D 70 32 2E 75    V.https://jmp2.u
00001910: 6B 2F 73 74 76 70 2D 55 53 32 31 30 30 30 30 38    k/stvp-US2100008
00001920: 43 57 0A 23 45 58 54 49 4E 46 3A 2D 31 20 63 68    CW.#EXTINF:-1 ch
00001930: 61 6E 6E 65 6C 2D 69 64 3D 22 55 53 42 43 31 33    annel-id="USBC13
00001940: 30 30 30 30 36 35 55 22 20 74 76 67 2D 69 64 3D    000065U" tvg-id=
00001950: 22 55 53 42 43 31 33 30 30 30 30 36 35 55 22 20    "USBC13000065U" 
00001960: 74 76 67 2D 63 68 6E 6F 3D 22 32 30 31 35 22 20    tvg-chno="2015" 
00001970: 74 76 67 2D 6E 61 6D 65 3D 22 54 68 69 73 20 4F    tvg-name="This O
00001980: 6C 64 20 48 6F 75 73 65 22 20 74 76 67 2D 6C 6F    ld House" tvg-lo
00001990: 67 6F 3D 22 68 74 74 70 73 3A 2F 2F 74 76 70 6E    go="https://tvpn
000019a0: 6C 6F 67 6F 70 75 73 2E 73 61 6D 73 75 6E 67 63    logopus.samsungc
000019b0: 6C 6F 75 64 2E 74 76 2F 70 6C 61 74 66 6F 72 6D    loud.tv/platform
000019c0: 2F 69 6D 61 67 65 2F 73 6F 75 72 63 65 6C 6F 67    /image/sourcelog
000019d0: 6F 2F 76 63 2F 30 30 2F 30 32 2F 33 34 2F 55 53    o/vc/00/02/34/US
000019e0: 42 43 31 33 30 30 30 30 36 35 55 5F 32 30 32 35    BC13000065U_2025
000019f0: 30 33 32 35 54 30 31 35 33 31 38 53 51 55 41 52    0325T015318SQUAR
00001a00: 45 2E 70 6E 67 22 20 67 72 6F 75 70 2D 74 69 74    E.png" group-tit
00001a10: 6C 65 3D 22 48 6F 6D 65 20 26 20 46 6F 6F 64 22    le="Home & Food"
00001a20: 2C 54 68 69 73 20 4F 6C 64 20 48 6F 75 73 65 0A    ,This Old House.
00001a30: 68 74 74 70 73 3A 2F 2F 6A 6D 70 32 2E 75 6B 2F    https://jmp2.uk/
00001a40: 73 74 76 70 2D 55 53 42 43 31 33 30 30 30 30 36    stvp-USBC1300006
00001a50: 35 55 0A 23 45 58 54 49 4E 46 3A 2D 31 20 63 68    5U.#EXTINF:-1 ch
00001a60: 61 6E 6E 65 6C 2D 69 64 3D 22 55 53 42 43 31 33    annel-id="USBC13
00001a70: 30 30 30 30 35 54 36 22 20 74 76 67 2D 69 64 3D    00005T6" tvg-id=
00001a80: 22 55 53 42 43 31 33 30 30 30 30 35 54 36 22 20    "USBC1300005T6" 
00001a90: 74 76 67 2D 63 68 6E 6F 3D 22 32 30 31 36 22 20    tvg-chno="2016" 
00001aa0: 74 76 67 2D 6E 61 6D 65 3D 22 54 68 69 73 20 4F    tvg-name="This O
00001ab0: 6C 64 20 48 6F 75 73 65 20 4D 61 6B 65 72 73 22    ld House Makers"
00001ac0: 20 74 76 67 2D 6C 6F 67 6F 3D 22 68 74 74 70 73     tvg-logo="https
00001ad0: 3A 2F 2F 74 76 70 6E 6C 6F 67 6F 70 75 73 2E 73    ://tvpnlogopus.s
00001ae0: 61 6D 73 75 6E 67 63 6C 6F 75 64 2E 74 76 2F 70    amsungcloud.tv/p
00001af0: 6C 61 74 66 6F 72 6D 2F 69 6D 61 67 65 2F 73 6F    latform/image/so
00001b00: 75 72 63 65 6C 6F 67 6F 2F 76 63 2F 30 30 2F 30    urcelogo/vc/00/0
00001b10: 32 2F 33 34 2F 55 53 42 43 31 33 30 30 30 30 35    2/34/USBC1300005
00001b20: 54 36 5F 32 30 32 35 30 33 32 35 54 30 31 35 33    T6_20250325T0153
00001b30: 32 33 53 51 55 41 52 45 2E 70 6E 67 22 20 67 72    23SQUARE.png" gr
00001b40: 6F 75 70 2D 74 69 74 6C 65 3D 22 48 6F 6D 65 20    oup-title="Home 
00001b50: 26 20 46 6F 6F 64 22 2C 54 68 69 73 20 4F 6C 64    & Food",This Old
00001b60: 20 48 6F 75 73 65 20 4D 61 6B 65 72 73 0A 68 74     House Makers.ht
00001b70: 74 70 73 3A 2F 2F 6A 6D 70 32 2E 75 6B 2F 73 74    tps://jmp2.uk/st
00001b80: 76 70 2D 55 53 42 43 31 33 30 30 30 30 35 54 36    vp-USBC1300005T6
00001b90: 0A 23 45 58 54 49 4E 46 3A 2D 31 20 63 68 61 6E    .#EXTINF:-1 chan
00001ba0: 6E 65 6C 2D 69 64 3D 22 55 53 41 4A 33 34 30 30    nel-id="USAJ3400
00001bb0: 30 32 30 4B 43 22 20 74 76 67 2D 69 64 3D 22 55    020KC" tvg-id="U
00001bc0: 53 41 4A 33 34 30 30 30 32 30 4B 43 22 20 74 76    SAJ3400020KC" tv
00001bd0: 67 2D 63 68 6E 6F 3D 22 32 30 31 32 22 20 74 76    g-chno="2012" tv
00001be0: 67 2D 6E 61 6D 65 3D 22 54 69 6E 79 20 48 6F 75    g-name="Tiny Hou
00001bf0: 73 65 20 4E 61 74 69 6F 6E 22 20 74 76 67 2D 6C    se Nation" tvg-l
00001c00: 6F 67 6F 3D 22 68 74 74 70 73 3A 2F 2F 74 76 70    ogo="https://tvp
00001c10: 6E 6C 6F 67 6F 70 75 73 2E 73 61 6D 73 75 6E 67    nlogopus.samsung
00001c20: 63 6C 6F 75 64 2E 74 76 2F 70 6C 61 74 66 6F 72    cloud.tv/platfor
00001c30: 6D 2F 69 6D 61 67 65 2F 73 6F 75 72 63 65 6C 6F    m/image/sourcelo
00001c40: 67 6F 2F 76 63 2F 30 30 2F 30 32 2F 33 34 2F 55    go/vc/00/02/34/U
00001c50: 53 41 4A 33 34 30 30 30 32 30 4B 43 5F 32 30 32    SAJ3400020KC_202
00001c60: 35 30 33 32 35 54 30 31 35 30 31 36 53 51 55 41    50325T015016SQUA
00001c70: 52 45 2E 70 6E 67 22 20 67 72 6F 75 70 2D 74 69    RE.png" group-ti
00001c80: 74 6C 65 3D 22 48 6F 6D 65 20 26 20 46 6F 6F 64    tle="Home & Food
00001c90: 22 2C 54 69 6E 79 20 48 6F 75 73 65 20 4E 61 74    ",Tiny House Nat
00001ca0: 69 6F 6E 0A 68 74 74 70 73 3A 2F 2F 6A 6D 70 32    ion.https://jmp2
00001cb0: 2E 75 6B 2F 73 74 76 70 2D 55 53 41 4A 33 34 30    .uk/stvp-USAJ340
00001cc0: 30 30 32 30 4B 43 0A 23 45 58 54 49 4E 46 3A 2D    0020KC.#EXTINF:-
00001cd0: 31 20 63 68 61 6E 6E 65 6C 2D 69 64 3D 22 55 53    1 channel-id="US
00001ce0: 42 44 37 30 30 30 30 32 31 33 22 20 74 76 67 2D    BD70000213" tvg-
00001cf0: 69 64 3D 22 55 53 42 44 37 30 30 30 30 32 31 33    id="USBD70000213
00001d00: 22 20 74 76 67 2D 63 68 6E 6F 3D 22 32 39 37 34    " tvg-chno="2974
00001d10: 22 20 74 76 67 2D 6E 61 6D 65 3D 22 54 4D 5A 22    " tvg-name="TMZ"
00001d20: 20 74 76 67 2D 6C 6F 67 6F 3D 22 68 74 74 70 73     tvg-logo="https
00001d30: 3A 2F 2F 74 76 70 6E 6C 6F 67 6F 70 75 73 2E 73    ://tvpnlogopus.s
00001d40: 61 6D 73 75 6E 67 63 6C 6F 75 64 2E 74 76 2F 70    amsungcloud.tv/p
00001d50: 6C 61 74 66 6F 72 6D 2F 69 6D 61 67 65 2F 73 6F    latform/image/so
00001d60: 75 72 63 65 6C 6F 67 6F 2F 76 63 2F 30 30 2F 30    urcelogo/vc/00/0
00001d70: 32 2F 33 34 2F 55 53 42 44 37 30 30 30 30 32 31    2/34/USBD7000021
00001d80: 33 5F 32 30 32 35 31 31 32 35 54 30 33 30 38 35    3_20251125T03085
00001d90: 36 53 51 55 41 52 45 2E 70 6E 67 22 20 67 72 6F    6SQUARE.png" gro
00001da0: 75 70 2D 74 69 74 6C 65 3D 22 4C 69 66 65 73 74    up-title="Lifest
00001db0: 79 6C 65 20 26 20 50 6F 70 20 43 75 6C 74 75 72    yle & Pop Cultur
00001dc0: 65 22 2C 54 4D 5A 0A 68 74 74 70 73 3A 2F 2F 6A    e",TMZ.https://j
00001dd0: 6D 70 32 2E 75 6B 2F 73 74 76 70 2D 55 53 42 44    mp2.uk/stvp-USBD
00001de0: 37 30 30 30 30 32 31 33 0A 23 45 58 54 49 4E 46    70000213.#EXTINF
00001df0: 3A 2D 31 20 63 68 61 6E 6E 65 6C 2D 69 64 3D 22    :-1 channel-id="
00001e00: 55 53 42 42 31 30 30 30 30 30 31 58 50 22 20 74    USBB1000001XP" t
00001e10: 76 67 2D 69 64 3D 22 55 53 42 42 31 30 30 30 30    vg-id="USBB10000
00001e20: 30 31 58 50 22 20 74 76 67 2D 63 68 6E 6F 3D 22    01XP" tvg-chno="
00001e30: 32 34 30 38 22 20 74 76 67 2D 6E 61 6D 65 3D 22    2408" tvg-name="
00001e40: 54 4E 41 20 57 72 65 73 74 6C 69 6E 67 22 20 74    TNA Wrestling" t
00001e50: 76 67 2D 6C 6F 67 6F 3D 22 68 74 74 70 73 3A 2F    vg-logo="https:/
00001e60: 2F 74 76 70 6E 6C 6F 67 6F 70 75 73 2E 73 61 6D    /tvpnlogopus.sam
00001e70: 73 75 6E 67 63 6C 6F 75 64 2E 74 76 2F 70 6C 61    sungcloud.tv/pla
00001e80: 74 66 6F 72 6D 2F 69 6D 61 67 65 2F 73 6F 75 72    tform/image/sour
00001e90: 63 65 6C 6F 67 6F 2F 76 63 2F 30 30 2F 30 32 2F    celogo/vc/00/02/
00001ea0: 33 34 2F 55 53 42 42 31 30 30 30 30 30 31 58 50    34/USBB1000001XP
00001eb0: 5F 32 30 32 35 30 34 32 38 54 32 32 33 34 30 37    _20250428T223407
00001ec0: 53 51 55 41 52 45 2E 70 6E 67 22 20 67 72 6F 75    SQUARE.png" grou
00001ed0: 70 2D 74 69 74 6C 65 3D 22 53 70 6F 72 74 73 20    p-title="Sports 
00001ee0: 26 20 4F 75 74 64 6F 6F 72 73 22 2C 54 4E 41 20    & Outdoors",TNA 
00001ef0: 57 72 65 73 74 6C 69 6E 67 0A 68 74 74 70 73 3A    Wrestling.https:
00001f00: 2F 2F 6A 6D 70 32 2E 75 6B 2F 73 74 76 70 2D 55    //jmp2.uk/stvp-U
00001f10: 53 42 42 31 30 30 30 30 30 31 58 50 0A 23 45 58    SBB1000001XP.#EX
00001f20: 54 49 4E 46 3A 2D 31 20 63 68 61 6E 6E 65 6C 2D    TINF:-1 channel-
00001f30: 69 64 3D 22 55 53 42 42 33 32 30 30 30 32 35 31    id="USBB32000251
00001f40: 4E 22 20 74 76 67 2D 69 64 3D 22 55 53 42 42 33    N" tvg-id="USBB3
00001f50: 32 30 30 30 32 35 31 4E 22 20 74 76 67 2D 63 68    2000251N" tvg-ch
00001f60: 6E 6F 3D 22 32 39 31 34 22 20 74 76 67 2D 6E 61    no="2914" tvg-na
00001f70: 6D 65 3D 22 54 4F 44 41 59 20 41 6C 6C 20 44 61    me="TODAY All Da
00001f80: 79 22 20 74 76 67 2D 6C 6F 67 6F 3D 22 68 74 74    y" tvg-logo="htt
00001f90: 70 73 3A 2F 2F 74 76 70 6E 6C 6F 67 6F 70 75 73    ps://tvpnlogopus
00001fa0: 2E 73 61 6D 73 75 6E 67 63 6C 6F 75 64 2E 74 76    .samsungcloud.tv
00001fb0: 2F 70 6C 61 74 66 6F 72 6D 2F 69 6D 61 67 65 2F    /platform/image/
00001fc0: 73 6F 75 72 63 65 6C 6F 67 6F 2F 76 63 2F 30 30    sourcelogo/vc/00
00001fd0: 2F 30 32 2F 33 34 2F 55 53 42 42 33 32 30 30 30    /02/34/USBB32000
00001fe0: 32 35 31 4E 5F 32 30 32 34 30 39 32 34 54 32 32    251N_20240924T22
00001ff0: 35 30 32 31 53 51 55 41 52 45 2E 70 6E 67 22 20    5021SQUARE.png" 
00002000: 67 72 6F 75 70 2D 74 69 74 6C 65 3D 22 4C 69 66    group-title="Lif
00002010: 65 73 74 79 6C 65 20 26 20 50 6F 70 20 43 75 6C    estyle & Pop Cul
00002020: 74 75 72 65 22 2C 54 4F 44 41 59 20 41 6C 6C 20    ture",TODAY All 
00002030: 44 61 79 0A 68 74 74 70 73 3A 2F 2F 6A 6D 70 32    Day.https://jmp2
00002040: 2E 75 6B 2F 73 74 76 70 2D 55 53 42 42 33 32 30    .uk/stvp-USBB320
00002050: 30 30 32 35 31 4E 0A 23 45 58 54 49 4E 46 3A 2D    00251N.#EXTINF:-
00002060: 31 20 63 68 61 6E 6E 65 6C 2D 69 64 3D 22 55 53    1 channel-id="US
00002070: 33 37 30 30 30 31 31 32 34 22 20 74 76 67 2D 69    370001124" tvg-i
00002080: 64 3D 22 55 53 33 37 30 30 30 31 31 32 34 22 20    d="US370001124" 
00002090: 74 76 67 2D 63 68 6E 6F 3D 22 32 39 34 30 22 20    tvg-chno="2940" 
000020a0: 74 76 67 2D 6E 61 6D 65 3D 22 54 6F 6E 79 20 52    tvg-name="Tony R
000020b0: 6F 62 62 69 6E 73 22 20 74 76 67 2D 6C 6F 67 6F    obbins" tvg-logo
000020c0: 3D 22 68 74 74 70 73 3A 2F 2F 74 76 70 6E 6C 6F    ="https://tvpnlo
000020d0: 67 6F 70 75 73 2E 73 61 6D 73 75 6E 67 63 6C 6F    gopus.samsungclo
000020e0: 75 64 2E 74 76 2F 70 6C 61 74 66 6F 72 6D 2F 69    ud.tv/platform/i
000020f0: 6D 61 67 65 2F 73 6F 75 72 63 65 6C 6F 67 6F 2F    mage/sourcelogo/
00002100: 76 63 2F 30 30 2F 30 32 2F 33 34 2F 55 53 33 37    vc/00/02/34/US37
00002110: 30 30 30 31 31 32 34 5F 32 30 32 35 31 31 31 30    0001124_20251110
00002120: 54 32 33 35 31 33 34 53 51 55 41 52 45 2E 70 6E    T235134SQUARE.pn
00002130: 67 22 20 67 72 6F 75 70 2D 74 69 74 6C 65 3D 22    g" group-title="
00002140: 4C 69 66 65 73 74 79 6C 65 20 26 20 50 6F 70 20    Lifestyle & Pop 
00002150: 43 75 6C 74 75 72 65 22 2C 54 6F 6E 79 20 52 6F    Culture",Tony Ro
00002160: 62 62 69 6E 73 0A 68 74 74 70 73 3A 2F 2F 6A 6D    bbins.https://jm
00002170: 70 32 2E 75 6B 2F 73 74 76 70 2D 55 53 33 37 30    p2.uk/stvp-US370
00002180: 30 30 31 31 32 34 0A 23 45 58 54 49 4E 46 3A 2D    001124.#EXTINF:-
00002190: 31 20 63 68 61 6E 6E 65 6C 2D 69 64 3D 22 55 53    1 channel-id="US
000021a0: 42 42 31 39 30 30 30 30 34 4A 39 22 20 74 76 67    BB1900004J9" tvg
000021b0: 2D 69 64 3D 22 55 53 42 42 31 39 30 30 30 30 34    -id="USBB1900004
000021c0: 4A 39 22 20 74 76 67 2D 63 68 6E 6F 3D 22 33 37    J9" tvg-chno="37
000021d0: 30 35 22 20 74 76 67 2D 6E 61 6D 65 3D 22 54 6F    05" tvg-name="To
000021e0: 6F 6E 20 47 6F 67 67 6C 65 73 22 20 74 76 67 2D    on Goggles" tvg-
000021f0: 6C 6F 67 6F 3D 22 68 74 74 70 73 3A 2F 2F 74 76    logo="https://tv
00002200: 70 6E 6C 6F 67 6F 70 75 73 2E 73 61 6D 73 75 6E    pnlogopus.samsun
00002210: 67 63 6C 6F 75 64 2E 74 76 2F 70 6C 61 74 66 6F    gcloud.tv/platfo
00002220: 72 6D 2F 69 6D 61 67 65 2F 73 6F 75 72 63 65 6C    rm/image/sourcel
00002230: 6F 67 6F 2F 76 63 2F 30 30 2F 30 32 2F 33 34 2F    ogo/vc/00/02/34/
00002240: 55 53 42 42 31 39 30 30 30 30 34 4A 39 5F 32 30    USBB1900004J9_20
00002250: 32 34 30 35 32 30 54 32 31 34 37 31 35 53 51 55    240520T214715SQU
00002260: 41 52 45 2E 70 6E 67 22 20 67 72 6F 75 70 2D 74    ARE.png" group-t
00002270: 69 74 6C 65 3D 22 4B 69 64 73 22 2C 54 6F 6F 6E    itle="Kids",Toon
00002280: 20 47 6F 67 67 6C 65 73 0A 68 74 74 70 73 3A 2F     Goggles.https:/
00002290: 2F 6A 6D 70 32 2E 75 6B 2F 73 74 76 70 2D 55 53    /jmp2.uk/stvp-US
000022a0: 42 42 31 39 30 30 30 30 34 4A 39 0A 23 45 58 54    BB1900004J9.#EXT
000022b0: 49 4E 46 3A 2D 31 20 63 68 61 6E 6E 65 6C 2D 69    INF:-1 channel-i
000022c0: 64 3D 22 55 53 42 43 32 34 30 30 30 32 37 4E 47    d="USBC2400027NG
000022d0: 22 20 74 76 67 2D 69 64 3D 22 55 53 42 43 32 34    " tvg-id="USBC24
000022e0: 30 30 30 32 37 4E 47 22 20 74 76 67 2D 63 68 6E    00027NG" tvg-chn
000022f0: 6F 3D 22 32 35 31 35 22 20 74 76 67 2D 6E 61 6D    o="2515" tvg-nam
00002300: 65 3D 22 54 6F 70 20 47 65 61 72 22 20 74 76 67    e="Top Gear" tvg
00002310: 2D 6C 6F 67 6F 3D 22 68 74 74 70 73 3A 2F 2F 74    -logo="https://t
00002320: 76 70 6E 6C 6F 67 6F 70 75 73 2E 73 61 6D 73 75    vpnlogopus.samsu
00002330: 6E 67 63 6C 6F 75 64 2E 74 76 2F 70 6C 61 74 66    ngcloud.tv/platf
00002340: 6F 72 6D 2F 69 6D 61 67 65 2F 73 6F 75 72 63 65    orm/image/source
00002350: 6C 6F 67 6F 2F 76 63 2F 30 30 2F 30 32 2F 33 34    logo/vc/00/02/34
00002360: 2F 55 53 42 43 32 34 30 30 30 32 37 4E 47 5F 32    /USBC2400027NG_2
00002370: 30 32 35 30 37 32 32 54 30 35 34 34 33 34 53 51    0250722T054434SQ
00002380: 55 41 52 45 2E 70 6E 67 22 20 67 72 6F 75 70 2D    UARE.png" group-
00002390: 74 69 74 6C 65 3D 22 4D 6F 74 6F 72 20 53 70 6F    title="Motor Spo
000023a0: 72 74 73 22 2C 54 6F 70 20 47 65 61 72 0A 68 74    rts",Top Gear.ht
000023b0: 74 70 73 3A 2F 2F 6A 6D 70 32 2E 75 6B 2F 73 74    tps://jmp2.uk/st
000023c0: 76 70 2D 55 53 42 43 32 34 30 30 30 32 37 4E 47    vp-USBC2400027NG
000023d0: 0A 23 45 58 54 49 4E 46 3A 2D 31 20 63 68 61 6E    .#EXTINF:-1 chan
000023e0: 6E 65 6C 2D 69 64 3D 22 55 53 42 42 35 32 30 30    nel-id="USBB5200
000023f0: 30 32 37 5A 35 22 20 74 76 67 2D 69 64 3D 22 55    027Z5" tvg-id="U
00002400: 53 42 42 35 32 30 30 30 32 37 5A 35 22 20 74 76    SBB5200027Z5" tv
00002410: 67 2D 63 68 6E 6F 3D 22 32 35 32 30 22 20 74 76    g-chno="2520" tv
00002420: 67 2D 6E 61 6D 65 3D 22 54 6F 72 71 75 65 22 20    g-name="Torque" 
00002430: 74 76 67 2D 6C 6F 67 6F 3D 22 68 74 74 70 73 3A    tvg-logo="https:
00002440: 2F 2F 74 76 70 6E 6C 6F 67 6F 70 75 73 2E 73 61    //tvpnlogopus.sa
00002450: 6D 73 75 6E 67 63 6C 6F 75 64 2E 74 76 2F 70 6C    msungcloud.tv/pl
00002460: 61 74 66 6F 72 6D 2F 69 6D 61 67 65 2F 73 6F 75    atform/image/sou
00002470: 72 63 65 6C 6F 67 6F 2F 76 63 2F 30 30 2F 30 32    rcelogo/vc/00/02
00002480: 2F 33 34 2F 55 53 42 42 35 32 30 30 30 32 37 5A    /34/USBB5200027Z
00002490: 35 5F 32 30 32 35 30 33 32 35 54 30 31 35 33 32    5_20250325T01532
000024a0: 36 53 51 55 41 52 45 2E 70 6E 67 22 20 67 72 6F    6SQUARE.png" gro
000024b0: 75 70 2D 74 69 74 6C 65 3D 22 4D 6F 74 6F 72 20    up-title="Motor 
000024c0: 53 70 6F 72 74 73 22 2C 54 6F 72 71 75 65 0A 68    Sports",Torque.h
000024d0: 74 74 70 73 3A 2F 2F 6A 6D 70 32 2E 75 6B 2F 73    ttps://jmp2.uk/s
000024e0: 74 76 70 2D 55 53 42 42 35 32 30 30 30 32 37 5A    tvp-USBB5200027Z
000024f0: 35 0A 23 45 58 54 49 4E 46 3A 2D 31 20 63 68 61    5.#EXTINF:-1 cha
00002500: 6E 6E 65 6C 2D 69 64 3D 22 55 53 32 39 30 30 30    nnel-id="US29000
00002510: 31 36 38 44 22 20 74 76 67 2D 69 64 3D 22 55 53    168D" tvg-id="US
00002520: 32 39 30 30 30 31 36 38 44 22 20 74 76 67 2D 63    29000168D" tvg-c
00002530: 68 6E 6F 3D 22 33 36 38 35 22 20 74 76 67 2D 6E    hno="3685" tvg-n
00002540: 61 6D 65 3D 22 54 72 61 6E 73 66 6F 72 6D 65 72    ame="Transformer
00002550: 73 22 20 74 76 67 2D 6C 6F 67 6F 3D 22 68 74 74    s" tvg-logo="htt
00002560: 70 73 3A 2F 2F 74 76 70 6E 6C 6F 67 6F 70 75 73    ps://tvpnlogopus
00002570: 2E 73 61 6D 73 75 6E 67 63 6C 6F 75 64 2E 74 76    .samsungcloud.tv
00002580: 2F 70 6C 61 74 66 6F 72 6D 2F 69 6D 61 67 65 2F    /platform/image/
00002590: 73 6F 75 72 63 65 6C 6F 67 6F 2F 76 63 2F 30 30    sourcelogo/vc/00
000025a0: 2F 30 32 2F 33 34 2F 55 53 32 39 30 30 30 31 36    /02/34/US2900016
000025b0: 38 44 5F 32 30 32 34 31 31 30 31 54 32 31 32 37    8D_20241101T2127
000025c0: 30 38 53 51 55 41 52 45 2E 70 6E 67 22 20 67 72    08SQUARE.png" gr
000025d0: 6F 75 70 2D 74 69 74 6C 65 3D 22 4B 69 64 73 22    oup-title="Kids"
000025e0: 2C 54 72 61 6E 73 66 6F 72 6D 65 72 73 0A 68 74    ,Transformers.ht
000025f0: 74 70 73 3A 2F 2F 6A 6D 70 32 2E 75 6B 2F 73 74    tps://jmp2.uk/st
00002600: 76 70 2D 55 53 32 39 30 30 30 31 36 38 44 0A 23    vp-US29000168D.#
00002610: 45 58 54 49 4E 46 3A 2D 31 20 63 68 61 6E 6E 65    EXTINF:-1 channe
00002620: 6C 2D 69 64 3D 22 55 53 33 37 30 30 30 30 33 36    l-id="US37000036
00002630: 50 22 20 74 76 67 2D 69 64 3D 22 55 53 33 37 30    P" tvg-id="US370
00002640: 30 30 30 33 36 50 22 20 74 76 67 2D 63 68 6E 6F    00036P" tvg-chno
00002650: 3D 22 31 38 37 35 22 20 74 76 67 2D 6E 61 6D 65    ="1875" tvg-name
00002660: 3D 22 54 72 75 42 6C 75 22 20 74 76 67 2D 6C 6F    ="TruBlu" tvg-lo
00002670: 67 6F 3D 22 68 74 74 70 73 3A 2F 2F 74 76 70 6E    go="https://tvpn
00002680: 6C 6F 67 6F 70 75 73 2E 73 61 6D 73 75 6E 67 63    logopus.samsungc
00002690: 6C 6F 75 64 2E 74 76 2F 70 6C 61 74 66 6F 72 6D    loud.tv/platform
000026a0: 2F 69 6D 61 67 65 2F 73 6F 75 72 63 65 6C 6F 67    /image/sourcelog
000026b0: 6F 2F 76 63 2F 30 30 2F 30 32 2F 33 34 2F 55 53    o/vc/00/02/34/US
000026c0: 33 37 30 30 30 30 33 36 50 5F 32 30 32 35 30 34    37000036P_202504
000026d0: 30 31 54 30 30 34 39 31 33 53 51 55 41 52 45 2E    01T004913SQUARE.
000026e0: 70 6E 67 22 20 67 72 6F 75 70 2D 74 69 74 6C 65    png" group-title
000026f0: 3D 22 43 72 69 6D 65 22 2C 54 72 75 42 6C 75 0A    ="Crime",TruBlu.
00002700: 68 74 74 70 73 3A 2F 2F 6A 6D 70 32 2E 75 6B 2F    https://jmp2.uk/
00002710: 73 74 76 70 2D 55 53 33 37 30 30 30 30 33 36 50    stvp-US37000036P
00002720: 0A 23 45 58 54 49 4E 46 3A 2D 31 20 63 68 61 6E    .#EXTINF:-1 chan
00002730: 6E 65 6C 2D 69 64 3D 22 55 53 42 42 33 35 30 30    nel-id="USBB3500
00002740: 30 30 32 46 4C 22 20 74 76 67 2D 69 64 3D 22 55    002FL" tvg-id="U
00002750: 53 42 42 33 35 30 30 30 30 32 46 4C 22 20 74 76    SBB3500002FL" tv
00002760: 67 2D 63 68 6E 6F 3D 22 31 35 39 35 22 20 74 76    g-chno="1595" tv
00002770: 67 2D 6E 61 6D 65 3D 22 54 56 20 4C 61 6E 64 20    g-name="TV Land 
00002780: 44 72 61 6D 61 22 20 74 76 67 2D 6C 6F 67 6F 3D    Drama" tvg-logo=
00002790: 22 68 74 74 70 73 3A 2F 2F 74 76 70 6E 6C 6F 67    "https://tvpnlog
000027a0: 6F 70 75 73 2E 73 61 6D 73 75 6E 67 63 6C 6F 75    opus.samsungclou
000027b0: 64 2E 74 76 2F 70 6C 61 74 66 6F 72 6D 2F 69 6D    d.tv/platform/im
000027c0: 61 67 65 2F 73 6F 75 72 63 65 6C 6F 67 6F 2F 76    age/sourcelogo/v
000027d0: 63 2F 30 30 2F 30 32 2F 33 34 2F 55 53 42 42 33    c/00/02/34/USBB3
000027e0: 35 30 30 30 30 32 46 4C 5F 32 30 32 34 31 31 31    500002FL_2024111
000027f0: 32 54 30 30 30 37 34 35 53 51 55 41 52 45 2E 70    2T000745SQUARE.p
00002800: 6E 67 22 20 67 72 6F 75 70 2D 74 69 74 6C 65 3D    ng" group-title=
00002810: 22 41 63 74 69 6F 6E 20 26 20 44 72 61 6D 61 22    "Action & Drama"
00002820: 2C 54 56 20 4C 61 6E 64 20 44 72 61 6D 61 0A 68    ,TV Land Drama.h
00002830: 74 74 70 73 3A 2F 2F 6A 6D 70 32 2E 75 6B 2F 73    ttps://jmp2.uk/s
00002840: 74 76 70 2D 55 53 42 42 33 35 30 30 30 30 32 46    tvp-USBB3500002F
00002850: 4C 0A 23 45 58 54 49 4E 46 3A 2D 31 20 63 68 61    L.#EXTINF:-1 cha
00002860: 6E 6E 65 6C 2D 69 64 3D 22 55 53 42 41 33 30 30    nnel-id="USBA300
00002870: 30 31 39 57 46 22 20 74 76 67 2D 69 64 3D 22 55    019WF" tvg-id="U
00002880: 53 42 41 33 30 30 30 31 39 57 46 22 20 74 76 67    SBA300019WF" tvg
00002890: 2D 63 68 6E 6F 3D 22 32 36 37 30 22 20 74 76 67    -chno="2670" tvg
000028a0: 2D 6E 61 6D 65 3D 22 54 56 20 4C 61 6E 64 20 53    -name="TV Land S
000028b0: 69 74 63 6F 6D 73 22 20 74 76 67 2D 6C 6F 67 6F    itcoms" tvg-logo
000028c0: 3D 22 68 74 74 70 73 3A 2F 2F 74 76 70 6E 6C 6F    ="https://tvpnlo
000028d0: 67 6F 70 75 73 2E 73 61 6D 73 75 6E 67 63 6C 6F    gopus.samsungclo
000028e0: 75 64 2E 74 76 2F 70 6C 61 74 66 6F 72 6D 2F 69    ud.tv/platform/i
000028f0: 6D 61 67 65 2F 73 6F 75 72 63 65 6C 6F 67 6F 2F    mage/sourcelogo/
00002900: 76 63 2F 30 30 2F 30 32 2F 33 34 2F 55 53 42 41    vc/00/02/34/USBA
00002910: 33 30 30 30 31 39 57 46 5F 32 30 32 34 31 31 31    300019WF_2024111
00002920: 32 54 30 30 30 37 34 38 53 51 55 41 52 45 2E 70    2T000748SQUARE.p
00002930: 6E 67 22 20 67 72 6F 75 70 2D 74 69 74 6C 65 3D    ng" group-title=
00002940: 22 43 6F 6D 65 64 79 22 2C 54 56 20 4C 61 6E 64    "Comedy",TV Land
00002950: 20 53 69 74 63 6F 6D 73 0A 68 74 74 70 73 3A 2F     Sitcoms.https:/
00002960: 2F 6A 6D 70 32 2E 75 6B 2F 73 74 76 70 2D 55 53    /jmp2.uk/stvp-US
00002970: 42 41 33 30 30 30 31 39 57 46 0A 23 45 58 54 49    BA300019WF.#EXTI
00002980: 4E 46 3A 2D 31 20 63 68 61 6E 6E 65 6C 2D 69 64    NF:-1 channel-id
00002990: 3D 22 55 53 42 41 33 30 30 30 32 31 34 32 22 20    ="USBA30002142" 
000029a0: 74 76 67 2D 69 64 3D 22 55 53 42 41 33 30 30 30    tvg-id="USBA3000
000029b0: 32 31 34 32 22 20 74 76 67 2D 63 68 6E 6F 3D 22    2142" tvg-chno="
000029c0: 31 31 38 35 22 20 74 76 67 2D 6E 61 6D 65 3D 22    1185" tvg-name="
000029d0: 54 59 54 20 4E 65 74 77 6F 72 6B 22 20 74 76 67    TYT Network" tvg
000029e0: 2D 6C 6F 67 6F 3D 22 68 74 74 70 73 3A 2F 2F 74    -logo="https://t
000029f0: 76 70 6E 6C 6F 67 6F 70 75 73 2E 73 61 6D 73 75    vpnlogopus.samsu
00002a00: 6E 67 63 6C 6F 75 64 2E 74 76 2F 70 6C 61 74 66    ngcloud.tv/platf
00002a10: 6F 72 6D 2F 69 6D 61 67 65 2F 73 6F 75 72 63 65    orm/image/source
00002a20: 6C 6F 67 6F 2F 76 63 2F 30 30 2F 30 32 2F 33 34    logo/vc/00/02/34
00002a30: 2F 55 53 42 41 33 30 30 30 32 31 34 32 5F 32 30    /USBA30002142_20
00002a40: 32 35 30 33 32 35 54 30 32 30 32 35 32 53 51 55    250325T020252SQU
00002a50: 41 52 45 2E 70 6E 67 22 20 67 72 6F 75 70 2D 74    ARE.png" group-t
00002a60: 69 74 6C 65 3D 22 4E 65 77 73 20 26 20 4F 70 69    itle="News & Opi
00002a70: 6E 69 6F 6E 22 2C 54 59 54 20 4E 65 74 77 6F 72    nion",TYT Networ
00002a80: 6B 0A 68 74 74 70 73 3A 2F 2F 6A 6D 70 32 2E 75    k.https://jmp2.u
00002a90: 6B 2F 73 74 76 70 2D 55 53 42 41 33 30 30 30 32    k/stvp-USBA30002
00002aa0: 31 34 32 0A 23 45 58 54 49 4E 46 3A 2D 31 20 63    142.#EXTINF:-1 c
00002ab0: 68 61 6E 6E 65 6C 2D 69 64 3D 22 55 53 32 39 30    hannel-id="US290
00002ac0: 30 30 31 37 50 32 22 20 74 76 67 2D 69 64 3D 22    0017P2" tvg-id="
00002ad0: 55 53 32 39 30 30 30 31 37 50 32 22 20 74 76 67    US2900017P2" tvg
00002ae0: 2D 63 68 6E 6F 3D 22 32 33 35 30 22 20 74 76 67    -chno="2350" tvg
00002af0: 2D 6E 61 6D 65 3D 22 55 46 43 22 20 74 76 67 2D    -name="UFC" tvg-
00002b00: 6C 6F 67 6F 3D 22 68 74 74 70 73 3A 2F 2F 74 76    logo="https://tv
00002b10: 70 6E 6C 6F 67 6F 70 75 73 2E 73 61 6D 73 75 6E    pnlogopus.samsun
00002b20: 67 63 6C 6F 75 64 2E 74 76 2F 70 6C 61 74 66 6F    gcloud.tv/platfo
00002b30: 72 6D 2F 69 6D 61 67 65 2F 73 6F 75 72 63 65 6C    rm/image/sourcel
00002b40: 6F 67 6F 2F 76 63 2F 30 30 2F 30 32 2F 33 34 2F    ogo/vc/00/02/34/
00002b50: 55 53 32 39 30 30 30 31 37 50 32 5F 32 30 32 34    US2900017P2_2024
00002b60: 31 31 32 35 54 32 33 35 30 31 35 53 51 55 41 52    1125T235015SQUAR
00002b70: 45 2E 70 6E 67 22 20 67 72 6F 75 70 2D 74 69 74    E.png" group-tit
00002b80: 6C 65 3D 22 53 70 6F 72 74 73 20 26 20 4F 75 74    le="Sports & Out
00002b90: 64 6F 6F 72 73 22 2C 55 46 43 0A 68 74 74 70 73    doors",UFC.https
00002ba0: 3A 2F 2F 6A 6D 70 32 2E 75 6B 2F 73 74 76 70 2D    ://jmp2.uk/stvp-
00002bb0: 55 53 32 39 30 30 30 31 37 50 32 0A 23 45 58 54    US2900017P2.#EXT
00002bc0: 49 4E 46 3A 2D 31 20 63 68 61 6E 6E 65 6C 2D 69    INF:-1 channel-i
00002bd0: 64 3D 22 55 53 31 34 30 30 30 30 38 44 57 22 20    d="US1400008DW" 
00002be0: 74 76 67 2D 69 64 3D 22 55 53 31 34 30 30 30 30    tvg-id="US140000
00002bf0: 38 44 57 22 20 74 76 67 2D 63 68 6E 6F 3D 22 32    8DW" tvg-chno="2
00002c00: 33 38 38 22 20 74 76 67 2D 6E 61 6D 65 3D 22 55    388" tvg-name="U
00002c10: 6E 62 65 61 74 65 6E 20 53 70 6F 72 74 73 20 43    nbeaten Sports C
00002c20: 68 61 6E 6E 65 6C 22 20 74 76 67 2D 6C 6F 67 6F    hannel" tvg-logo
00002c30: 3D 22 68 74 74 70 73 3A 2F 2F 74 76 70 6E 6C 6F    ="https://tvpnlo
00002c40: 67 6F 70 75 73 2E 73 61 6D 73 75 6E 67 63 6C 6F    gopus.samsungclo
00002c50: 75 64 2E 74 76 2F 70 6C 61 74 66 6F 72 6D 2F 69    ud.tv/platform/i
00002c60: 6D 61 67 65 2F 73 6F 75 72 63 65 6C 6F 67 6F 2F    mage/sourcelogo/
00002c70: 76 63 2F 30 30 2F 30 32 2F 33 34 2F 55 53 31 34    vc/00/02/34/US14
00002c80: 30 30 30 30 38 44 57 5F 32 30 32 34 30 39 31 30    00008DW_20240910
00002c90: 54 30 30 33 38 31 32 53 51 55 41 52 45 2E 70 6E    T003812SQUARE.pn
00002ca0: 67 22 20 67 72 6F 75 70 2D 74 69 74 6C 65 3D 22    g" group-title="
00002cb0: 53 70 6F 72 74 73 20 26 20 4F 75 74 64 6F 6F 72    Sports & Outdoor
00002cc0: 73 22 2C 55 6E 62 65 61 74 65 6E 20 53 70 6F 72    s",Unbeaten Spor
00002cd0: 74 73 20 43 68 61 6E 6E 65 6C 0A 68 74 74 70 73    ts Channel.https
00002ce0: 3A 2F 2F 6A 6D 70 32 2E 75 6B 2F 73 74 76 70 2D    ://jmp2.uk/stvp-
00002cf0: 55 53 31 34 30 30 30 30 38 44 57 0A 23 45 58 54    US1400008DW.#EXT
00002d00: 49 4E 46 3A 2D 31 20 63 68 61 6E 6E 65 6C 2D 69    INF:-1 channel-i
00002d10: 64 3D 22 55 53 42 42 31 30 30 30 30 30 34 37 57    d="USBB10000047W
00002d20: 22 20 74 76 67 2D 69 64 3D 22 55 53 42 42 31 30    " tvg-id="USBB10
00002d30: 30 30 30 30 34 37 57 22 20 74 76 67 2D 63 68 6E    000047W" tvg-chn
00002d40: 6F 3D 22 33 30 35 35 22 20 74 76 67 2D 6E 61 6D    o="3055" tvg-nam
00002d50: 65 3D 22 55 6E 69 64 65 6E 74 69 66 69 65 64 22    e="Unidentified"
00002d60: 20 74 76 67 2D 6C 6F 67 6F 3D 22 68 74 74 70 73     tvg-logo="https
00002d70: 3A 2F 2F 74 76 70 6E 6C 6F 67 6F 70 75 73 2E 73    ://tvpnlogopus.s
00002d80: 61 6D 73 75 6E 67 63 6C 6F 75 64 2E 74 76 2F 70    amsungcloud.tv/p
00002d90: 6C 61 74 66 6F 72 6D 2F 69 6D 61 67 65 2F 73 6F    latform/image/so
00002da0: 75 72 63 65 6C 6F 67 6F 2F 76 63 2F 30 30 2F 30    urcelogo/vc/00/0
00002db0: 32 2F 33 34 2F 55 53 42 42 31 30 30 30 30 30 34    2/34/USBB1000004
00002dc0: 37 57 5F 32 30 32 34 30 35 32 30 54 32 31 34 37    7W_20240520T2147
00002dd0: 31 39 53 51 55 41 52 45 2E 70 6E 67 22 20 67 72    19SQUARE.png" gr
00002de0: 6F 75 70 2D 74 69 74 6C 65 3D 22 53 63 69 2D 46    oup-title="Sci-F
00002df0: 69 20 26 20 48 6F 72 72 6F 72 22 2C 55 6E 69 64    i & Horror",Unid
00002e00: 65 6E 74 69 66 69 65 64 0A 68 74 74 70 73 3A 2F    entified.https:/
00002e10: 2F 6A 6D 70 32 2E 75 6B 2F 73 74 76 70 2D 55 53    /jmp2.uk/stvp-US
00002e20: 42 42 31 30 30 30 30 30 34 37 57 0A 23 45 58 54    BB10000047W.#EXT
00002e30: 49 4E 46 3A 2D 31 20 63 68 61 6E 6E 65 6C 2D 69    INF:-1 channel-i
00002e40: 64 3D 22 55 53 31 39 30 30 30 30 32 51 4B 22 20    d="US1900002QK" 
00002e50: 74 76 67 2D 69 64 3D 22 55 53 31 39 30 30 30 30    tvg-id="US190000
00002e60: 32 51 4B 22 20 74 76 67 2D 63 68 6E 6F 3D 22 33    2QK" tvg-chno="3
00002e70: 30 32 30 22 20 74 76 67 2D 6E 61 6D 65 3D 22 55    020" tvg-name="U
00002e80: 6E 69 76 65 72 73 61 6C 20 4D 6F 6E 73 74 65 72    niversal Monster
00002e90: 73 22 20 74 76 67 2D 6C 6F 67 6F 3D 22 68 74 74    s" tvg-logo="htt
00002ea0: 70 73 3A 2F 2F 74 76 70 6E 6C 6F 67 6F 70 75 73    ps://tvpnlogopus
00002eb0: 2E 73 61 6D 73 75 6E 67 63 6C 6F 75 64 2E 74 76    .samsungcloud.tv
00002ec0: 2F 70 6C 61 74 66 6F 72 6D 2F 69 6D 61 67 65 2F    /platform/image/
00002ed0: 73 6F 75 72 63 65 6C 6F 67 6F 2F 76 63 2F 30 30    sourcelogo/vc/00
00002ee0: 2F 30 32 2F 33 34 2F 55 53 31 39 30 30 30 30 32    /02/34/US1900002
00002ef0: 51 4B 5F 32 30 32 34 31 31 31 32 54 30 30 31 38    QK_20241112T0018
00002f00: 30 38 53 51 55 41 52 45 2E 70 6E 67 22 20 67 72    08SQUARE.png" gr
00002f10: 6F 75 70 2D 74 69 74 6C 65 3D 22 53 63 69 2D 46    oup-title="Sci-F
00002f20: 69 20 26 20 48 6F 72 72 6F 72 22 2C 55 6E 69 76    i & Horror",Univ
00002f30: 65 72 73 61 6C 20 4D 6F 6E 73 74 65 72 73 0A 68    ersal Monsters.h
00002f40: 74 74 70 73 3A 2F 2F 6A 6D 70 32 2E 75 6B 2F 73    ttps://jmp2.uk/s
00002f50: 74 76 70 2D 55 53 31 39 30 30 30 30 32 51 4B 0A    tvp-US1900002QK.
00002f60: 23 45 58 54 49 4E 46 3A 2D 31 20 63 68 61 6E 6E    #EXTINF:-1 chann
00002f70: 65 6C 2D 69 64 3D 22 55 53 42 42 33 32 30 30 30    el-id="USBB32000
00002f80: 33 30 43 47 22 20 74 76 67 2D 69 64 3D 22 55 53    30CG" tvg-id="US
00002f90: 42 42 33 32 30 30 30 33 30 43 47 22 20 74 76 67    BB3200030CG" tvg
00002fa0: 2D 63 68 6E 6F 3D 22 31 32 35 35 22 20 74 76 67    -chno="1255" tvg
00002fb0: 2D 6E 61 6D 65 3D 22 55 6E 69 76 65 72 73 61 6C    -name="Universal
00002fc0: 20 4D 6F 76 69 65 73 22 20 74 76 67 2D 6C 6F 67     Movies" tvg-log
00002fd0: 6F 3D 22 68 74 74 70 73 3A 2F 2F 74 76 70 6E 6C    o="https://tvpnl
00002fe0: 6F 67 6F 70 75 73 2E 73 61 6D 73 75 6E 67 63 6C    ogopus.samsungcl
00002ff0: 6F 75 64 2E 74 76 2F 70 6C 61 74 66 6F 72 6D 2F    oud.tv/platform/
00003000: 69 6D 61 67 65 2F 73 6F 75 72 63 65 6C 6F 67 6F    image/sourcelogo
00003010: 2F 76 63 2F 30 30 2F 30 32 2F 33 34 2F 55 53 42    /vc/00/02/34/USB
00003020: 42 33 32 30 30 30 33 30 43 47 5F 32 30 32 35 30    B3200030CG_20250
00003030: 33 31 38 54 30 32 31 30 31 36 53 51 55 41 52 45    318T021016SQUARE
00003040: 2E 70 6E 67 22 20 67 72 6F 75 70 2D 74 69 74 6C    .png" group-titl
00003050: 65 3D 22 4D 6F 76 69 65 73 22 2C 55 6E 69 76 65    e="Movies",Unive
00003060: 72 73 61 6C 20 4D 6F 76 69 65 73 0A 68 74 74 70    rsal Movies.http
00003070: 73 3A 2F 2F 6A 6D 70 32 2E 75 6B 2F 73 74 76 70    s://jmp2.uk/stvp
00003080: 2D 55 53 42 42 33 32 30 30 30 33 30 43 47 0A 23    -USBB3200030CG.#
00003090: 45 58 54 49 4E 46 3A 2D 31 20 63 68 61 6E 6E 65    EXTINF:-1 channe
000030a0: 6C 2D 69 64 3D 22 55 53 39 30 30 30 30 31 43 58    l-id="US900001CX
000030b0: 22 20 74 76 67 2D 69 64 3D 22 55 53 39 30 30 30    " tvg-id="US9000
000030c0: 30 31 43 58 22 20 74 76 67 2D 63 68 6E 6F 3D 22    01CX" tvg-chno="
000030d0: 33 35 34 30 22 20 74 76 67 2D 6E 61 6D 65 3D 22    3540" tvg-name="
000030e0: 55 6E 69 76 65 72 73 65 3A 20 4D 79 73 74 65 72    Universe: Myster
000030f0: 69 65 73 20 53 6F 6C 76 65 64 22 20 74 76 67 2D    ies Solved" tvg-
00003100: 6C 6F 67 6F 3D 22 68 74 74 70 73 3A 2F 2F 74 76    logo="https://tv
00003110: 70 6E 6C 6F 67 6F 70 75 73 2E 73 61 6D 73 75 6E    pnlogopus.samsun
00003120: 67 63 6C 6F 75 64 2E 74 76 2F 70 6C 61 74 66 6F    gcloud.tv/platfo
00003130: 72 6D 2F 69 6D 61 67 65 2F 73 6F 75 72 63 65 6C    rm/image/sourcel
00003140: 6F 67 6F 2F 76 63 2F 30 30 2F 30 32 2F 33 34 2F    ogo/vc/00/02/34/
00003150: 55 53 39 30 30 30 30 31 43 58 5F 32 30 32 35 31    US900001CX_20251
00003160: 31 32 35 54 30 33 30 38 32 30 53 51 55 41 52 45    125T030820SQUARE
00003170: 2E 70 6E 67 22 20 67 72 6F 75 70 2D 74 69 74 6C    .png" group-titl
00003180: 65 3D 22 4E 61 74 75 72 65 2C 20 48 69 73 74 6F    e="Nature, Histo
00003190: 72 79 20 26 20 53 63 69 65 6E 63 65 22 2C 55 6E    ry & Science",Un
000031a0: 69 76 65 72 73 65 3A 20 4D 79 73 74 65 72 69 65    iverse: Mysterie
000031b0: 73 20 53 6F 6C 76 65 64 0A 68 74 74 70 73 3A 2F    s Solved.https:/
000031c0: 2F 6A 6D 70 32 2E 75 6B 2F 73 74 76 70 2D 55 53    /jmp2.uk/stvp-US
000031d0: 39 30 30 30 30 31 43 58 0A 23 45 58 54 49 4E 46    900001CX.#EXTINF
000031e0: 3A 2D 31 20 63 68 61 6E 6E 65 6C 2D 69 64 3D 22    :-1 channel-id="
000031f0: 55 53 42 42 33 32 30 30 30 31 38 51 36 22 20 74    USBB3200018Q6" t
00003200: 76 67 2D 69 64 3D 22 55 53 42 42 33 32 30 30 30    vg-id="USBB32000
00003210: 31 38 51 36 22 20 74 76 67 2D 63 68 6E 6F 3D 22    18Q6" tvg-chno="
00003220: 31 38 36 35 22 20 74 76 67 2D 6E 61 6D 65 3D 22    1865" tvg-name="
00003230: 55 6E 73 6F 6C 76 65 64 20 4D 79 73 74 65 72 69    Unsolved Mysteri
00003240: 65 73 22 20 74 76 67 2D 6C 6F 67 6F 3D 22 68 74    es" tvg-logo="ht
00003250: 74 70 73 3A 2F 2F 74 76 70 6E 6C 6F 67 6F 70 75    tps://tvpnlogopu
00003260: 73 2E 73 61 6D 73 75 6E 67 63 6C 6F 75 64 2E 74    s.samsungcloud.t
00003270: 76 2F 70 6C 61 74 66 6F 72 6D 2F 69 6D 61 67 65    v/platform/image
00003280: 2F 73 6F 75 72 63 65 6C 6F 67 6F 2F 76 63 2F 30    /sourcelogo/vc/0
00003290: 30 2F 30 32 2F 33 34 2F 55 53 42 42 33 32 30 30    0/02/34/USBB3200
000032a0: 30 31 38 51 36 5F 32 30 32 35 30 32 31 31 54 30    018Q6_20250211T0
000032b0: 32 31 37 30 33 53 51 55 41 52 45 2E 70 6E 67 22    21703SQUARE.png"
000032c0: 20 67 72 6F 75 70 2D 74 69 74 6C 65 3D 22 43 72     group-title="Cr
000032d0: 69 6D 65 22 2C 55 6E 73 6F 6C 76 65 64 20 4D 79    ime",Unsolved My
000032e0: 73 74 65 72 69 65 73 0A 68 74 74 70 73 3A 2F 2F    steries.https://
000032f0: 6A 6D 70 32 2E 75 6B 2F 73 74 76 70 2D 55 53 42    jmp2.uk/stvp-USB
00003300: 42 33 32 30 30 30 31 38 51 36 0A 23 45 58 54 49    B3200018Q6.#EXTI
00003310: 4E 46 3A 2D 31 20 63 68 61 6E 6E 65 6C 2D 69 64    NF:-1 channel-id
00003320: 3D 22 55 53 42 42 31 35 30 30 30 30 31 47 44 22    ="USBB1500001GD"
00003330: 20 74 76 67 2D 69 64 3D 22 55 53 42 42 31 35 30     tvg-id="USBB150
00003340: 30 30 30 31 47 44 22 20 74 76 67 2D 63 68 6E 6F    0001GD" tvg-chno
00003350: 3D 22 32 39 32 32 22 20 74 76 67 2D 6E 61 6D 65    ="2922" tvg-name
00003360: 3D 22 55 53 41 20 54 6F 64 61 79 22 20 74 76 67    ="USA Today" tvg
00003370: 2D 6C 6F 67 6F 3D 22 68 74 74 70 73 3A 2F 2F 74    -logo="https://t
00003380: 76 70 6E 6C 6F 67 6F 70 75 73 2E 73 61 6D 73 75    vpnlogopus.samsu
00003390: 6E 67 63 6C 6F 75 64 2E 74 76 2F 70 6C 61 74 66    ngcloud.tv/platf
000033a0: 6F 72 6D 2F 69 6D 61 67 65 2F 73 6F 75 72 63 65    orm/image/source
000033b0: 6C 6F 67 6F 2F 76 63 2F 30 30 2F 30 32 2F 33 34    logo/vc/00/02/34
000033c0: 2F 55 53 42 42 31 35 30 30 30 30 31 47 44 5F 32    /USBB1500001GD_2
000033d0: 30 32 35 30 33 32 35 54 30 32 30 32 35 35 53 51    0250325T020255SQ
000033e0: 55 41 52 45 2E 70 6E 67 22 20 67 72 6F 75 70 2D    UARE.png" group-
000033f0: 74 69 74 6C 65 3D 22 4C 69 66 65 73 74 79 6C 65    title="Lifestyle
00003400: 20 26 20 50 6F 70 20 43 75 6C 74 75 72 65 22 2C     & Pop Culture",
00003410: 55 53 41 20 54 6F 64 61 79 0A 68 74 74 70 73 3A    USA Today.https:
00003420: 2F 2F 6A 6D 70 32 2E 75 6B 2F 73 74 76 70 2D 55    //jmp2.uk/stvp-U
00003430: 53 42 42 31 35 30 30 30 30 31 47 44 0A 23 45 58    SBB1500001GD.#EX
00003440: 54 49 4E 46 3A 2D 31 20 63 68 61 6E 6E 65 6C 2D    TINF:-1 channel-
00003450: 69 64 3D 22 55 53 42 44 33 30 30 30 31 31 4B 51    id="USBD300011KQ
00003460: 22 20 74 76 67 2D 69 64 3D 22 55 53 42 44 33 30    " tvg-id="USBD30
00003470: 30 30 31 31 4B 51 22 20 74 76 67 2D 63 68 6E 6F    0011KQ" tvg-chno
00003480: 3D 22 34 33 38 38 22 20 74 76 67 2D 6E 61 6D 65    ="4388" tvg-name
00003490: 3D 22 56 65 76 6F 20 27 37 30 73 22 20 74 76 67    ="Vevo '70s" tvg
000034a0: 2D 6C 6F 67 6F 3D 22 68 74 74 70 73 3A 2F 2F 74    -logo="https://t
000034b0: 76 70 6E 6C 6F 67 6F 70 75 73 2E 73 61 6D 73 75    vpnlogopus.samsu
000034c0: 6E 67 63 6C 6F 75 64 2E 74 76 2F 70 6C 61 74 66    ngcloud.tv/platf
000034d0: 6F 72 6D 2F 69 6D 61 67 65 2F 73 6F 75 72 63 65    orm/image/source
000034e0: 6C 6F 67 6F 2F 76 63 2F 30 30 2F 30 32 2F 33 34    logo/vc/00/02/34
000034f0: 2F 55 53 42 44 33 30 30 30 31 31 4B 51 5F 32 30    /USBD300011KQ_20
00003500: 32 35 31 30 31 33 54 32 33 35 37 33 30 53 51 55    251013T235730SQU
00003510: 41 52 45 2E 70 6E 67 22 20 67 72 6F 75 70 2D 74    ARE.png" group-t
00003520: 69 74 6C 65 3D 22 4D 75 73 69 63 22 2C 56 65 76    itle="Music",Vev
00003530: 6F 20 27 37 30 73 0A 68 74 74 70 73 3A 2F 2F 6A    o '70s.https://j
00003540: 6D 70 32 2E 75 6B 2F 73 74 76 70 2D 55 53 42 44    mp2.uk/stvp-USBD
00003550: 33 30 30 30 31 31 4B 51 0A 23 45 58 54 49 4E 46    300011KQ.#EXTINF
00003560: 3A 2D 31 20 63 68 61 6E 6E 65 6C 2D 69 64 3D 22    :-1 channel-id="
00003570: 55 53 42 44 33 30 30 30 31 32 59 43 22 20 74 76    USBD300012YC" tv
00003580: 67 2D 69 64 3D 22 55 53 42 44 33 30 30 30 31 32    g-id="USBD300012
00003590: 59 43 22 20 74 76 67 2D 63 68 6E 6F 3D 22 34 33    YC" tvg-chno="43
000035a0: 39 31 22 20 74 76 67 2D 6E 61 6D 65 3D 22 56 65    91" tvg-name="Ve
000035b0: 76 6F 20 27 38 30 73 22 20 74 76 67 2D 6C 6F 67    vo '80s" tvg-log
000035c0: 6F 3D 22 68 74 74 70 73 3A 2F 2F 74 76 70 6E 6C    o="https://tvpnl
000035d0: 6F 67 6F 70 75 73 2E 73 61 6D 73 75 6E 67 63 6C    ogopus.samsungcl
000035e0: 6F 75 64 2E 74 76 2F 70 6C 61 74 66 6F 72 6D 2F    oud.tv/platform/
000035f0: 69 6D 61 67 65 2F 73 6F 75 72 63 65 6C 6F 67 6F    image/sourcelogo
00003600: 2F 76 63 2F 30 30 2F 30 32 2F 33 34 2F 55 53 42    /vc/00/02/34/USB
00003610: 44 33 30 30 30 31 32 59 43 5F 32 30 32 35 31 30    D300012YC_202510
00003620: 31 33 54 32 33 35 37 33 32 53 51 55 41 52 45 2E    13T235732SQUARE.
00003630: 70 6E 67 22 20 67 72 6F 75 70 2D 74 69 74 6C 65    png" group-title
00003640: 3D 22 4D 75 73 69 63 22 2C 56 65 76 6F 20 27 38    ="Music",Vevo '8
00003650: 30 73 0A 68 74 74 70 73 3A 2F 2F 6A 6D 70 32 2E    0s.https://jmp2.
00003660: 75 6B 2F 73 74 76 70 2D 55 53 42 44 33 30 30 30    uk/stvp-USBD3000
00003670: 31 32 59 43 0A 23 45 58 54 49 4E 46 3A 2D 31 20    12YC.#EXTINF:-1 
00003680: 63 68 61 6E 6E 65 6C 2D 69 64 3D 22 55 53 42 44    channel-id="USBD
00003690: 33 30 30 30 31 33 33 4D 22 20 74 76 67 2D 69 64    3000133M" tvg-id
000036a0: 3D 22 55 53 42 44 33 30 30 30 31 33 33 4D 22 20    ="USBD3000133M" 
000036b0: 74 76 67 2D 63 68 6E 6F 3D 22 34 33 39 34 22 20    tvg-chno="4394" 
000036c0: 74 76 67 2D 6E 61 6D 65 3D 22 56 65 76 6F 20 27    tvg-name="Vevo '
000036d0: 39 30 73 22 20 74 76 67 2D 6C 6F 67 6F 3D 22 68    90s" tvg-logo="h
000036e0: 74 74 70 73 3A 2F 2F 74 76 70 6E 6C 6F 67 6F 70    ttps://tvpnlogop
000036f0: 75 73 2E 73 61 6D 73 75 6E 67 63 6C 6F 75 64 2E    us.samsungcloud.
00003700: 74 76 2F 70 6C 61 74 66 6F 72 6D 2F 69 6D 61 67    tv/platform/imag
00003710: 65 2F 73 6F 75 72 63 65 6C 6F 67 6F 2F 76 63 2F    e/sourcelogo/vc/
00003720: 30 30 2F 30 32 2F 33 34 2F 55 53 42 44 33 30 30    00/02/34/USBD300
00003730: 30 31 33 33 4D 5F 32 30 32 35 31 30 31 33 54 32    0133M_20251013T2
00003740: 33 35 37 33 35 53 51 55 41 52 45 2E 70 6E 67 22    35735SQUARE.png"
00003750: 20 67 72 6F 75 70 2D 74 69 74 6C 65 3D 22 4D 75     group-title="Mu
00003760: 73 69 63 22 2C 56 65 76 6F 20 27 39 30 73 0A 68    sic",Vevo '90s.h
00003770: 74 74 70 73 3A 2F 2F 6A 6D 70 32 2E 75 6B 2F 73    ttps://jmp2.uk/s
00003780: 74 76 70 2D 55 53 42 44 33 30 30 30 31 33 33 4D    tvp-USBD3000133M
00003790: 0A 23 45 58 54 49 4E 46 3A 2D 31 20 63 68 61 6E    .#EXTINF:-1 chan
000037a0: 6E 65 6C 2D 69 64 3D 22 55 53 42 44 31 32 30 30    nel-id="USBD1200
000037b0: 30 32 34 33 31 22 20 74 76 67 2D 69 64 3D 22 55    02431" tvg-id="U
000037c0: 53 42 44 31 32 30 30 30 32 34 33 31 22 20 74 76    SBD120002431" tv
000037d0: 67 2D 63 68 6E 6F 3D 22 34 34 30 30 22 20 74 76    g-chno="4400" tv
000037e0: 67 2D 6E 61 6D 65 3D 22 56 65 76 6F 20 32 30 31    g-name="Vevo 201
000037f0: 30 73 22 20 74 76 67 2D 6C 6F 67 6F 3D 22 68 74    0s" tvg-logo="ht
00003800: 74 70 73 3A 2F 2F 74 76 70 6E 6C 6F 67 6F 70 75    tps://tvpnlogopu
00003810: 73 2E 73 61 6D 73 75 6E 67 63 6C 6F 75 64 2E 74    s.samsungcloud.t
00003820: 76 2F 70 6C 61 74 66 6F 72 6D 2F 69 6D 61 67 65    v/platform/image
00003830: 2F 73 6F 75 72 63 65 6C 6F 67 6F 2F 76 63 2F 30    /sourcelogo/vc/0
00003840: 30 2F 30 32 2F 33 34 2F 55 53 42 44 31 32 30 30    0/02/34/USBD1200
00003850: 30 32 34 33 31 5F 32 30 32 35 31 30 31 33 54 32    02431_20251013T2
00003860: 33 35 37 33 38 53 51 55 41 52 45 2E 70 6E 67 22    35738SQUARE.png"
00003870: 20 67 72 6F 75 70 2D 74 69 74 6C 65 3D 22 4D 75     group-title="Mu
00003880: 73 69 63 22 2C 56 65 76 6F 20 32 30 31 30 73 0A    sic",Vevo 2010s.
00003890: 68 74 74 70 73 3A 2F 2F 6A 6D 70 32 2E 75 6B 2F    https://jmp2.uk/
000038a0: 73 74 76 70 2D 55 53 42 44 31 32 30 30 30 32 34    stvp-USBD1200024
000038b0: 33 31 0A 23 45 58 54 49 4E 46 3A 2D 31 20 63 68    31.#EXTINF:-1 ch
000038c0: 61 6E 6E 65 6C 2D 69 64 3D 22 55 53 42 42 34 34    annel-id="USBB44
000038d0: 30 30 30 31 35 46 35 22 20 74 76 67 2D 69 64 3D    00015F5" tvg-id=
000038e0: 22 55 53 42 42 34 34 30 30 30 31 35 46 35 22 20    "USBB4400015F5" 
000038f0: 74 76 67 2D 63 68 6E 6F 3D 22 34 33 39 37 22 20    tvg-chno="4397" 
00003900: 74 76 67 2D 6E 61 6D 65 3D 22 56 65 76 6F 20 32    tvg-name="Vevo 2
00003910: 4B 22 20 74 76 67 2D 6C 6F 67 6F 3D 22 68 74 74    K" tvg-logo="htt
00003920: 70 73 3A 2F 2F 74 76 70 6E 6C 6F 67 6F 70 75 73    ps://tvpnlogopus
00003930: 2E 73 61 6D 73 75 6E 67 63 6C 6F 75 64 2E 74 76    .samsungcloud.tv
00003940: 2F 70 6C 61 74 66 6F 72 6D 2F 69 6D 61 67 65 2F    /platform/image/
00003950: 73 6F 75 72 63 65 6C 6F 67 6F 2F 76 63 2F 30 30    sourcelogo/vc/00
00003960: 2F 30 32 2F 33 34 2F 55 53 42 42 34 34 30 30 30    /02/34/USBB44000
00003970: 31 35 46 35 5F 32 30 32 35 31 30 31 33 54 32 33    15F5_20251013T23
00003980: 35 37 34 30 53 51 55 41 52 45 2E 70 6E 67 22 20    5740SQUARE.png" 
00003990: 67 72 6F 75 70 2D 74 69 74 6C 65 3D 22 4D 75 73    group-title="Mus
000039a0: 69 63 22 2C 56 65 76 6F 20 32 4B 0A 68 74 74 70    ic",Vevo 2K.http
000039b0: 73 3A 2F 2F 6A 6D 70 32 2E 75 6B 2F 73 74 76 70    s://jmp2.uk/stvp
000039c0: 2D 55 53 42 42 34 34 30 30 30 31 35 46 35 0A 23    -USBB4400015F5.#
000039d0: 45 58 54 49 4E 46 3A 2D 31 20 63 68 61 6E 6E 65    EXTINF:-1 channe
000039e0: 6C 2D 69 64 3D 22 55 53 42 43 33 36 30 30 30 30    l-id="USBC360000
000039f0: 31 52 51 22 20 74 76 67 2D 69 64 3D 22 55 53 42    1RQ" tvg-id="USB
00003a00: 43 33 36 30 30 30 30 31 52 51 22 20 74 76 67 2D    C3600001RQ" tvg-
00003a10: 63 68 6E 6F 3D 22 34 34 31 35 22 20 74 76 67 2D    chno="4415" tvg-
00003a20: 6E 61 6D 65 3D 22 56 65 76 6F 20 43 6F 75 6E 74    name="Vevo Count
00003a30: 72 79 22 20 74 76 67 2D 6C 6F 67 6F 3D 22 68 74    ry" tvg-logo="ht
00003a40: 74 70 73 3A 2F 2F 74 76 70 6E 6C 6F 67 6F 70 75    tps://tvpnlogopu
00003a50: 73 2E 73 61 6D 73 75 6E 67 63 6C 6F 75 64 2E 74    s.samsungcloud.t
00003a60: 76 2F 70 6C 61 74 66 6F 72 6D 2F 69 6D 61 67 65    v/platform/image
00003a70: 2F 73 6F 75 72 63 65 6C 6F 67 6F 2F 76 63 2F 30    /sourcelogo/vc/0
00003a80: 30 2F 30 32 2F 33 34 2F 55 53 42 43 33 36 30 30    0/02/34/USBC3600
00003a90: 30 30 31 52 51 5F 32 30 32 35 31 30 31 33 54 32    001RQ_20251013T2
00003aa0: 33 35 37 34 33 53 51 55 41 52 45 2E 70 6E 67 22    35743SQUARE.png"
00003ab0: 20 67 72 6F 75 70 2D 74 69 74 6C 65 3D 22 4D 75     group-title="Mu
00003ac0: 73 69 63 22 2C 56 65 76 6F 20 43 6F 75 6E 74 72    sic",Vevo Countr
00003ad0: 79 0A 68 74 74 70 73 3A 2F 2F 6A 6D 70 32 2E 75    y.https://jmp2.u
00003ae0: 6B 2F 73 74 76 70 2D 55 53 42 43 33 36 30 30 30    k/stvp-USBC36000
00003af0: 30 31 52 51 0A 23 45 58 54 49 4E 46 3A 2D 31 20    01RQ.#EXTINF:-1 
00003b00: 63 68 61 6E 6E 65 6C 2D 69 64 3D 22 55 53 42 43    channel-id="USBC
00003b10: 33 36 30 30 30 30 32 45 4B 22 20 74 76 67 2D 69    3600002EK" tvg-i
00003b20: 64 3D 22 55 53 42 43 33 36 30 30 30 30 32 45 4B    d="USBC3600002EK
00003b30: 22 20 74 76 67 2D 63 68 6E 6F 3D 22 34 34 30 39    " tvg-chno="4409
00003b40: 22 20 74 76 67 2D 6E 61 6D 65 3D 22 56 65 76 6F    " tvg-name="Vevo
00003b50: 20 48 69 70 2D 48 6F 70 22 20 74 76 67 2D 6C 6F     Hip-Hop" tvg-lo
00003b60: 67 6F 3D 22 68 74 74 70 73 3A 2F 2F 74 76 70 6E    go="https://tvpn
00003b70: 6C 6F 67 6F 70 75 73 2E 73 61 6D 73 75 6E 67 63    logopus.samsungc
00003b80: 6C 6F 75 64 2E 74 76 2F 70 6C 61 74 66 6F 72 6D    loud.tv/platform
00003b90: 2F 69 6D 61 67 65 2F 73 6F 75 72 63 65 6C 6F 67    /image/sourcelog
00003ba0: 6F 2F 76 63 2F 30 30 2F 30 32 2F 33 34 2F 55 53    o/vc/00/02/34/US
00003bb0: 42 43 33 36 30 30 30 30 32 45 4B 5F 32 30 32 35    BC3600002EK_2025
00003bc0: 31 30 31 33 54 32 33 35 37 34 35 53 51 55 41 52    1013T235745SQUAR
00003bd0: 45 2E 70 6E 67 22 20 67 72 6F 75 70 2D 74 69 74    E.png" group-tit
00003be0: 6C 65 3D 22 4D 75 73 69 63 22 2C 56 65 76 6F 20    le="Music",Vevo 
00003bf0: 48 69 70 2D 48 6F 70 0A 68 74 74 70 73 3A 2F 2F    Hip-Hop.https://
00003c00: 6A 6D 70 32 2E 75 6B 2F 73 74 76 70 2D 55 53 42    jmp2.uk/stvp-USB
00003c10: 43 33 36 30 30 30 30 32 45 4B 0A 23 45 58 54 49    C3600002EK.#EXTI
00003c20: 4E 46 3A 2D 31 20 63 68 61 6E 6E 65 6C 2D 69 64    NF:-1 channel-id
00003c30: 3D 22 55 53 33 37 30 30 30 31 32 5A 30 22 20 74    ="US3700012Z0" t
00003c40: 76 67 2D 69 64 3D 22 55 53 33 37 30 30 30 31 32    vg-id="US3700012
00003c50: 5A 30 22 20 74 76 67 2D 63 68 6E 6F 3D 22 31 30    Z0" tvg-chno="10
00003c60: 30 32 22 20 74 76 67 2D 6E 61 6D 65 3D 22 56 65    02" tvg-name="Ve
00003c70: 76 6F 20 48 6F 6C 69 64 61 79 22 20 74 76 67 2D    vo Holiday" tvg-
00003c80: 6C 6F 67 6F 3D 22 68 74 74 70 73 3A 2F 2F 74 76    logo="https://tv
00003c90: 70 6E 6C 6F 67 6F 70 75 73 2E 73 61 6D 73 75 6E    pnlogopus.samsun
00003ca0: 67 63 6C 6F 75 64 2E 74 76 2F 70 6C 61 74 66 6F    gcloud.tv/platfo
00003cb0: 72 6D 2F 69 6D 61 67 65 2F 73 6F 75 72 63 65 6C    rm/image/sourcel
00003cc0: 6F 67 6F 2F 76 63 2F 30 30 2F 30 32 2F 33 34 2F    ogo/vc/00/02/34/
00003cd0: 55 53 33 37 30 30 30 31 32 5A 30 5F 32 30 32 35    US3700012Z0_2025
00003ce0: 31 32 30 39 54 30 31 33 35 32 36 53 51 55 41 52    1209T013526SQUAR
00003cf0: 45 2E 70 6E 67 22 20 67 72 6F 75 70 2D 74 69 74    E.png" group-tit
00003d00: 6C 65 3D 22 4D 75 73 69 63 22 2C 56 65 76 6F 20    le="Music",Vevo 
00003d10: 48 6F 6C 69 64 61 79 0A 68 74 74 70 73 3A 2F 2F    Holiday.https://
00003d20: 6A 6D 70 32 2E 75 6B 2F 73 74 76 70 2D 55 53 33    jmp2.uk/stvp-US3
00003d30: 37 30 30 30 31 32 5A 30 0A 23 45 58 54 49 4E 46    700012Z0.#EXTINF
00003d40: 3A 2D 31 20 63 68 61 6E 6E 65 6C 2D 69 64 3D 22    :-1 channel-id="
00003d50: 55 53 42 43 33 36 30 30 30 31 35 47 46 22 20 74    USBC3600015GF" t
00003d60: 76 67 2D 69 64 3D 22 55 53 42 43 33 36 30 30 30    vg-id="USBC36000
00003d70: 31 35 47 46 22 20 74 76 67 2D 63 68 6E 6F 3D 22    15GF" tvg-chno="
00003d80: 34 34 30 36 22 20 74 76 67 2D 6E 61 6D 65 3D 22    4406" tvg-name="
00003d90: 56 65 76 6F 20 4C 61 74 69 6E 6F 22 20 74 76 67    Vevo Latino" tvg
00003da0: 2D 6C 6F 67 6F 3D 22 68 74 74 70 73 3A 2F 2F 74    -logo="https://t
00003db0: 76 70 6E 6C 6F 67 6F 70 75 73 2E 73 61 6D 73 75    vpnlogopus.samsu
00003dc0: 6E 67 63 6C 6F 75 64 2E 74 76 2F 70 6C 61 74 66    ngcloud.tv/platf
00003dd0: 6F 72 6D 2F 69 6D 61 67 65 2F 73 6F 75 72 63 65    orm/image/source
00003de0: 6C 6F 67 6F 2F 76 63 2F 30 30 2F 30 32 2F 33 34    logo/vc/00/02/34
00003df0: 2F 55 53 42 43 33 36 30 30 30 31 35 47 46 5F 32    /USBC3600015GF_2
00003e00: 30 32 35 31 30 31 33 54 32 33 35 37 34 38 53 51    0251013T235748SQ
00003e10: 55 41 52 45 2E 70 6E 67 22 20 67 72 6F 75 70 2D    UARE.png" group-
00003e20: 74 69 74 6C 65 3D 22 4D 75 73 69 63 22 2C 56 65    title="Music",Ve
00003e30: 76 6F 20 4C 61 74 69 6E 6F 0A 68 74 74 70 73 3A    vo Latino.https:
00003e40: 2F 2F 6A 6D 70 32 2E 75 6B 2F 73 74 76 70 2D 55    //jmp2.uk/stvp-U
00003e50: 53 42 43 33 36 30 30 30 31 35 47 46 0A 23 45 58    SBC3600015GF.#EX
00003e60: 54 49 4E 46 3A 2D 31 20 63 68 61 6E 6E 65 6C 2D    TINF:-1 channel-
00003e70: 69 64 3D 22 55 53 42 43 33 36 30 30 30 30 38 57    id="USBC3600008W
00003e80: 59 22 20 74 76 67 2D 69 64 3D 22 55 53 42 43 33    Y" tvg-id="USBC3
00003e90: 36 30 30 30 30 38 57 59 22 20 74 76 67 2D 63 68    600008WY" tvg-ch
00003ea0: 6E 6F 3D 22 34 34 31 38 22 20 74 76 67 2D 6E 61    no="4418" tvg-na
00003eb0: 6D 65 3D 22 56 65 76 6F 20 50 6F 70 22 20 74 76    me="Vevo Pop" tv
00003ec0: 67 2D 6C 6F 67 6F 3D 22 68 74 74 70 73 3A 2F 2F    g-logo="https://
00003ed0: 74 76 70 6E 6C 6F 67 6F 70 75 73 2E 73 61 6D 73    tvpnlogopus.sams
00003ee0: 75 6E 67 63 6C 6F 75 64 2E 74 76 2F 70 6C 61 74    ungcloud.tv/plat
00003ef0: 66 6F 72 6D 2F 69 6D 61 67 65 2F 73 6F 75 72 63    form/image/sourc
00003f00: 65 6C 6F 67 6F 2F 76 63 2F 30 30 2F 30 32 2F 33    elogo/vc/00/02/3
00003f10: 34 2F 55 53 42 43 33 36 30 30 30 30 38 57 59 5F    4/USBC3600008WY_
00003f20: 32 30 32 35 31 30 32 38 54 30 31 31 31 34 34 53    20251028T011144S
00003f30: 51 55 41 52 45 2E 70 6E 67 22 20 67 72 6F 75 70    QUARE.png" group
00003f40: 2D 74 69 74 6C 65 3D 22 4D 75 73 69 63 22 2C 56    -title="Music",V
00003f50: 65 76 6F 20 50 6F 70 0A 68 74 74 70 73 3A 2F 2F    evo Pop.https://
00003f60: 6A 6D 70 32 2E 75 6B 2F 73 74 76 70 2D 55 53 42    jmp2.uk/stvp-USB
00003f70: 43 33 36 30 30 30 30 38 57 59 0A 23 45 58 54 49    C3600008WY.#EXTI
00003f80: 4E 46 3A 2D 31 20 63 68 61 6E 6E 65 6C 2D 69 64    NF:-1 channel-id
00003f90: 3D 22 55 53 42 43 33 39 30 30 30 30 39 4B 35 22    ="USBC3900009K5"
00003fa0: 20 74 76 67 2D 69 64 3D 22 55 53 42 43 33 39 30     tvg-id="USBC390
00003fb0: 30 30 30 39 4B 35 22 20 74 76 67 2D 63 68 6E 6F    0009K5" tvg-chno
00003fc0: 3D 22 34 34 31 32 22 20 74 76 67 2D 6E 61 6D 65    ="4412" tvg-name
00003fd0: 3D 22 56 65 76 6F 20 52 26 42 22 20 74 76 67 2D    ="Vevo R&B" tvg-
00003fe0: 6C 6F 67 6F 3D 22 68 74 74 70 73 3A 2F 2F 74 76    logo="https://tv
00003ff0: 70 6E 6C 6F 67 6F 70 75 73 2E 73 61 6D 73 75 6E    pnlogopus.samsun

00000000: 67 63 6C 6F 75 64 2E 74 76 2F 70 6C 61 74 66 6F    gcloud.tv/platfo
00000010: 72 6D 2F 69 6D 61 67 65 2F 73 6F 75 72 63 65 6C    rm/image/sourcel
00000020: 6F 67 6F 2F 76 63 2F 30 30 2F 30 32 2F 33 34 2F    ogo/vc/00/02/34/
00000030: 55 53 42 43 33 39 30 30 30 30 39 4B 35 5F 32 30    USBC3900009K5_20
00000040: 32 35 31 30 31 33 54 32 33 35 37 35 33 53 51 55    251013T235753SQU
00000050: 41 52 45 2E 70 6E 67 22 20 67 72 6F 75 70 2D 74    ARE.png" group-t
00000060: 69 74 6C 65 3D 22 4D 75 73 69 63 22 2C 56 65 76    itle="Music",Vev
00000070: 6F 20 52 26 42 0A 68 74 74 70 73 3A 2F 2F 6A 6D    o R&B.https://jm
00000080: 70 32 2E 75 6B 2F 73 74 76 70 2D 55 53 42 43 33    p2.uk/stvp-USBC3
00000090: 39 30 30 30 30 39 4B 35 0A 23 45 58 54 49 4E 46    900009K5.#EXTINF
000000a0: 3A 2D 31 20 63 68 61 6E 6E 65 6C 2D 69 64 3D 22    :-1 channel-id="
000000b0: 55 53 42 44 33 30 30 30 31 34 35 50 22 20 74 76    USBD3000145P" tv
000000c0: 67 2D 69 64 3D 22 55 53 42 44 33 30 30 30 31 34    g-id="USBD300014
000000d0: 35 50 22 20 74 76 67 2D 63 68 6E 6F 3D 22 34 34    5P" tvg-chno="44
000000e0: 30 33 22 20 74 76 67 2D 6E 61 6D 65 3D 22 56 65    03" tvg-name="Ve
000000f0: 76 6F 20 52 6F 63 6B 22 20 74 76 67 2D 6C 6F 67    vo Rock" tvg-log
00000100: 6F 3D 22 68 74 74 70 73 3A 2F 2F 74 76 70 6E 6C    o="https://tvpnl
00000110: 6F 67 6F 70 75 73 2E 73 61 6D 73 75 6E 67 63 6C    ogopus.samsungcl
00000120: 6F 75 64 2E 74 76 2F 70 6C 61 74 66 6F 72 6D 2F    oud.tv/platform/
00000130: 69 6D 61 67 65 2F 73 6F 75 72 63 65 6C 6F 67 6F    image/sourcelogo
00000140: 2F 76 63 2F 30 30 2F 30 32 2F 33 34 2F 55 53 42    /vc/00/02/34/USB
00000150: 44 33 30 30 30 31 34 35 50 5F 32 30 32 35 31 30    D3000145P_202510
00000160: 31 33 54 32 33 35 37 35 36 53 51 55 41 52 45 2E    13T235756SQUARE.
00000170: 70 6E 67 22 20 67 72 6F 75 70 2D 74 69 74 6C 65    png" group-title
00000180: 3D 22 4D 75 73 69 63 22 2C 56 65 76 6F 20 52 6F    ="Music",Vevo Ro
00000190: 63 6B 0A 68 74 74 70 73 3A 2F 2F 6A 6D 70 32 2E    ck.https://jmp2.
000001a0: 75 6B 2F 73 74 76 70 2D 55 53 42 44 33 30 30 30    uk/stvp-USBD3000
000001b0: 31 34 35 50 0A 23 45 58 54 49 4E 46 3A 2D 31 20    145P.#EXTINF:-1 
000001c0: 63 68 61 6E 6E 65 6C 2D 69 64 3D 22 55 53 42 42    channel-id="USBB
000001d0: 31 39 30 30 30 30 36 4E 59 22 20 74 76 67 2D 69    1900006NY" tvg-i
000001e0: 64 3D 22 55 53 42 42 31 39 30 30 30 30 36 4E 59    d="USBB1900006NY
000001f0: 22 20 74 76 67 2D 63 68 6E 6F 3D 22 32 39 33 38    " tvg-chno="2938
00000200: 22 20 74 76 67 2D 6E 61 6D 65 3D 22 56 49 43 45    " tvg-name="VICE
00000210: 22 20 74 76 67 2D 6C 6F 67 6F 3D 22 68 74 74 70    " tvg-logo="http
00000220: 73 3A 2F 2F 74 76 70 6E 6C 6F 67 6F 70 75 73 2E    s://tvpnlogopus.
00000230: 73 61 6D 73 75 6E 67 63 6C 6F 75 64 2E 74 76 2F    samsungcloud.tv/
00000240: 70 6C 61 74 66 6F 72 6D 2F 69 6D 61 67 65 2F 73    platform/image/s
00000250: 6F 75 72 63 65 6C 6F 67 6F 2F 76 63 2F 30 30 2F    ourcelogo/vc/00/
00000260: 30 32 2F 33 34 2F 55 53 42 42 31 39 30 30 30 30    02/34/USBB190000
00000270: 36 4E 59 5F 32 30 32 34 30 35 32 30 54 32 31 34    6NY_20240520T214
00000280: 37 32 31 53 51 55 41 52 45 2E 70 6E 67 22 20 67    721SQUARE.png" g
00000290: 72 6F 75 70 2D 74 69 74 6C 65 3D 22 4C 69 66 65    roup-title="Life
000002a0: 73 74 79 6C 65 20 26 20 50 6F 70 20 43 75 6C 74    style & Pop Cult
000002b0: 75 72 65 22 2C 56 49 43 45 0A 68 74 74 70 73 3A    ure",VICE.https:
000002c0: 2F 2F 6A 6D 70 32 2E 75 6B 2F 73 74 76 70 2D 55    //jmp2.uk/stvp-U
000002d0: 53 42 42 31 39 30 30 30 30 36 4E 59 0A 23 45 58    SBB1900006NY.#EX
000002e0: 54 49 4E 46 3A 2D 31 20 63 68 61 6E 6E 65 6C 2D    TINF:-1 channel-
000002f0: 69 64 3D 22 55 53 33 30 30 30 36 33 42 51 22 20    id="US300063BQ" 
00000300: 74 76 67 2D 69 64 3D 22 55 53 33 30 30 30 36 33    tvg-id="US300063
00000310: 42 51 22 20 74 76 67 2D 63 68 6E 6F 3D 22 32 33    BQ" tvg-chno="23
00000320: 32 30 22 20 74 76 67 2D 6E 61 6D 65 3D 22 56 69    20" tvg-name="Vi
00000330: 63 74 6F 72 79 2B 22 20 74 76 67 2D 6C 6F 67 6F    ctory+" tvg-logo
00000340: 3D 22 68 74 74 70 73 3A 2F 2F 74 76 70 6E 6C 6F    ="https://tvpnlo
00000350: 67 6F 70 75 73 2E 73 61 6D 73 75 6E 67 63 6C 6F    gopus.samsungclo
00000360: 75 64 2E 74 76 2F 70 6C 61 74 66 6F 72 6D 2F 69    ud.tv/platform/i
00000370: 6D 61 67 65 2F 73 6F 75 72 63 65 6C 6F 67 6F 2F    mage/sourcelogo/
00000380: 76 63 2F 30 30 2F 30 32 2F 33 34 2F 55 53 33 30    vc/00/02/34/US30
00000390: 30 30 36 33 42 51 5F 32 30 32 35 31 30 31 34 54    0063BQ_20251014T
000003a0: 32 33 31 38 30 37 53 51 55 41 52 45 2E 70 6E 67    231807SQUARE.png
000003b0: 22 20 67 72 6F 75 70 2D 74 69 74 6C 65 3D 22 53    " group-title="S
000003c0: 70 6F 72 74 73 20 26 20 4F 75 74 64 6F 6F 72 73    ports & Outdoors
000003d0: 22 2C 56 69 63 74 6F 72 79 2B 0A 68 74 74 70 73    ",Victory+.https
000003e0: 3A 2F 2F 6A 6D 70 32 2E 75 6B 2F 73 74 76 70 2D    ://jmp2.uk/stvp-
000003f0: 55 53 33 30 30 30 36 33 42 51 0A 23 45 58 54 49    US300063BQ.#EXTI
00000400: 4E 46 3A 2D 31 20 63 68 61 6E 6E 65 6C 2D 69 64    NF:-1 channel-id
00000410: 3D 22 55 53 42 43 32 31 30 30 30 31 32 45 4A 22    ="USBC2100012EJ"
00000420: 20 74 76 67 2D 69 64 3D 22 55 53 42 43 32 31 30     tvg-id="USBC210
00000430: 30 30 31 32 45 4A 22 20 74 76 67 2D 63 68 6E 6F    0012EJ" tvg-chno
00000440: 3D 22 33 39 34 30 22 20 74 76 67 2D 6E 61 6D 65    ="3940" tvg-name
00000450: 3D 22 56 69 58 20 47 72 61 6E 64 65 73 20 50 61    ="ViX Grandes Pa
00000460: 72 65 6A 61 73 22 20 74 76 67 2D 6C 6F 67 6F 3D    rejas" tvg-logo=
00000470: 22 68 74 74 70 73 3A 2F 2F 74 76 70 6E 6C 6F 67    "https://tvpnlog
00000480: 6F 70 75 73 2E 73 61 6D 73 75 6E 67 63 6C 6F 75    opus.samsungclou
00000490: 64 2E 74 76 2F 70 6C 61 74 66 6F 72 6D 2F 69 6D    d.tv/platform/im
000004a0: 61 67 65 2F 73 6F 75 72 63 65 6C 6F 67 6F 2F 76    age/sourcelogo/v
000004b0: 63 2F 30 30 2F 30 32 2F 33 34 2F 55 53 42 43 32    c/00/02/34/USBC2
000004c0: 31 30 30 30 31 32 45 4A 5F 32 30 32 34 31 32 32    100012EJ_2024122
000004d0: 38 54 30 31 31 35 33 37 53 51 55 41 52 45 2E 70    8T011537SQUARE.p
000004e0: 6E 67 22 20 67 72 6F 75 70 2D 74 69 74 6C 65 3D    ng" group-title=
000004f0: 22 4C 61 74 69 6E 6F 22 2C 56 69 58 20 47 72 61    "Latino",ViX Gra
00000500: 6E 64 65 73 20 50 61 72 65 6A 61 73 0A 68 74 74    ndes Parejas.htt
00000510: 70 73 3A 2F 2F 6A 6D 70 32 2E 75 6B 2F 73 74 76    ps://jmp2.uk/stv
00000520: 70 2D 55 53 42 43 32 31 30 30 30 31 32 45 4A 0A    p-USBC2100012EJ.
00000530: 23 45 58 54 49 4E 46 3A 2D 31 20 63 68 61 6E 6E    #EXTINF:-1 chann
00000540: 65 6C 2D 69 64 3D 22 55 53 42 43 32 31 30 30 30    el-id="USBC21000
00000550: 31 30 4F 53 22 20 74 76 67 2D 69 64 3D 22 55 53    10OS" tvg-id="US
00000560: 42 43 32 31 30 30 30 31 30 4F 53 22 20 74 76 67    BC2100010OS" tvg
00000570: 2D 63 68 6E 6F 3D 22 33 39 35 30 22 20 74 76 67    -chno="3950" tvg
00000580: 2D 6E 61 6D 65 3D 22 56 69 58 20 4A 61 4A 61 4A    -name="ViX JaJaJ
00000590: 61 22 20 74 76 67 2D 6C 6F 67 6F 3D 22 68 74 74    a" tvg-logo="htt
000005a0: 70 73 3A 2F 2F 74 76 70 6E 6C 6F 67 6F 70 75 73    ps://tvpnlogopus
000005b0: 2E 73 61 6D 73 75 6E 67 63 6C 6F 75 64 2E 74 76    .samsungcloud.tv
000005c0: 2F 70 6C 61 74 66 6F 72 6D 2F 69 6D 61 67 65 2F    /platform/image/
000005d0: 73 6F 75 72 63 65 6C 6F 67 6F 2F 76 63 2F 30 30    sourcelogo/vc/00
000005e0: 2F 30 32 2F 33 34 2F 55 53 42 43 32 31 30 30 30    /02/34/USBC21000
000005f0: 31 30 4F 53 5F 32 30 32 34 31 32 32 38 54 30 31    10OS_20241228T01
00000600: 31 35 33 39 53 51 55 41 52 45 2E 70 6E 67 22 20    1539SQUARE.png" 
00000610: 67 72 6F 75 70 2D 74 69 74 6C 65 3D 22 4C 61 74    group-title="Lat
00000620: 69 6E 6F 22 2C 56 69 58 20 4A 61 4A 61 4A 61 0A    ino",ViX JaJaJa.
00000630: 68 74 74 70 73 3A 2F 2F 6A 6D 70 32 2E 75 6B 2F    https://jmp2.uk/
00000640: 73 74 76 70 2D 55 53 42 43 32 31 30 30 30 31 30    stvp-USBC2100010
00000650: 4F 53 0A 23 45 58 54 49 4E 46 3A 2D 31 20 63 68    OS.#EXTINF:-1 ch
00000660: 61 6E 6E 65 6C 2D 69 64 3D 22 55 53 42 42 34 34    annel-id="USBB44
00000670: 30 30 30 30 39 39 4E 22 20 74 76 67 2D 69 64 3D    000099N" tvg-id=
00000680: 22 55 53 42 42 34 34 30 30 30 30 39 39 4E 22 20    "USBB44000099N" 
00000690: 74 76 67 2D 63 68 6E 6F 3D 22 33 39 33 30 22 20    tvg-chno="3930" 
000006a0: 74 76 67 2D 6E 61 6D 65 3D 22 56 69 58 20 4E 6F    tvg-name="ViX No
000006b0: 76 65 6C 61 73 20 64 65 20 72 6F 6D 61 6E 63 65    velas de romance
000006c0: 22 20 74 76 67 2D 6C 6F 67 6F 3D 22 68 74 74 70    " tvg-logo="http
000006d0: 73 3A 2F 2F 74 76 70 6E 6C 6F 67 6F 70 75 73 2E    s://tvpnlogopus.
000006e0: 73 61 6D 73 75 6E 67 63 6C 6F 75 64 2E 74 76 2F    samsungcloud.tv/
000006f0: 70 6C 61 74 66 6F 72 6D 2F 69 6D 61 67 65 2F 73    platform/image/s
00000700: 6F 75 72 63 65 6C 6F 67 6F 2F 76 63 2F 30 30 2F    ourcelogo/vc/00/
00000710: 30 32 2F 33 34 2F 55 53 42 42 34 34 30 30 30 30    02/34/USBB440000
00000720: 39 39 4E 5F 32 30 32 34 31 32 32 38 54 30 31 31    99N_20241228T011
00000730: 34 32 32 53 51 55 41 52 45 2E 70 6E 67 22 20 67    422SQUARE.png" g
00000740: 72 6F 75 70 2D 74 69 74 6C 65 3D 22 4C 61 74 69    roup-title="Lati
00000750: 6E 6F 22 2C 56 69 58 20 4E 6F 76 65 6C 61 73 20    no",ViX Novelas 
00000760: 64 65 20 72 6F 6D 61 6E 63 65 0A 68 74 74 70 73    de romance.https
00000770: 3A 2F 2F 6A 6D 70 32 2E 75 6B 2F 73 74 76 70 2D    ://jmp2.uk/stvp-
00000780: 55 53 42 42 34 34 30 30 30 30 39 39 4E 0A 23 45    USBB44000099N.#E
00000790: 58 54 49 4E 46 3A 2D 31 20 63 68 61 6E 6E 65 6C    XTINF:-1 channel
000007a0: 2D 69 64 3D 22 55 53 42 43 32 31 30 30 30 31 31    -id="USBC2100011
000007b0: 57 49 22 20 74 76 67 2D 69 64 3D 22 55 53 42 43    WI" tvg-id="USBC
000007c0: 32 31 30 30 30 31 31 57 49 22 20 74 76 67 2D 63    2100011WI" tvg-c
000007d0: 68 6E 6F 3D 22 33 39 34 35 22 20 74 76 67 2D 6E    hno="3945" tvg-n
000007e0: 61 6D 65 3D 22 56 69 58 20 56 69 6C 6C 61 6E 6F    ame="ViX Villano
000007f0: 73 20 64 65 20 4E 6F 76 65 6C 61 22 20 74 76 67    s de Novela" tvg
00000800: 2D 6C 6F 67 6F 3D 22 68 74 74 70 73 3A 2F 2F 74    -logo="https://t
00000810: 76 70 6E 6C 6F 67 6F 70 75 73 2E 73 61 6D 73 75    vpnlogopus.samsu
00000820: 6E 67 63 6C 6F 75 64 2E 74 76 2F 70 6C 61 74 66    ngcloud.tv/platf
00000830: 6F 72 6D 2F 69 6D 61 67 65 2F 73 6F 75 72 63 65    orm/image/source
00000840: 6C 6F 67 6F 2F 76 63 2F 30 30 2F 30 32 2F 33 34    logo/vc/00/02/34
00000850: 2F 55 53 42 43 32 31 30 30 30 31 31 57 49 5F 32    /USBC2100011WI_2
00000860: 30 32 34 31 32 32 38 54 30 31 31 35 34 32 53 51    0241228T011542SQ
00000870: 55 41 52 45 2E 70 6E 67 22 20 67 72 6F 75 70 2D    UARE.png" group-
00000880: 74 69 74 6C 65 3D 22 4C 61 74 69 6E 6F 22 2C 56    title="Latino",V
00000890: 69 58 20 56 69 6C 6C 61 6E 6F 73 20 64 65 20 4E    iX Villanos de N
000008a0: 6F 76 65 6C 61 0A 68 74 74 70 73 3A 2F 2F 6A 6D    ovela.https://jm
000008b0: 70 32 2E 75 6B 2F 73 74 76 70 2D 55 53 42 43 32    p2.uk/stvp-USBC2
000008c0: 31 30 30 30 31 31 57 49 0A 23 45 58 54 49 4E 46    100011WI.#EXTINF
000008d0: 3A 2D 31 20 63 68 61 6E 6E 65 6C 2D 69 64 3D 22    :-1 channel-id="
000008e0: 55 53 31 39 30 30 30 30 39 31 38 22 20 74 76 67    US190000918" tvg
000008f0: 2D 69 64 3D 22 55 53 31 39 30 30 30 30 39 31 38    -id="US190000918
00000900: 22 20 74 76 67 2D 63 68 6E 6F 3D 22 31 34 32 32    " tvg-chno="1422
00000910: 22 20 74 76 67 2D 6E 61 6D 65 3D 22 57 61 6E 74    " tvg-name="Want
00000920: 65 64 3A 20 44 65 61 64 20 6F 72 20 41 6C 69 76    ed: Dead or Aliv
00000930: 65 22 20 74 76 67 2D 6C 6F 67 6F 3D 22 68 74 74    e" tvg-logo="htt
00000940: 70 73 3A 2F 2F 74 76 70 6E 6C 6F 67 6F 70 75 73    ps://tvpnlogopus
00000950: 2E 73 61 6D 73 75 6E 67 63 6C 6F 75 64 2E 74 76    .samsungcloud.tv
00000960: 2F 70 6C 61 74 66 6F 72 6D 2F 69 6D 61 67 65 2F    /platform/image/
00000970: 73 6F 75 72 63 65 6C 6F 67 6F 2F 76 63 2F 30 30    sourcelogo/vc/00
00000980: 2F 30 32 2F 33 34 2F 55 53 31 39 30 30 30 30 39    /02/34/US1900009
00000990: 31 38 5F 32 30 32 35 31 32 30 32 54 30 30 35 39    18_20251202T0059
000009a0: 34 31 53 51 55 41 52 45 2E 70 6E 67 22 20 67 72    41SQUARE.png" gr
000009b0: 6F 75 70 2D 74 69 74 6C 65 3D 22 57 65 73 74 65    oup-title="Weste
000009c0: 72 6E 20 26 20 43 6C 61 73 73 69 63 20 54 56 22    rn & Classic TV"
000009d0: 2C 57 61 6E 74 65 64 3A 20 44 65 61 64 20 6F 72    ,Wanted: Dead or
000009e0: 20 41 6C 69 76 65 0A 68 74 74 70 73 3A 2F 2F 6A     Alive.https://j
000009f0: 6D 70 32 2E 75 6B 2F 73 74 76 70 2D 55 53 31 39    mp2.uk/stvp-US19
00000a00: 30 30 30 30 39 31 38 0A 23 45 58 54 49 4E 46 3A    0000918.#EXTINF:
00000a10: 2D 31 20 63 68 61 6E 6E 65 6C 2D 69 64 3D 22 55    -1 channel-id="U
00000a20: 53 34 31 30 30 30 30 36 30 4A 22 20 74 76 67 2D    S41000060J" tvg-
00000a30: 69 64 3D 22 55 53 34 31 30 30 30 30 36 30 4A 22    id="US41000060J"
00000a40: 20 74 76 67 2D 63 68 6E 6F 3D 22 33 38 34 36 22     tvg-chno="3846"
00000a50: 20 74 76 67 2D 6E 61 6D 65 3D 22 57 41 50 41 2B     tvg-name="WAPA+
00000a60: 22 20 74 76 67 2D 6C 6F 67 6F 3D 22 68 74 74 70    " tvg-logo="http
00000a70: 73 3A 2F 2F 74 76 70 6E 6C 6F 67 6F 70 75 73 2E    s://tvpnlogopus.
00000a80: 73 61 6D 73 75 6E 67 63 6C 6F 75 64 2E 74 76 2F    samsungcloud.tv/
00000a90: 70 6C 61 74 66 6F 72 6D 2F 69 6D 61 67 65 2F 73    platform/image/s
00000aa0: 6F 75 72 63 65 6C 6F 67 6F 2F 76 63 2F 30 30 2F    ourcelogo/vc/00/
00000ab0: 30 32 2F 33 34 2F 55 53 34 31 30 30 30 30 36 30    02/34/US41000060
00000ac0: 4A 5F 32 30 32 35 30 34 30 31 54 30 30 34 39 32    J_20250401T00492
00000ad0: 30 53 51 55 41 52 45 2E 70 6E 67 22 20 67 72 6F    0SQUARE.png" gro
00000ae0: 75 70 2D 74 69 74 6C 65 3D 22 4C 61 74 69 6E 6F    up-title="Latino
00000af0: 22 2C 57 41 50 41 2B 0A 68 74 74 70 73 3A 2F 2F    ",WAPA+.https://
00000b00: 6A 6D 70 32 2E 75 6B 2F 73 74 76 70 2D 55 53 34    jmp2.uk/stvp-US4
00000b10: 31 30 30 30 30 36 30 4A 0A 23 45 58 54 49 4E 46    1000060J.#EXTINF
00000b20: 3A 2D 31 20 63 68 61 6E 6E 65 6C 2D 69 64 3D 22    :-1 channel-id="
00000b30: 55 53 42 42 34 34 30 30 30 32 30 35 35 22 20 74    USBB440002055" t
00000b40: 76 67 2D 69 64 3D 22 55 53 42 42 34 34 30 30 30    vg-id="USBB44000
00000b50: 32 30 35 35 22 20 74 76 67 2D 63 68 6E 6F 3D 22    2055" tvg-chno="
00000b60: 32 34 38 37 22 20 74 76 67 2D 6E 61 6D 65 3D 22    2487" tvg-name="
00000b70: 57 61 79 70 6F 69 6E 74 20 54 56 22 20 74 76 67    Waypoint TV" tvg
00000b80: 2D 6C 6F 67 6F 3D 22 68 74 74 70 73 3A 2F 2F 74    -logo="https://t
00000b90: 76 70 6E 6C 6F 67 6F 70 75 73 2E 73 61 6D 73 75    vpnlogopus.samsu
00000ba0: 6E 67 63 6C 6F 75 64 2E 74 76 2F 70 6C 61 74 66    ngcloud.tv/platf
00000bb0: 6F 72 6D 2F 69 6D 61 67 65 2F 73 6F 75 72 63 65    orm/image/source
00000bc0: 6C 6F 67 6F 2F 76 63 2F 30 30 2F 30 32 2F 33 34    logo/vc/00/02/34
00000bd0: 2F 55 53 42 42 34 34 30 30 30 32 30 35 35 5F 32    /USBB440002055_2
00000be0: 30 32 34 30 37 32 32 54 32 33 30 38 34 39 53 51    0240722T230849SQ
00000bf0: 55 41 52 45 2E 70 6E 67 22 20 67 72 6F 75 70 2D    UARE.png" group-
00000c00: 74 69 74 6C 65 3D 22 53 70 6F 72 74 73 20 26 20    title="Sports & 
00000c10: 4F 75 74 64 6F 6F 72 73 22 2C 57 61 79 70 6F 69    Outdoors",Waypoi
00000c20: 6E 74 20 54 56 0A 68 74 74 70 73 3A 2F 2F 6A 6D    nt TV.https://jm
00000c30: 70 32 2E 75 6B 2F 73 74 76 70 2D 55 53 42 42 34    p2.uk/stvp-USBB4
00000c40: 34 30 30 30 32 30 35 35 0A 23 45 58 54 49 4E 46    40002055.#EXTINF
00000c50: 3A 2D 31 20 63 68 61 6E 6E 65 6C 2D 69 64 3D 22    :-1 channel-id="
00000c60: 55 53 42 43 31 35 30 30 30 30 39 4C 44 22 20 74    USBC1500009LD" t
00000c70: 76 67 2D 69 64 3D 22 55 53 42 43 31 35 30 30 30    vg-id="USBC15000
00000c80: 30 39 4C 44 22 20 74 76 67 2D 63 68 6E 6F 3D 22    09LD" tvg-chno="
00000c90: 31 31 33 35 22 20 74 76 67 2D 6E 61 6D 65 3D 22    1135" tvg-name="
00000ca0: 57 65 61 74 68 65 72 4E 61 74 69 6F 6E 22 20 74    WeatherNation" t
00000cb0: 76 67 2D 6C 6F 67 6F 3D 22 68 74 74 70 73 3A 2F    vg-logo="https:/
00000cc0: 2F 74 76 70 6E 6C 6F 67 6F 70 75 73 2E 73 61 6D    /tvpnlogopus.sam
00000cd0: 73 75 6E 67 63 6C 6F 75 64 2E 74 76 2F 70 6C 61    sungcloud.tv/pla
00000ce0: 74 66 6F 72 6D 2F 69 6D 61 67 65 2F 73 6F 75 72    tform/image/sour
00000cf0: 63 65 6C 6F 67 6F 2F 76 63 2F 30 30 2F 30 32 2F    celogo/vc/00/02/
00000d00: 33 34 2F 55 53 42 43 31 35 30 30 30 30 39 4C 44    34/USBC1500009LD
00000d10: 5F 32 30 32 34 31 31 31 32 54 30 30 30 38 33 30    _20241112T000830
00000d20: 53 51 55 41 52 45 2E 70 6E 67 22 20 67 72 6F 75    SQUARE.png" grou
00000d30: 70 2D 74 69 74 6C 65 3D 22 4E 65 77 73 20 26 20    p-title="News & 
00000d40: 4F 70 69 6E 69 6F 6E 22 2C 57 65 61 74 68 65 72    Opinion",Weather
00000d50: 4E 61 74 69 6F 6E 0A 68 74 74 70 73 3A 2F 2F 6A    Nation.https://j
00000d60: 6D 70 32 2E 75 6B 2F 73 74 76 70 2D 55 53 42 43    mp2.uk/stvp-USBC
00000d70: 31 35 30 30 30 30 39 4C 44 0A 23 45 58 54 49 4E    1500009LD.#EXTIN
00000d80: 46 3A 2D 31 20 63 68 61 6E 6E 65 6C 2D 69 64 3D    F:-1 channel-id=
00000d90: 22 55 53 41 4A 33 34 30 30 30 31 34 4C 4B 22 20    "USAJ3400014LK" 
00000da0: 74 76 67 2D 69 64 3D 22 55 53 41 4A 33 34 30 30    tvg-id="USAJ3400
00000db0: 30 31 34 4C 4B 22 20 74 76 67 2D 63 68 6E 6F 3D    014LK" tvg-chno=
00000dc0: 22 33 35 36 32 22 20 74 76 67 2D 6E 61 6D 65 3D    "3562" tvg-name=
00000dd0: 22 57 65 61 74 68 65 72 53 70 79 22 20 74 76 67    "WeatherSpy" tvg
00000de0: 2D 6C 6F 67 6F 3D 22 68 74 74 70 73 3A 2F 2F 74    -logo="https://t
00000df0: 76 70 6E 6C 6F 67 6F 70 75 73 2E 73 61 6D 73 75    vpnlogopus.samsu
00000e00: 6E 67 63 6C 6F 75 64 2E 74 76 2F 70 6C 61 74 66    ngcloud.tv/platf
00000e10: 6F 72 6D 2F 69 6D 61 67 65 2F 73 6F 75 72 63 65    orm/image/source
00000e20: 6C 6F 67 6F 2F 76 63 2F 30 30 2F 30 32 2F 33 34    logo/vc/00/02/34
00000e30: 2F 55 53 41 4A 33 34 30 30 30 31 34 4C 4B 5F 32    /USAJ3400014LK_2
00000e40: 30 32 34 30 35 32 30 54 32 31 34 37 32 33 53 51    0240520T214723SQ
00000e50: 55 41 52 45 2E 70 6E 67 22 20 67 72 6F 75 70 2D    UARE.png" group-
00000e60: 74 69 74 6C 65 3D 22 4E 61 74 75 72 65 2C 20 48    title="Nature, H
00000e70: 69 73 74 6F 72 79 20 26 20 53 63 69 65 6E 63 65    istory & Science
00000e80: 22 2C 57 65 61 74 68 65 72 53 70 79 0A 68 74 74    ",WeatherSpy.htt
00000e90: 70 73 3A 2F 2F 6A 6D 70 32 2E 75 6B 2F 73 74 76    ps://jmp2.uk/stv
00000ea0: 70 2D 55 53 41 4A 33 34 30 30 30 31 34 4C 4B 0A    p-USAJ3400014LK.
00000eb0: 23 45 58 54 49 4E 46 3A 2D 31 20 63 68 61 6E 6E    #EXTINF:-1 chann
00000ec0: 65 6C 2D 69 64 3D 22 55 53 42 43 33 32 30 30 30    el-id="USBC32000
00000ed0: 32 30 51 46 22 20 74 76 67 2D 69 64 3D 22 55 53    20QF" tvg-id="US
00000ee0: 42 43 33 32 30 30 30 32 30 51 46 22 20 74 76 67    BC3200020QF" tvg
00000ef0: 2D 63 68 6E 6F 3D 22 31 34 32 30 22 20 74 76 67    -chno="1420" tvg
00000f00: 2D 6E 61 6D 65 3D 22 57 65 73 74 65 72 6E 20 42    -name="Western B
00000f10: 6F 75 6E 64 22 20 74 76 67 2D 6C 6F 67 6F 3D 22    ound" tvg-logo="
00000f20: 68 74 74 70 73 3A 2F 2F 74 76 70 6E 6C 6F 67 6F    https://tvpnlogo
00000f30: 70 75 73 2E 73 61 6D 73 75 6E 67 63 6C 6F 75 64    pus.samsungcloud
00000f40: 2E 74 76 2F 70 6C 61 74 66 6F 72 6D 2F 69 6D 61    .tv/platform/ima
00000f50: 67 65 2F 73 6F 75 72 63 65 6C 6F 67 6F 2F 76 63    ge/sourcelogo/vc
00000f60: 2F 30 30 2F 30 32 2F 33 34 2F 55 53 42 43 33 32    /00/02/34/USBC32
00000f70: 30 30 30 32 30 51 46 5F 32 30 32 35 30 36 32 33    00020QF_20250623
00000f80: 54 32 32 34 37 33 34 53 51 55 41 52 45 2E 70 6E    T224734SQUARE.pn
00000f90: 67 22 20 67 72 6F 75 70 2D 74 69 74 6C 65 3D 22    g" group-title="
00000fa0: 57 65 73 74 65 72 6E 20 26 20 43 6C 61 73 73 69    Western & Classi
00000fb0: 63 20 54 56 22 2C 57 65 73 74 65 72 6E 20 42 6F    c TV",Western Bo
00000fc0: 75 6E 64 0A 68 74 74 70 73 3A 2F 2F 6A 6D 70 32    und.https://jmp2
00000fd0: 2E 75 6B 2F 73 74 76 70 2D 55 53 42 43 33 32 30    .uk/stvp-USBC320
00000fe0: 30 30 32 30 51 46 0A 23 45 58 54 49 4E 46 3A 2D    0020QF.#EXTINF:-
00000ff0: 31 20 63 68 61 6E 6E 65 6C 2D 69 64 3D 22 55 53    1 channel-id="US
00001000: 34 31 30 30 30 30 33 4D 41 22 20 74 76 67 2D 69    4100003MA" tvg-i
00001010: 64 3D 22 55 53 34 31 30 30 30 30 33 4D 41 22 20    d="US4100003MA" 
00001020: 74 76 67 2D 63 68 6E 6F 3D 22 32 36 37 33 22 20    tvg-chno="2673" 
00001030: 74 76 67 2D 6E 61 6D 65 3D 22 57 68 6F 27 73 20    tvg-name="Who's 
00001040: 54 68 65 20 42 6F 73 73 3F 22 20 74 76 67 2D 6C    The Boss?" tvg-l
00001050: 6F 67 6F 3D 22 68 74 74 70 73 3A 2F 2F 74 76 70    ogo="https://tvp
00001060: 6E 6C 6F 67 6F 70 75 73 2E 73 61 6D 73 75 6E 67    nlogopus.samsung
00001070: 63 6C 6F 75 64 2E 74 76 2F 70 6C 61 74 66 6F 72    cloud.tv/platfor
00001080: 6D 2F 69 6D 61 67 65 2F 73 6F 75 72 63 65 6C 6F    m/image/sourcelo
00001090: 67 6F 2F 76 63 2F 30 30 2F 30 32 2F 33 34 2F 55    go/vc/00/02/34/U
000010a0: 53 34 31 30 30 30 30 33 4D 41 5F 32 30 32 34 31    S4100003MA_20241
000010b0: 31 32 35 54 32 33 35 30 31 38 53 51 55 41 52 45    125T235018SQUARE
000010c0: 2E 70 6E 67 22 20 67 72 6F 75 70 2D 74 69 74 6C    .png" group-titl
000010d0: 65 3D 22 43 6F 6D 65 64 79 22 2C 57 68 6F 27 73    e="Comedy",Who's
000010e0: 20 54 68 65 20 42 6F 73 73 3F 0A 68 74 74 70 73     The Boss?.https
000010f0: 3A 2F 2F 6A 6D 70 32 2E 75 6B 2F 73 74 76 70 2D    ://jmp2.uk/stvp-
00001100: 55 53 34 31 30 30 30 30 33 4D 41 0A 23 45 58 54    US4100003MA.#EXT
00001110: 49 4E 46 3A 2D 31 20 63 68 61 6E 6E 65 6C 2D 69    INF:-1 channel-i
00001120: 64 3D 22 55 53 42 41 33 30 30 30 31 30 30 58 22    d="USBA3000100X"
00001130: 20 74 76 67 2D 69 64 3D 22 55 53 42 41 33 30 30     tvg-id="USBA300
00001140: 30 31 30 30 58 22 20 74 76 67 2D 63 68 6E 6F 3D    0100X" tvg-chno=
00001150: 22 32 38 33 35 22 20 74 76 67 2D 6E 61 6D 65 3D    "2835" tvg-name=
00001160: 22 57 69 6C 64 20 27 4E 20 4F 75 74 22 20 74 76    "Wild 'N Out" tv
00001170: 67 2D 6C 6F 67 6F 3D 22 68 74 74 70 73 3A 2F 2F    g-logo="https://
00001180: 74 76 70 6E 6C 6F 67 6F 70 75 73 2E 73 61 6D 73    tvpnlogopus.sams
00001190: 75 6E 67 63 6C 6F 75 64 2E 74 76 2F 70 6C 61 74    ungcloud.tv/plat
000011a0: 66 6F 72 6D 2F 69 6D 61 67 65 2F 73 6F 75 72 63    form/image/sourc
000011b0: 65 6C 6F 67 6F 2F 76 63 2F 30 30 2F 30 32 2F 33    elogo/vc/00/02/3
000011c0: 34 2F 55 53 42 41 33 30 30 30 31 30 30 58 5F 32    4/USBA3000100X_2
000011d0: 30 32 34 31 31 31 32 54 30 30 30 38 33 32 53 51    0241112T000832SQ
000011e0: 55 41 52 45 2E 70 6E 67 22 20 67 72 6F 75 70 2D    UARE.png" group-
000011f0: 74 69 74 6C 65 3D 22 47 61 6D 65 20 53 68 6F 77    title="Game Show
00001200: 73 22 2C 57 69 6C 64 20 27 4E 20 4F 75 74 0A 68    s",Wild 'N Out.h
00001210: 74 74 70 73 3A 2F 2F 6A 6D 70 32 2E 75 6B 2F 73    ttps://jmp2.uk/s
00001220: 74 76 70 2D 55 53 42 41 33 30 30 30 31 30 30 58    tvp-USBA3000100X
00001230: 0A 23 45 58 54 49 4E 46 3A 2D 31 20 63 68 61 6E    .#EXTINF:-1 chan
00001240: 6E 65 6C 2D 69 64 3D 22 55 53 34 35 30 30 30 30    nel-id="US450000
00001250: 33 42 30 22 20 74 76 67 2D 69 64 3D 22 55 53 34    3B0" tvg-id="US4
00001260: 35 30 30 30 30 33 42 30 22 20 74 76 67 2D 63 68    500003B0" tvg-ch
00001270: 6E 6F 3D 22 31 34 31 35 22 20 74 76 67 2D 6E 61    no="1415" tvg-na
00001280: 6D 65 3D 22 57 69 6C 64 20 57 65 73 74 20 54 56    me="Wild West TV
00001290: 22 20 74 76 67 2D 6C 6F 67 6F 3D 22 68 74 74 70    " tvg-logo="http
000012a0: 73 3A 2F 2F 74 76 70 6E 6C 6F 67 6F 70 75 73 2E    s://tvpnlogopus.
000012b0: 73 61 6D 73 75 6E 67 63 6C 6F 75 64 2E 74 76 2F    samsungcloud.tv/
000012c0: 70 6C 61 74 66 6F 72 6D 2F 69 6D 61 67 65 2F 73    platform/image/s
000012d0: 6F 75 72 63 65 6C 6F 67 6F 2F 76 63 2F 30 30 2F    ourcelogo/vc/00/
000012e0: 30 32 2F 33 34 2F 55 53 34 35 30 30 30 30 33 42    02/34/US4500003B
000012f0: 30 5F 32 30 32 35 31 31 32 35 54 30 33 30 38 31    0_20251125T03081
00001300: 34 53 51 55 41 52 45 2E 70 6E 67 22 20 67 72 6F    4SQUARE.png" gro
00001310: 75 70 2D 74 69 74 6C 65 3D 22 57 65 73 74 65 72    up-title="Wester
00001320: 6E 20 26 20 43 6C 61 73 73 69 63 20 54 56 22 2C    n & Classic TV",
00001330: 57 69 6C 64 20 57 65 73 74 20 54 56 0A 68 74 74    Wild West TV.htt
00001340: 70 73 3A 2F 2F 6A 6D 70 32 2E 75 6B 2F 73 74 76    ps://jmp2.uk/stv
00001350: 70 2D 55 53 34 35 30 30 30 30 33 42 30 0A 23 45    p-US4500003B0.#E
00001360: 58 54 49 4E 46 3A 2D 31 20 63 68 61 6E 6E 65 6C    XTINF:-1 channel
00001370: 2D 69 64 3D 22 55 53 33 38 30 30 30 30 37 43 52    -id="US3800007CR
00001380: 22 20 74 76 67 2D 69 64 3D 22 55 53 33 38 30 30    " tvg-id="US3800
00001390: 30 30 37 43 52 22 20 74 76 67 2D 63 68 6E 6F 3D    007CR" tvg-chno=
000013a0: 22 33 35 33 33 22 20 74 76 67 2D 6E 61 6D 65 3D    "3533" tvg-name=
000013b0: 22 57 69 6C 64 45 61 72 74 68 22 20 74 76 67 2D    "WildEarth" tvg-
000013c0: 6C 6F 67 6F 3D 22 68 74 74 70 73 3A 2F 2F 74 76    logo="https://tv
000013d0: 70 6E 6C 6F 67 6F 70 75 73 2E 73 61 6D 73 75 6E    pnlogopus.samsun
000013e0: 67 63 6C 6F 75 64 2E 74 76 2F 70 6C 61 74 66 6F    gcloud.tv/platfo
000013f0: 72 6D 2F 69 6D 61 67 65 2F 73 6F 75 72 63 65 6C    rm/image/sourcel
00001400: 6F 67 6F 2F 76 63 2F 30 30 2F 30 32 2F 33 34 2F    ogo/vc/00/02/34/
00001410: 55 53 33 38 30 30 30 30 37 43 52 5F 32 30 32 35    US3800007CR_2025
00001420: 30 31 32 31 54 31 30 31 32 32 39 53 51 55 41 52    0121T101229SQUAR
00001430: 45 2E 70 6E 67 22 20 67 72 6F 75 70 2D 74 69 74    E.png" group-tit
00001440: 6C 65 3D 22 4E 61 74 75 72 65 2C 20 48 69 73 74    le="Nature, Hist
00001450: 6F 72 79 20 26 20 53 63 69 65 6E 63 65 22 2C 57    ory & Science",W
00001460: 69 6C 64 45 61 72 74 68 0A 68 74 74 70 73 3A 2F    ildEarth.https:/
00001470: 2F 6A 6D 70 32 2E 75 6B 2F 73 74 76 70 2D 55 53    /jmp2.uk/stvp-US
00001480: 33 38 30 30 30 30 37 43 52 0A 23 45 58 54 49 4E    3800007CR.#EXTIN
00001490: 46 3A 2D 31 20 63 68 61 6E 6E 65 6C 2D 69 64 3D    F:-1 channel-id=
000014a0: 22 55 53 31 39 30 30 30 31 33 5A 37 22 20 74 76    "US1900013Z7" tv
000014b0: 67 2D 69 64 3D 22 55 53 31 39 30 30 30 31 33 5A    g-id="US1900013Z
000014c0: 37 22 20 74 76 67 2D 63 68 6E 6F 3D 22 31 35 37    7" tvg-chno="157
000014d0: 38 22 20 74 76 67 2D 6E 61 6D 65 3D 22 57 69 6C    8" tvg-name="Wil
000014e0: 64 66 69 72 65 22 20 74 76 67 2D 6C 6F 67 6F 3D    dfire" tvg-logo=
000014f0: 22 68 74 74 70 73 3A 2F 2F 74 76 70 6E 6C 6F 67    "https://tvpnlog
00001500: 6F 70 75 73 2E 73 61 6D 73 75 6E 67 63 6C 6F 75    opus.samsungclou
00001510: 64 2E 74 76 2F 70 6C 61 74 66 6F 72 6D 2F 69 6D    d.tv/platform/im
00001520: 61 67 65 2F 73 6F 75 72 63 65 6C 6F 67 6F 2F 76    age/sourcelogo/v
00001530: 63 2F 30 30 2F 30 32 2F 33 34 2F 55 53 31 39 30    c/00/02/34/US190
00001540: 30 30 31 33 5A 37 5F 32 30 32 35 31 32 30 32 54    0013Z7_20251202T
00001550: 30 30 35 39 34 34 53 51 55 41 52 45 2E 70 6E 67    005944SQUARE.png
00001560: 22 20 67 72 6F 75 70 2D 74 69 74 6C 65 3D 22 41    " group-title="A
00001570: 63 74 69 6F 6E 20 26 20 44 72 61 6D 61 22 2C 57    ction & Drama",W
00001580: 69 6C 64 66 69 72 65 0A 68 74 74 70 73 3A 2F 2F    ildfire.https://
00001590: 6A 6D 70 32 2E 75 6B 2F 73 74 76 70 2D 55 53 31    jmp2.uk/stvp-US1
000015a0: 39 30 30 30 31 33 5A 37 0A 23 45 58 54 49 4E 46    900013Z7.#EXTINF
000015b0: 3A 2D 31 20 63 68 61 6E 6E 65 6C 2D 69 64 3D 22    :-1 channel-id="
000015c0: 55 53 32 30 30 30 30 31 33 31 4D 22 20 74 76 67    US20000131M" tvg
000015d0: 2D 69 64 3D 22 55 53 32 30 30 30 30 31 33 31 4D    -id="US20000131M
000015e0: 22 20 74 76 67 2D 63 68 6E 6F 3D 22 32 33 37 37    " tvg-chno="2377
000015f0: 22 20 74 76 67 2D 6E 61 6D 65 3D 22 57 69 6C 6C    " tvg-name="Will
00001600: 6F 77 20 53 70 6F 72 74 73 22 20 74 76 67 2D 6C    ow Sports" tvg-l
00001610: 6F 67 6F 3D 22 68 74 74 70 73 3A 2F 2F 74 76 70    ogo="https://tvp
00001620: 6E 6C 6F 67 6F 70 75 73 2E 73 61 6D 73 75 6E 67    nlogopus.samsung
00001630: 63 6C 6F 75 64 2E 74 76 2F 70 6C 61 74 66 6F 72    cloud.tv/platfor
00001640: 6D 2F 69 6D 61 67 65 2F 73 6F 75 72 63 65 6C 6F    m/image/sourcelo
00001650: 67 6F 2F 76 63 2F 30 30 2F 30 32 2F 33 34 2F 55    go/vc/00/02/34/U
00001660: 53 32 30 30 30 30 31 33 31 4D 5F 32 30 32 35 31    S20000131M_20251
00001670: 32 30 39 54 30 31 30 30 30 31 53 51 55 41 52 45    209T010001SQUARE
00001680: 2E 70 6E 67 22 20 67 72 6F 75 70 2D 74 69 74 6C    .png" group-titl
00001690: 65 3D 22 53 70 6F 72 74 73 20 26 20 4F 75 74 64    e="Sports & Outd
000016a0: 6F 6F 72 73 22 2C 57 69 6C 6C 6F 77 20 53 70 6F    oors",Willow Spo
000016b0: 72 74 73 0A 68 74 74 70 73 3A 2F 2F 6A 6D 70 32    rts.https://jmp2
000016c0: 2E 75 6B 2F 73 74 76 70 2D 55 53 32 30 30 30 30    .uk/stvp-US20000
000016d0: 31 33 31 4D 0A 23 45 58 54 49 4E 46 3A 2D 31 20    131M.#EXTINF:-1 
000016e0: 63 68 61 6E 6E 65 6C 2D 69 64 3D 22 55 53 31 34    channel-id="US14
000016f0: 30 30 30 31 30 53 30 22 20 74 76 67 2D 69 64 3D    00010S0" tvg-id=
00001700: 22 55 53 31 34 30 30 30 31 30 53 30 22 20 74 76    "US1400010S0" tv
00001710: 67 2D 63 68 6E 6F 3D 22 34 35 35 30 22 20 74 76    g-chno="4550" tv
00001720: 67 2D 6E 61 6D 65 3D 22 57 69 6E 74 65 72 20 56    g-name="Winter V
00001730: 69 62 65 73 22 20 74 76 67 2D 6C 6F 67 6F 3D 22    ibes" tvg-logo="
00001740: 68 74 74 70 73 3A 2F 2F 74 76 70 6E 6C 6F 67 6F    https://tvpnlogo
00001750: 70 75 73 2E 73 61 6D 73 75 6E 67 63 6C 6F 75 64    pus.samsungcloud
00001760: 2E 74 76 2F 70 6C 61 74 66 6F 72 6D 2F 69 6D 61    .tv/platform/ima
00001770: 67 65 2F 73 6F 75 72 63 65 6C 6F 67 6F 2F 76 63    ge/sourcelogo/vc
00001780: 2F 30 30 2F 30 32 2F 33 34 2F 55 53 31 34 30 30    /00/02/34/US1400
00001790: 30 31 30 53 30 5F 32 30 32 35 31 32 30 32 54 30    010S0_20251202T0
000017a0: 30 35 39 30 31 53 51 55 41 52 45 2E 70 6E 67 22    05901SQUARE.png"
000017b0: 20 67 72 6F 75 70 2D 74 69 74 6C 65 3D 22 41 6D     group-title="Am
000017c0: 62 69 61 6E 63 65 22 2C 57 69 6E 74 65 72 20 56    biance",Winter V
000017d0: 69 62 65 73 0A 68 74 74 70 73 3A 2F 2F 6A 6D 70    ibes.https://jmp
000017e0: 32 2E 75 6B 2F 73 74 76 70 2D 55 53 31 34 30 30    2.uk/stvp-US1400
000017f0: 30 31 30 53 30 0A 23 45 58 54 49 4E 46 3A 2D 31    010S0.#EXTINF:-1
00001800: 20 63 68 61 6E 6E 65 6C 2D 69 64 3D 22 55 53 42     channel-id="USB
00001810: 42 34 34 30 30 30 31 38 4C 52 22 20 74 76 67 2D    B4400018LR" tvg-
00001820: 69 64 3D 22 55 53 42 42 34 34 30 30 30 31 38 4C    id="USBB4400018L
00001830: 52 22 20 74 76 67 2D 63 68 6E 6F 3D 22 32 37 31    R" tvg-chno="271
00001840: 36 22 20 74 76 67 2D 6E 61 6D 65 3D 22 57 69 70    6" tvg-name="Wip
00001850: 65 6F 75 74 20 58 74 72 61 22 20 74 76 67 2D 6C    eout Xtra" tvg-l
00001860: 6F 67 6F 3D 22 68 74 74 70 73 3A 2F 2F 74 76 70    ogo="https://tvp
00001870: 6E 6C 6F 67 6F 70 75 73 2E 73 61 6D 73 75 6E 67    nlogopus.samsung
00001880: 63 6C 6F 75 64 2E 74 76 2F 70 6C 61 74 66 6F 72    cloud.tv/platfor
00001890: 6D 2F 69 6D 61 67 65 2F 73 6F 75 72 63 65 6C 6F    m/image/sourcelo
000018a0: 67 6F 2F 76 63 2F 30 30 2F 30 32 2F 33 34 2F 55    go/vc/00/02/34/U
000018b0: 53 42 42 34 34 30 30 30 31 38 4C 52 5F 32 30 32    SBB4400018LR_202
000018c0: 34 31 30 31 34 54 32 33 32 32 30 30 53 51 55 41    41014T232200SQUA
000018d0: 52 45 2E 70 6E 67 22 20 67 72 6F 75 70 2D 74 69    RE.png" group-ti
000018e0: 74 6C 65 3D 22 52 65 61 6C 69 74 79 20 43 6F 6D    tle="Reality Com
000018f0: 70 65 74 69 74 69 6F 6E 22 2C 57 69 70 65 6F 75    petition",Wipeou
00001900: 74 20 58 74 72 61 0A 68 74 74 70 73 3A 2F 2F 6A    t Xtra.https://j
00001910: 6D 70 32 2E 75 6B 2F 73 74 76 70 2D 55 53 42 42    mp2.uk/stvp-USBB
00001920: 34 34 30 30 30 31 38 4C 52 0A 23 45 58 54 49 4E    4400018LR.#EXTIN
00001930: 46 3A 2D 31 20 63 68 61 6E 6E 65 6C 2D 69 64 3D    F:-1 channel-id=
00001940: 22 55 53 37 30 30 30 31 30 58 4B 22 20 74 76 67    "US700010XK" tvg
00001950: 2D 69 64 3D 22 55 53 37 30 30 30 31 30 58 4B 22    -id="US700010XK"
00001960: 20 74 76 67 2D 63 68 6E 6F 3D 22 31 38 33 33 22     tvg-chno="1833"
00001970: 20 74 76 67 2D 6E 61 6D 65 3D 22 57 69 74 6E 65     tvg-name="Witne
00001980: 73 73 20 74 6F 20 4A 75 73 74 69 63 65 22 20 74    ss to Justice" t
00001990: 76 67 2D 6C 6F 67 6F 3D 22 68 74 74 70 73 3A 2F    vg-logo="https:/
000019a0: 2F 74 76 70 6E 6C 6F 67 6F 70 75 73 2E 73 61 6D    /tvpnlogopus.sam
000019b0: 73 75 6E 67 63 6C 6F 75 64 2E 74 76 2F 70 6C 61    sungcloud.tv/pla
000019c0: 74 66 6F 72 6D 2F 69 6D 61 67 65 2F 73 6F 75 72    tform/image/sour
000019d0: 63 65 6C 6F 67 6F 2F 76 63 2F 30 30 2F 30 32 2F    celogo/vc/00/02/
000019e0: 33 34 2F 55 53 37 30 30 30 31 30 58 4B 5F 32 30    34/US700010XK_20
000019f0: 32 35 30 39 31 35 54 32 33 33 39 32 37 53 51 55    250915T233927SQU
00001a00: 41 52 45 2E 70 6E 67 22 20 67 72 6F 75 70 2D 74    ARE.png" group-t
00001a10: 69 74 6C 65 3D 22 43 72 69 6D 65 22 2C 57 69 74    itle="Crime",Wit
00001a20: 6E 65 73 73 20 74 6F 20 4A 75 73 74 69 63 65 0A    ness to Justice.
00001a30: 68 74 74 70 73 3A 2F 2F 6A 6D 70 32 2E 75 6B 2F    https://jmp2.uk/
00001a40: 73 74 76 70 2D 55 53 37 30 30 30 31 30 58 4B 0A    stvp-US700010XK.
00001a50: 23 45 58 54 49 4E 46 3A 2D 31 20 63 68 61 6E 6E    #EXTINF:-1 chann
00001a60: 65 6C 2D 69 64 3D 22 55 53 34 31 30 30 30 30 31    el-id="US4100001
00001a70: 4B 50 22 20 74 76 67 2D 69 64 3D 22 55 53 34 31    KP" tvg-id="US41
00001a80: 30 30 30 30 31 4B 50 22 20 74 76 67 2D 63 68 6E    00001KP" tvg-chn
00001a90: 6F 3D 22 32 34 33 30 22 20 74 76 67 2D 6E 61 6D    o="2430" tvg-nam
00001aa0: 65 3D 22 57 6F 6D 65 6E 27 73 20 53 70 6F 72 74    e="Women's Sport
00001ab0: 73 20 4E 65 74 77 6F 72 6B 22 20 74 76 67 2D 6C    s Network" tvg-l
00001ac0: 6F 67 6F 3D 22 68 74 74 70 73 3A 2F 2F 74 76 70    ogo="https://tvp
00001ad0: 6E 6C 6F 67 6F 70 75 73 2E 73 61 6D 73 75 6E 67    nlogopus.samsung
00001ae0: 63 6C 6F 75 64 2E 74 76 2F 70 6C 61 74 66 6F 72    cloud.tv/platfor
00001af0: 6D 2F 69 6D 61 67 65 2F 73 6F 75 72 63 65 6C 6F    m/image/sourcelo
00001b00: 67 6F 2F 76 63 2F 30 30 2F 30 32 2F 33 34 2F 55    go/vc/00/02/34/U
00001b10: 53 34 31 30 30 30 30 31 4B 50 5F 32 30 32 34 31    S4100001KP_20241
00001b20: 32 31 30 54 30 31 33 39 34 36 53 51 55 41 52 45    210T013946SQUARE
00001b30: 2E 70 6E 67 22 20 67 72 6F 75 70 2D 74 69 74 6C    .png" group-titl
00001b40: 65 3D 22 53 70 6F 72 74 73 20 26 20 4F 75 74 64    e="Sports & Outd
00001b50: 6F 6F 72 73 22 2C 57 6F 6D 65 6E 27 73 20 53 70    oors",Women's Sp
00001b60: 6F 72 74 73 20 4E 65 74 77 6F 72 6B 0A 68 74 74    orts Network.htt
00001b70: 70 73 3A 2F 2F 6A 6D 70 32 2E 75 6B 2F 73 74 76    ps://jmp2.uk/stv
00001b80: 70 2D 55 53 34 31 30 30 30 30 31 4B 50 0A 23 45    p-US4100001KP.#E
00001b90: 58 54 49 4E 46 3A 2D 31 20 63 68 61 6E 6E 65 6C    XTINF:-1 channel
00001ba0: 2D 69 64 3D 22 55 53 42 44 31 37 30 30 30 30 39    -id="USBD1700009
00001bb0: 50 35 22 20 74 76 67 2D 69 64 3D 22 55 53 42 44    P5" tvg-id="USBD
00001bc0: 31 37 30 30 30 30 39 50 35 22 20 74 76 67 2D 63    1700009P5" tvg-c
00001bd0: 68 6E 6F 3D 22 32 34 34 38 22 20 74 76 67 2D 6E    hno="2448" tvg-n
00001be0: 61 6D 65 3D 22 57 6F 72 6C 64 20 50 6F 6B 65 72    ame="World Poker
00001bf0: 20 54 6F 75 72 22 20 74 76 67 2D 6C 6F 67 6F 3D     Tour" tvg-logo=
00001c00: 22 68 74 74 70 73 3A 2F 2F 74 76 70 6E 6C 6F 67    "https://tvpnlog
00001c10: 6F 70 75 73 2E 73 61 6D 73 75 6E 67 63 6C 6F 75    opus.samsungclou
00001c20: 64 2E 74 76 2F 70 6C 61 74 66 6F 72 6D 2F 69 6D    d.tv/platform/im
00001c30: 61 67 65 2F 73 6F 75 72 63 65 6C 6F 67 6F 2F 76    age/sourcelogo/v
00001c40: 63 2F 30 30 2F 30 32 2F 33 34 2F 55 53 42 44 31    c/00/02/34/USBD1
00001c50: 37 30 30 30 30 39 50 35 5F 32 30 32 35 30 36 30    700009P5_2025060
00001c60: 32 54 32 33 31 35 34 33 53 51 55 41 52 45 2E 70    2T231543SQUARE.p
00001c70: 6E 67 22 20 67 72 6F 75 70 2D 74 69 74 6C 65 3D    ng" group-title=
00001c80: 22 53 70 6F 72 74 73 20 26 20 4F 75 74 64 6F 6F    "Sports & Outdoo
00001c90: 72 73 22 2C 57 6F 72 6C 64 20 50 6F 6B 65 72 20    rs",World Poker 
00001ca0: 54 6F 75 72 0A 68 74 74 70 73 3A 2F 2F 6A 6D 70    Tour.https://jmp
00001cb0: 32 2E 75 6B 2F 73 74 76 70 2D 55 53 42 44 31 37    2.uk/stvp-USBD17
00001cc0: 30 30 30 30 39 50 35 0A 23 45 58 54 49 4E 46 3A    00009P5.#EXTINF:
00001cd0: 2D 31 20 63 68 61 6E 6E 65 6C 2D 69 64 3D 22 55    -1 channel-id="U
00001ce0: 53 42 43 31 30 30 30 30 30 32 4E 50 22 20 74 76    SBC1000002NP" tv
00001cf0: 67 2D 69 64 3D 22 55 53 42 43 31 30 30 30 30 30    g-id="USBC100000
00001d00: 32 4E 50 22 20 74 76 67 2D 63 68 6E 6F 3D 22 31    2NP" tvg-chno="1
00001d10: 38 32 39 22 20 74 76 67 2D 6E 61 6D 65 3D 22 57    829" tvg-name="W
00001d20: 6F 72 6C 64 92 73 20 4D 6F 73 74 20 45 76 69 6C    orld.s Most Evil
00001d30: 20 4B 69 6C 6C 65 72 73 22 20 74 76 67 2D 6C 6F     Killers" tvg-lo
00001d40: 67 6F 3D 22 68 74 74 70 73 3A 2F 2F 74 76 70 6E    go="https://tvpn
00001d50: 6C 6F 67 6F 70 75 73 2E 73 61 6D 73 75 6E 67 63    logopus.samsungc
00001d60: 6C 6F 75 64 2E 74 76 2F 70 6C 61 74 66 6F 72 6D    loud.tv/platform
00001d70: 2F 69 6D 61 67 65 2F 73 6F 75 72 63 65 6C 6F 67    /image/sourcelog
00001d80: 6F 2F 76 63 2F 30 30 2F 30 32 2F 33 34 2F 55 53    o/vc/00/02/34/US
00001d90: 42 43 31 30 30 30 30 30 32 4E 50 5F 32 30 32 34    BC1000002NP_2024
00001da0: 31 30 31 34 54 32 33 32 32 31 32 53 51 55 41 52    1014T232212SQUAR
00001db0: 45 2E 70 6E 67 22 20 67 72 6F 75 70 2D 74 69 74    E.png" group-tit
00001dc0: 6C 65 3D 22 43 72 69 6D 65 22 2C 57 6F 72 6C 64    le="Crime",World
00001dd0: 92 73 20 4D 6F 73 74 20 45 76 69 6C 20 4B 69 6C    .s Most Evil Kil
00001de0: 6C 65 72 73 0A 68 74 74 70 73 3A 2F 2F 6A 6D 70    lers.https://jmp
00001df0: 32 2E 75 6B 2F 73 74 76 70 2D 55 53 42 43 31 30    2.uk/stvp-USBC10
00001e00: 30 30 30 30 32 4E 50 0A 23 45 58 54 49 4E 46 3A    00002NP.#EXTINF:
00001e10: 2D 31 20 63 68 61 6E 6E 65 6C 2D 69 64 3D 22 55    -1 channel-id="U
00001e20: 53 37 30 30 30 30 35 49 44 22 20 74 76 67 2D 69    S700005ID" tvg-i
00001e30: 64 3D 22 55 53 37 30 30 30 30 35 49 44 22 20 74    d="US700005ID" t
00001e40: 76 67 2D 63 68 6E 6F 3D 22 32 39 30 34 22 20 74    vg-chno="2904" t
00001e50: 76 67 2D 6E 61 6D 65 3D 22 57 57 45 20 53 75 70    vg-name="WWE Sup
00001e60: 65 72 73 74 61 72 20 43 65 6E 74 72 61 6C 22 20    erstar Central" 
00001e70: 74 76 67 2D 6C 6F 67 6F 3D 22 68 74 74 70 73 3A    tvg-logo="https:
00001e80: 2F 2F 74 76 70 6E 6C 6F 67 6F 70 75 73 2E 73 61    //tvpnlogopus.sa
00001e90: 6D 73 75 6E 67 63 6C 6F 75 64 2E 74 76 2F 70 6C    msungcloud.tv/pl
00001ea0: 61 74 66 6F 72 6D 2F 69 6D 61 67 65 2F 73 6F 75    atform/image/sou
00001eb0: 72 63 65 6C 6F 67 6F 2F 76 63 2F 30 30 2F 30 32    rcelogo/vc/00/02
00001ec0: 2F 33 34 2F 55 53 37 30 30 30 30 35 49 44 5F 32    /34/US700005ID_2
00001ed0: 30 32 35 30 34 30 38 54 30 32 30 38 31 32 53 51    0250408T020812SQ
00001ee0: 55 41 52 45 2E 70 6E 67 22 20 67 72 6F 75 70 2D    UARE.png" group-
00001ef0: 74 69 74 6C 65 3D 22 4C 69 66 65 73 74 79 6C 65    title="Lifestyle
00001f00: 20 26 20 50 6F 70 20 43 75 6C 74 75 72 65 22 2C     & Pop Culture",
00001f10: 57 57 45 20 53 75 70 65 72 73 74 61 72 20 43 65    WWE Superstar Ce
00001f20: 6E 74 72 61 6C 0A 68 74 74 70 73 3A 2F 2F 6A 6D    ntral.https://jm
00001f30: 70 32 2E 75 6B 2F 73 74 76 70 2D 55 53 37 30 30    p2.uk/stvp-US700
00001f40: 30 30 35 49 44 0A 23 45 58 54 49 4E 46 3A 2D 31    005ID.#EXTINF:-1
00001f50: 20 63 68 61 6E 6E 65 6C 2D 69 64 3D 22 55 53 42     channel-id="USB
00001f60: 42 33 32 30 30 30 30 36 34 37 22 20 74 76 67 2D    B320000647" tvg-
00001f70: 69 64 3D 22 55 53 42 42 33 32 30 30 30 30 36 34    id="USBB32000064
00001f80: 37 22 20 74 76 67 2D 63 68 6E 6F 3D 22 34 33 31    7" tvg-chno="431
00001f90: 38 22 20 74 76 67 2D 6E 61 6D 65 3D 22 58 49 54    8" tvg-name="XIT
00001fa0: 45 20 38 30 73 20 46 6C 61 73 68 62 61 63 6B 22    E 80s Flashback"
00001fb0: 20 74 76 67 2D 6C 6F 67 6F 3D 22 68 74 74 70 73     tvg-logo="https
00001fc0: 3A 2F 2F 74 76 70 6E 6C 6F 67 6F 70 75 73 2E 73    ://tvpnlogopus.s
00001fd0: 61 6D 73 75 6E 67 63 6C 6F 75 64 2E 74 76 2F 70    amsungcloud.tv/p
00001fe0: 6C 61 74 66 6F 72 6D 2F 69 6D 61 67 65 2F 73 6F    latform/image/so
00001ff0: 75 72 63 65 6C 6F 67 6F 2F 76 63 2F 30 30 2F 30    urcelogo/vc/00/0
00002000: 32 2F 33 34 2F 55 53 42 42 33 32 30 30 30 30 36    2/34/USBB3200006
00002010: 34 37 5F 32 30 32 35 30 34 32 31 54 32 33 34 39    47_20250421T2349
00002020: 32 33 53 51 55 41 52 45 2E 70 6E 67 22 20 67 72    23SQUARE.png" gr
00002030: 6F 75 70 2D 74 69 74 6C 65 3D 22 4D 75 73 69 63    oup-title="Music
00002040: 22 2C 58 49 54 45 20 38 30 73 20 46 6C 61 73 68    ",XITE 80s Flash
00002050: 62 61 63 6B 0A 68 74 74 70 73 3A 2F 2F 6A 6D 70    back.https://jmp
00002060: 32 2E 75 6B 2F 73 74 76 70 2D 55 53 42 42 33 32    2.uk/stvp-USBB32
00002070: 30 30 30 30 36 34 37 0A 23 45 58 54 49 4E 46 3A    0000647.#EXTINF:
00002080: 2D 31 20 63 68 61 6E 6E 65 6C 2D 69 64 3D 22 55    -1 channel-id="U
00002090: 53 42 42 33 32 30 30 30 30 37 41 4B 22 20 74 76    SBB3200007AK" tv
000020a0: 67 2D 69 64 3D 22 55 53 42 42 33 32 30 30 30 30    g-id="USBB320000
000020b0: 37 41 4B 22 20 74 76 67 2D 63 68 6E 6F 3D 22 34    7AK" tvg-chno="4
000020c0: 33 31 39 22 20 74 76 67 2D 6E 61 6D 65 3D 22 58    319" tvg-name="X
000020d0: 49 54 45 20 39 30 73 20 54 68 72 6F 77 62 61 63    ITE 90s Throwbac
000020e0: 6B 22 20 74 76 67 2D 6C 6F 67 6F 3D 22 68 74 74    k" tvg-logo="htt
000020f0: 70 73 3A 2F 2F 74 76 70 6E 6C 6F 67 6F 70 75 73    ps://tvpnlogopus
00002100: 2E 73 61 6D 73 75 6E 67 63 6C 6F 75 64 2E 74 76    .samsungcloud.tv
00002110: 2F 70 6C 61 74 66 6F 72 6D 2F 69 6D 61 67 65 2F    /platform/image/
00002120: 73 6F 75 72 63 65 6C 6F 67 6F 2F 76 63 2F 30 30    sourcelogo/vc/00
00002130: 2F 30 32 2F 33 34 2F 55 53 42 42 33 32 30 30 30    /02/34/USBB32000
00002140: 30 37 41 4B 5F 32 30 32 35 30 34 32 31 54 32 33    07AK_20250421T23
00002150: 34 39 32 36 53 51 55 41 52 45 2E 70 6E 67 22 20    4926SQUARE.png" 
00002160: 67 72 6F 75 70 2D 74 69 74 6C 65 3D 22 4D 75 73    group-title="Mus
00002170: 69 63 22 2C 58 49 54 45 20 39 30 73 20 54 68 72    ic",XITE 90s Thr
00002180: 6F 77 62 61 63 6B 0A 68 74 74 70 73 3A 2F 2F 6A    owback.https://j
00002190: 6D 70 32 2E 75 6B 2F 73 74 76 70 2D 55 53 42 42    mp2.uk/stvp-USBB
000021a0: 33 32 30 30 30 30 37 41 4B 0A 23 45 58 54 49 4E    3200007AK.#EXTIN
000021b0: 46 3A 2D 31 20 63 68 61 6E 6E 65 6C 2D 69 64 3D    F:-1 channel-id=
000021c0: 22 55 53 34 36 30 30 30 30 37 32 4C 22 20 74 76    "US46000072L" tv
000021d0: 67 2D 69 64 3D 22 55 53 34 36 30 30 30 30 37 32    g-id="US46000072
000021e0: 4C 22 20 74 76 67 2D 63 68 6E 6F 3D 22 34 33 33    L" tvg-chno="433
000021f0: 35 22 20 74 76 67 2D 6E 61 6D 65 3D 22 58 49 54    5" tvg-name="XIT
00002200: 45 20 43 68 72 69 73 74 69 61 6E 20 48 69 74 73    E Christian Hits
00002210: 22 20 74 76 67 2D 6C 6F 67 6F 3D 22 68 74 74 70    " tvg-logo="http
00002220: 73 3A 2F 2F 74 76 70 6E 6C 6F 67 6F 70 75 73 2E    s://tvpnlogopus.
00002230: 73 61 6D 73 75 6E 67 63 6C 6F 75 64 2E 74 76 2F    samsungcloud.tv/
00002240: 70 6C 61 74 66 6F 72 6D 2F 69 6D 61 67 65 2F 73    platform/image/s
00002250: 6F 75 72 63 65 6C 6F 67 6F 2F 76 63 2F 30 30 2F    ourcelogo/vc/00/
00002260: 30 32 2F 33 34 2F 55 53 34 36 30 30 30 30 37 32    02/34/US46000072
00002270: 4C 5F 32 30 32 35 30 32 30 34 54 30 31 34 33 32    L_20250204T01432
00002280: 33 53 51 55 41 52 45 2E 70 6E 67 22 20 67 72 6F    3SQUARE.png" gro
00002290: 75 70 2D 74 69 74 6C 65 3D 22 4D 75 73 69 63 22    up-title="Music"
000022a0: 2C 58 49 54 45 20 43 68 72 69 73 74 69 61 6E 20    ,XITE Christian 
000022b0: 48 69 74 73 0A 68 74 74 70 73 3A 2F 2F 6A 6D 70    Hits.https://jmp
000022c0: 32 2E 75 6B 2F 73 74 76 70 2D 55 53 34 36 30 30    2.uk/stvp-US4600
000022d0: 30 30 37 32 4C 0A 23 45 58 54 49 4E 46 3A 2D 31    0072L.#EXTINF:-1
000022e0: 20 63 68 61 6E 6E 65 6C 2D 69 64 3D 22 55 53 42     channel-id="USB
000022f0: 44 33 33 30 30 30 31 31 55 54 22 20 74 76 67 2D    D3300011UT" tvg-
00002300: 69 64 3D 22 55 53 42 44 33 33 30 30 30 31 31 55    id="USBD3300011U
00002310: 54 22 20 74 76 67 2D 63 68 6E 6F 3D 22 34 33 33    T" tvg-chno="433
00002320: 33 22 20 74 76 67 2D 6E 61 6D 65 3D 22 58 49 54    3" tvg-name="XIT
00002330: 45 20 43 6C 61 73 73 69 63 20 43 6F 75 6E 74 72    E Classic Countr
00002340: 79 22 20 74 76 67 2D 6C 6F 67 6F 3D 22 68 74 74    y" tvg-logo="htt
00002350: 70 73 3A 2F 2F 74 76 70 6E 6C 6F 67 6F 70 75 73    ps://tvpnlogopus
00002360: 2E 73 61 6D 73 75 6E 67 63 6C 6F 75 64 2E 74 76    .samsungcloud.tv
00002370: 2F 70 6C 61 74 66 6F 72 6D 2F 69 6D 61 67 65 2F    /platform/image/
00002380: 73 6F 75 72 63 65 6C 6F 67 6F 2F 76 63 2F 30 30    sourcelogo/vc/00
00002390: 2F 30 32 2F 33 34 2F 55 53 42 44 33 33 30 30 30    /02/34/USBD33000
000023a0: 31 31 55 54 5F 32 30 32 34 30 37 31 36 54 30 30    11UT_20240716T00
000023b0: 32 36 34 31 53 51 55 41 52 45 2E 70 6E 67 22 20    2641SQUARE.png" 
000023c0: 67 72 6F 75 70 2D 74 69 74 6C 65 3D 22 4D 75 73    group-title="Mus
000023d0: 69 63 22 2C 58 49 54 45 20 43 6C 61 73 73 69 63    ic",XITE Classic
000023e0: 20 43 6F 75 6E 74 72 79 0A 68 74 74 70 73 3A 2F     Country.https:/
000023f0: 2F 6A 6D 70 32 2E 75 6B 2F 73 74 76 70 2D 55 53    /jmp2.uk/stvp-US
00002400: 42 44 33 33 30 30 30 31 31 55 54 0A 23 45 58 54    BD3300011UT.#EXT
00002410: 49 4E 46 3A 2D 31 20 63 68 61 6E 6E 65 6C 2D 69    INF:-1 channel-i
00002420: 64 3D 22 55 53 42 44 33 33 30 30 30 30 36 4F 33    d="USBD3300006O3
00002430: 22 20 74 76 67 2D 69 64 3D 22 55 53 42 44 33 33    " tvg-id="USBD33
00002440: 30 30 30 30 36 4F 33 22 20 74 76 67 2D 63 68 6E    00006O3" tvg-chn
00002450: 6F 3D 22 34 33 32 38 22 20 74 76 67 2D 6E 61 6D    o="4328" tvg-nam
00002460: 65 3D 22 58 49 54 45 20 43 6F 75 6E 74 72 79 20    e="XITE Country 
00002470: 54 6F 64 61 79 22 20 74 76 67 2D 6C 6F 67 6F 3D    Today" tvg-logo=
00002480: 22 68 74 74 70 73 3A 2F 2F 74 76 70 6E 6C 6F 67    "https://tvpnlog
00002490: 6F 70 75 73 2E 73 61 6D 73 75 6E 67 63 6C 6F 75    opus.samsungclou
000024a0: 64 2E 74 76 2F 70 6C 61 74 66 6F 72 6D 2F 69 6D    d.tv/platform/im
000024b0: 61 67 65 2F 73 6F 75 72 63 65 6C 6F 67 6F 2F 76    age/sourcelogo/v
000024c0: 63 2F 30 30 2F 30 32 2F 33 34 2F 55 53 42 44 33    c/00/02/34/USBD3
000024d0: 33 30 30 30 30 36 4F 33 5F 32 30 32 34 30 37 31    300006O3_2024071
000024e0: 36 54 30 30 32 36 33 39 53 51 55 41 52 45 2E 70    6T002639SQUARE.p
000024f0: 6E 67 22 20 67 72 6F 75 70 2D 74 69 74 6C 65 3D    ng" group-title=
00002500: 22 4D 75 73 69 63 22 2C 58 49 54 45 20 43 6F 75    "Music",XITE Cou
00002510: 6E 74 72 79 20 54 6F 64 61 79 0A 68 74 74 70 73    ntry Today.https
00002520: 3A 2F 2F 6A 6D 70 32 2E 75 6B 2F 73 74 76 70 2D    ://jmp2.uk/stvp-
00002530: 55 53 42 44 33 33 30 30 30 30 36 4F 33 0A 23 45    USBD3300006O3.#E
00002540: 58 54 49 4E 46 3A 2D 31 20 63 68 61 6E 6E 65 6C    XTINF:-1 channel
00002550: 2D 69 64 3D 22 55 53 42 44 33 35 30 30 30 33 39    -id="USBD3500039
00002560: 33 32 22 20 74 76 67 2D 69 64 3D 22 55 53 42 44    32" tvg-id="USBD
00002570: 33 35 30 30 30 33 39 33 32 22 20 74 76 67 2D 63    350003932" tvg-c
00002580: 68 6E 6F 3D 22 34 33 32 33 22 20 74 76 67 2D 6E    hno="4323" tvg-n
00002590: 61 6D 65 3D 22 58 49 54 45 20 48 61 70 70 79 20    ame="XITE Happy 
000025a0: 48 6F 6C 69 64 61 79 73 22 20 74 76 67 2D 6C 6F    Holidays" tvg-lo
000025b0: 67 6F 3D 22 68 74 74 70 73 3A 2F 2F 74 76 70 6E    go="https://tvpn
000025c0: 6C 6F 67 6F 70 75 73 2E 73 61 6D 73 75 6E 67 63    logopus.samsungc
000025d0: 6C 6F 75 64 2E 74 76 2F 70 6C 61 74 66 6F 72 6D    loud.tv/platform
000025e0: 2F 69 6D 61 67 65 2F 73 6F 75 72 63 65 6C 6F 67    /image/sourcelog
000025f0: 6F 2F 76 63 2F 30 30 2F 30 32 2F 33 34 2F 55 53    o/vc/00/02/34/US
00002600: 42 44 33 35 30 30 30 33 39 33 32 5F 32 30 32 35    BD350003932_2025
00002610: 31 31 31 30 54 32 33 35 30 33 31 53 51 55 41 52    1110T235031SQUAR
00002620: 45 2E 70 6E 67 22 20 67 72 6F 75 70 2D 74 69 74    E.png" group-tit
00002630: 6C 65 3D 22 4D 75 73 69 63 22 2C 58 49 54 45 20    le="Music",XITE 
00002640: 48 61 70 70 79 20 48 6F 6C 69 64 61 79 73 0A 68    Happy Holidays.h
00002650: 74 74 70 73 3A 2F 2F 6A 6D 70 32 2E 75 6B 2F 73    ttps://jmp2.uk/s
00002660: 74 76 70 2D 55 53 42 44 33 35 30 30 30 33 39 33    tvp-USBD35000393
00002670: 32 0A 23 45 58 54 49 4E 46 3A 2D 31 20 63 68 61    2.#EXTINF:-1 cha
00002680: 6E 6E 65 6C 2D 69 64 3D 22 55 53 42 44 33 33 30    nnel-id="USBD330
00002690: 30 30 30 34 52 48 22 20 74 76 67 2D 69 64 3D 22    0004RH" tvg-id="
000026a0: 55 53 42 44 33 33 30 30 30 30 34 52 48 22 20 74    USBD3300004RH" t
000026b0: 76 67 2D 63 68 6E 6F 3D 22 34 33 31 36 22 20 74    vg-chno="4316" t
000026c0: 76 67 2D 6E 61 6D 65 3D 22 58 49 54 45 20 48 69    vg-name="XITE Hi
000026d0: 74 73 22 20 74 76 67 2D 6C 6F 67 6F 3D 22 68 74    ts" tvg-logo="ht
000026e0: 74 70 73 3A 2F 2F 74 76 70 6E 6C 6F 67 6F 70 75    tps://tvpnlogopu
000026f0: 73 2E 73 61 6D 73 75 6E 67 63 6C 6F 75 64 2E 74    s.samsungcloud.t
00002700: 76 2F 70 6C 61 74 66 6F 72 6D 2F 69 6D 61 67 65    v/platform/image
00002710: 2F 73 6F 75 72 63 65 6C 6F 67 6F 2F 76 63 2F 30    /sourcelogo/vc/0
00002720: 30 2F 30 32 2F 33 34 2F 55 53 42 44 33 33 30 30    0/02/34/USBD3300
00002730: 30 30 34 52 48 5F 32 30 32 35 30 34 32 31 54 32    004RH_20250421T2
00002740: 33 34 39 33 30 53 51 55 41 52 45 2E 70 6E 67 22    34930SQUARE.png"
00002750: 20 67 72 6F 75 70 2D 74 69 74 6C 65 3D 22 4D 75     group-title="Mu
00002760: 73 69 63 22 2C 58 49 54 45 20 48 69 74 73 0A 68    sic",XITE Hits.h
00002770: 74 74 70 73 3A 2F 2F 6A 6D 70 32 2E 75 6B 2F 73    ttps://jmp2.uk/s
00002780: 74 76 70 2D 55 53 42 44 33 33 30 30 30 30 34 52    tvp-USBD3300004R
00002790: 48 0A 23 45 58 54 49 4E 46 3A 2D 31 20 63 68 61    H.#EXTINF:-1 cha
000027a0: 6E 6E 65 6C 2D 69 64 3D 22 55 53 42 42 32 33 30    nnel-id="USBB230
000027b0: 30 30 30 33 4A 5A 22 20 74 76 67 2D 69 64 3D 22    0003JZ" tvg-id="
000027c0: 55 53 42 42 32 33 30 30 30 30 33 4A 5A 22 20 74    USBB2300003JZ" t
000027d0: 76 67 2D 63 68 6E 6F 3D 22 34 33 36 33 22 20 74    vg-chno="4363" t
000027e0: 76 67 2D 6E 61 6D 65 3D 22 58 49 54 45 20 4A 75    vg-name="XITE Ju
000027f0: 73 74 20 43 68 69 6C 6C 22 20 74 76 67 2D 6C 6F    st Chill" tvg-lo
00002800: 67 6F 3D 22 68 74 74 70 73 3A 2F 2F 74 76 70 6E    go="https://tvpn
00002810: 6C 6F 67 6F 70 75 73 2E 73 61 6D 73 75 6E 67 63    logopus.samsungc
00002820: 6C 6F 75 64 2E 74 76 2F 70 6C 61 74 66 6F 72 6D    loud.tv/platform
00002830: 2F 69 6D 61 67 65 2F 73 6F 75 72 63 65 6C 6F 67    /image/sourcelog
00002840: 6F 2F 76 63 2F 30 30 2F 30 32 2F 33 34 2F 55 53    o/vc/00/02/34/US
00002850: 42 42 32 33 30 30 30 30 33 4A 5A 5F 32 30 32 34    BB2300003JZ_2024
00002860: 30 37 31 36 54 30 30 32 36 35 32 53 51 55 41 52    0716T002652SQUAR
00002870: 45 2E 70 6E 67 22 20 67 72 6F 75 70 2D 74 69 74    E.png" group-tit
00002880: 6C 65 3D 22 4D 75 73 69 63 22 2C 58 49 54 45 20    le="Music",XITE 
00002890: 4A 75 73 74 20 43 68 69 6C 6C 0A 68 74 74 70 73    Just Chill.https
000028a0: 3A 2F 2F 6A 6D 70 32 2E 75 6B 2F 73 74 76 70 2D    ://jmp2.uk/stvp-
000028b0: 55 53 42 42 32 33 30 30 30 30 33 4A 5A 0A 23 45    USBB2300003JZ.#E
000028c0: 58 54 49 4E 46 3A 2D 31 20 63 68 61 6E 6E 65 6C    XTINF:-1 channel
000028d0: 2D 69 64 3D 22 55 53 42 44 33 33 30 30 30 30 37    -id="USBD3300007
000028e0: 50 42 22 20 74 76 67 2D 69 64 3D 22 55 53 42 44    PB" tvg-id="USBD
000028f0: 33 33 30 30 30 30 37 50 42 22 20 74 76 67 2D 63    3300007PB" tvg-c
00002900: 68 6E 6F 3D 22 34 33 33 38 22 20 74 76 67 2D 6E    hno="4338" tvg-n
00002910: 61 6D 65 3D 22 58 49 54 45 20 4E 75 65 76 6F 20    ame="XITE Nuevo 
00002920: 4C 61 74 69 6E 6F 22 20 74 76 67 2D 6C 6F 67 6F    Latino" tvg-logo
00002930: 3D 22 68 74 74 70 73 3A 2F 2F 74 76 70 6E 6C 6F    ="https://tvpnlo
00002940: 67 6F 70 75 73 2E 73 61 6D 73 75 6E 67 63 6C 6F    gopus.samsungclo
00002950: 75 64 2E 74 76 2F 70 6C 61 74 66 6F 72 6D 2F 69    ud.tv/platform/i
00002960: 6D 61 67 65 2F 73 6F 75 72 63 65 6C 6F 67 6F 2F    mage/sourcelogo/
00002970: 76 63 2F 30 30 2F 30 32 2F 33 34 2F 55 53 42 44    vc/00/02/34/USBD
00002980: 33 33 30 30 30 30 37 50 42 5F 32 30 32 34 31 32    3300007PB_202412
00002990: 30 33 54 30 30 34 38 31 33 53 51 55 41 52 45 2E    03T004813SQUARE.
000029a0: 70 6E 67 22 20 67 72 6F 75 70 2D 74 69 74 6C 65    png" group-title
000029b0: 3D 22 4D 75 73 69 63 22 2C 58 49 54 45 20 4E 75    ="Music",XITE Nu
000029c0: 65 76 6F 20 4C 61 74 69 6E 6F 0A 68 74 74 70 73    evo Latino.https
000029d0: 3A 2F 2F 6A 6D 70 32 2E 75 6B 2F 73 74 76 70 2D    ://jmp2.uk/stvp-
000029e0: 55 53 42 44 33 33 30 30 30 30 37 50 42 0A 23 45    USBD3300007PB.#E
000029f0: 58 54 49 4E 46 3A 2D 31 20 63 68 61 6E 6E 65 6C    XTINF:-1 channel
00002a00: 2D 69 64 3D 22 55 53 42 44 33 33 30 30 30 30 39    -id="USBD3300009
00002a10: 34 38 22 20 74 76 67 2D 69 64 3D 22 55 53 42 44    48" tvg-id="USBD
00002a20: 33 33 30 30 30 30 39 34 38 22 20 74 76 67 2D 63    330000948" tvg-c
00002a30: 68 6E 6F 3D 22 34 33 34 38 22 20 74 76 67 2D 6E    hno="4348" tvg-n
00002a40: 61 6D 65 3D 22 58 49 54 45 20 52 26 42 20 43 6C    ame="XITE R&B Cl
00002a50: 61 73 73 69 63 20 4A 61 6D 73 22 20 74 76 67 2D    assic Jams" tvg-
00002a60: 6C 6F 67 6F 3D 22 68 74 74 70 73 3A 2F 2F 74 76    logo="https://tv
00002a70: 70 6E 6C 6F 67 6F 70 75 73 2E 73 61 6D 73 75 6E    pnlogopus.samsun
00002a80: 67 63 6C 6F 75 64 2E 74 76 2F 70 6C 61 74 66 6F    gcloud.tv/platfo
00002a90: 72 6D 2F 69 6D 61 67 65 2F 73 6F 75 72 63 65 6C    rm/image/sourcel
00002aa0: 6F 67 6F 2F 76 63 2F 30 30 2F 30 32 2F 33 34 2F    ogo/vc/00/02/34/
00002ab0: 55 53 42 44 33 33 30 30 30 30 39 34 38 5F 32 30    USBD330000948_20
00002ac0: 32 34 30 37 31 36 54 30 30 32 36 34 38 53 51 55    240716T002648SQU
00002ad0: 41 52 45 2E 70 6E 67 22 20 67 72 6F 75 70 2D 74    ARE.png" group-t
00002ae0: 69 74 6C 65 3D 22 4D 75 73 69 63 22 2C 58 49 54    itle="Music",XIT
00002af0: 45 20 52 26 42 20 43 6C 61 73 73 69 63 20 4A 61    E R&B Classic Ja
00002b00: 6D 73 0A 68 74 74 70 73 3A 2F 2F 6A 6D 70 32 2E    ms.https://jmp2.
00002b10: 75 6B 2F 73 74 76 70 2D 55 53 42 44 33 33 30 30    uk/stvp-USBD3300
00002b20: 30 30 39 34 38 0A 23 45 58 54 49 4E 46 3A 2D 31    00948.#EXTINF:-1
00002b30: 20 63 68 61 6E 6E 65 6C 2D 69 64 3D 22 55 53 34     channel-id="US4
00002b40: 36 30 30 30 30 38 4A 41 22 20 74 76 67 2D 69 64    600008JA" tvg-id
00002b50: 3D 22 55 53 34 36 30 30 30 30 38 4A 41 22 20 74    ="US4600008JA" t
00002b60: 76 67 2D 63 68 6E 6F 3D 22 34 33 35 30 22 20 74    vg-chno="4350" t
00002b70: 76 67 2D 6E 61 6D 65 3D 22 58 49 54 45 20 52 65    vg-name="XITE Re
00002b80: 67 67 61 65 20 56 69 62 65 73 22 20 74 76 67 2D    ggae Vibes" tvg-
00002b90: 6C 6F 67 6F 3D 22 68 74 74 70 73 3A 2F 2F 74 76    logo="https://tv
00002ba0: 70 6E 6C 6F 67 6F 70 75 73 2E 73 61 6D 73 75 6E    pnlogopus.samsun
00002bb0: 67 63 6C 6F 75 64 2E 74 76 2F 70 6C 61 74 66 6F    gcloud.tv/platfo
00002bc0: 72 6D 2F 69 6D 61 67 65 2F 73 6F 75 72 63 65 6C    rm/image/sourcel
00002bd0: 6F 67 6F 2F 76 63 2F 30 30 2F 30 32 2F 33 34 2F    ogo/vc/00/02/34/
00002be0: 55 53 34 36 30 30 30 30 38 4A 41 5F 32 30 32 35    US4600008JA_2025
00002bf0: 30 32 30 34 54 30 31 34 33 32 35 53 51 55 41 52    0204T014325SQUAR
00002c00: 45 2E 70 6E 67 22 20 67 72 6F 75 70 2D 74 69 74    E.png" group-tit
00002c10: 6C 65 3D 22 4D 75 73 69 63 22 2C 58 49 54 45 20    le="Music",XITE 
00002c20: 52 65 67 67 61 65 20 56 69 62 65 73 0A 68 74 74    Reggae Vibes.htt
00002c30: 70 73 3A 2F 2F 6A 6D 70 32 2E 75 6B 2F 73 74 76    ps://jmp2.uk/stv
00002c40: 70 2D 55 53 34 36 30 30 30 30 38 4A 41 0A 23 45    p-US4600008JA.#E
00002c50: 58 54 49 4E 46 3A 2D 31 20 63 68 61 6E 6E 65 6C    XTINF:-1 channel
00002c60: 2D 69 64 3D 22 55 53 42 42 32 33 30 30 30 30 34    -id="USBB2300004
00002c70: 4B 56 22 20 74 76 67 2D 69 64 3D 22 55 53 42 42    KV" tvg-id="USBB
00002c80: 32 33 30 30 30 30 34 4B 56 22 20 74 76 67 2D 63    2300004KV" tvg-c
00002c90: 68 6E 6F 3D 22 34 33 35 33 22 20 74 76 67 2D 6E    hno="4353" tvg-n
00002ca0: 61 6D 65 3D 22 58 49 54 45 20 52 6F 63 6B 20 78    ame="XITE Rock x
00002cb0: 20 4D 65 74 61 6C 22 20 74 76 67 2D 6C 6F 67 6F     Metal" tvg-logo
00002cc0: 3D 22 68 74 74 70 73 3A 2F 2F 74 76 70 6E 6C 6F    ="https://tvpnlo
00002cd0: 67 6F 70 75 73 2E 73 61 6D 73 75 6E 67 63 6C 6F    gopus.samsungclo
00002ce0: 75 64 2E 74 76 2F 70 6C 61 74 66 6F 72 6D 2F 69    ud.tv/platform/i
00002cf0: 6D 61 67 65 2F 73 6F 75 72 63 65 6C 6F 67 6F 2F    mage/sourcelogo/
00002d00: 76 63 2F 30 30 2F 30 32 2F 33 34 2F 55 53 42 42    vc/00/02/34/USBB
00002d10: 32 33 30 30 30 30 34 4B 56 5F 32 30 32 34 30 37    2300004KV_202407
00002d20: 31 36 54 30 30 32 36 35 34 53 51 55 41 52 45 2E    16T002654SQUARE.
00002d30: 70 6E 67 22 20 67 72 6F 75 70 2D 74 69 74 6C 65    png" group-title
00002d40: 3D 22 4D 75 73 69 63 22 2C 58 49 54 45 20 52 6F    ="Music",XITE Ro
00002d50: 63 6B 20 78 20 4D 65 74 61 6C 0A 68 74 74 70 73    ck x Metal.https
00002d60: 3A 2F 2F 6A 6D 70 32 2E 75 6B 2F 73 74 76 70 2D    ://jmp2.uk/stvp-
00002d70: 55 53 42 42 32 33 30 30 30 30 34 4B 56 0A 23 45    USBB2300004KV.#E
00002d80: 58 54 49 4E 46 3A 2D 31 20 63 68 61 6E 6E 65 6C    XTINF:-1 channel
00002d90: 2D 69 64 3D 22 55 53 42 44 33 33 30 30 30 31 30    -id="USBD3300010
00002da0: 4C 39 22 20 74 76 67 2D 69 64 3D 22 55 53 42 44    L9" tvg-id="USBD
00002db0: 33 33 30 30 30 31 30 4C 39 22 20 74 76 67 2D 63    3300010L9" tvg-c
00002dc0: 68 6E 6F 3D 22 34 33 34 33 22 20 74 76 67 2D 6E    hno="4343" tvg-n
00002dd0: 61 6D 65 3D 22 58 49 54 45 20 53 69 65 6D 70 72    ame="XITE Siempr
00002de0: 65 20 4C 61 74 69 6E 6F 22 20 74 76 67 2D 6C 6F    e Latino" tvg-lo
00002df0: 67 6F 3D 22 68 74 74 70 73 3A 2F 2F 74 76 70 6E    go="https://tvpn
00002e00: 6C 6F 67 6F 70 75 73 2E 73 61 6D 73 75 6E 67 63    logopus.samsungc
00002e10: 6C 6F 75 64 2E 74 76 2F 70 6C 61 74 66 6F 72 6D    loud.tv/platform
00002e20: 2F 69 6D 61 67 65 2F 73 6F 75 72 63 65 6C 6F 67    /image/sourcelog
00002e30: 6F 2F 76 63 2F 30 30 2F 30 32 2F 33 34 2F 55 53    o/vc/00/02/34/US
00002e40: 42 44 33 33 30 30 30 31 30 4C 39 5F 32 30 32 34    BD3300010L9_2024
00002e50: 30 39 32 34 54 30 31 31 30 34 30 53 51 55 41 52    0924T011040SQUAR
00002e60: 45 2E 70 6E 67 22 20 67 72 6F 75 70 2D 74 69 74    E.png" group-tit
00002e70: 6C 65 3D 22 4D 75 73 69 63 22 2C 58 49 54 45 20    le="Music",XITE 
00002e80: 53 69 65 6D 70 72 65 20 4C 61 74 69 6E 6F 0A 68    Siempre Latino.h
00002e90: 74 74 70 73 3A 2F 2F 6A 6D 70 32 2E 75 6B 2F 73    ttps://jmp2.uk/s
00002ea0: 74 76 70 2D 55 53 42 44 33 33 30 30 30 31 30 4C    tvp-USBD3300010L
00002eb0: 39 0A 23 45 58 54 49 4E 46 3A 2D 31 20 63 68 61    9.#EXTINF:-1 cha
00002ec0: 6E 6E 65 6C 2D 69 64 3D 22 55 53 42 43 32 31 30    nnel-id="USBC210
00002ed0: 30 30 30 38 44 50 22 20 74 76 67 2D 69 64 3D 22    0008DP" tvg-id="
00002ee0: 55 53 42 43 32 31 30 30 30 30 38 44 50 22 20 74    USBC2100008DP" t
00002ef0: 76 67 2D 63 68 6E 6F 3D 22 33 35 32 39 22 20 74    vg-chno="3529" t
00002f00: 76 67 2D 6E 61 6D 65 3D 22 58 70 6C 6F 72 65 22    vg-name="Xplore"
00002f10: 20 74 76 67 2D 6C 6F 67 6F 3D 22 68 74 74 70 73     tvg-logo="https
00002f20: 3A 2F 2F 74 76 70 6E 6C 6F 67 6F 70 75 73 2E 73    ://tvpnlogopus.s
00002f30: 61 6D 73 75 6E 67 63 6C 6F 75 64 2E 74 76 2F 70    amsungcloud.tv/p
00002f40: 6C 61 74 66 6F 72 6D 2F 69 6D 61 67 65 2F 73 6F    latform/image/so
00002f50: 75 72 63 65 6C 6F 67 6F 2F 76 63 2F 30 30 2F 30    urcelogo/vc/00/0
00002f60: 32 2F 33 34 2F 55 53 42 43 32 31 30 30 30 30 38    2/34/USBC2100008
00002f70: 44 50 5F 32 30 32 34 30 35 32 30 54 32 31 34 39    DP_20240520T2149
00002f80: 30 32 53 51 55 41 52 45 2E 70 6E 67 22 20 67 72    02SQUARE.png" gr
00002f90: 6F 75 70 2D 74 69 74 6C 65 3D 22 4E 61 74 75 72    oup-title="Natur
00002fa0: 65 2C 20 48 69 73 74 6F 72 79 20 26 20 53 63 69    e, History & Sci
00002fb0: 65 6E 63 65 22 2C 58 70 6C 6F 72 65 0A 68 74 74    ence",Xplore.htt
00002fc0: 70 73 3A 2F 2F 6A 6D 70 32 2E 75 6B 2F 73 74 76    ps://jmp2.uk/stv
00002fd0: 70 2D 55 53 42 43 32 31 30 30 30 30 38 44 50 0A    p-USBC2100008DP.
00002fe0: 23 45 58 54 49 4E 46 3A 2D 31 20 63 68 61 6E 6E    #EXTINF:-1 chann
00002ff0: 65 6C 2D 69 64 3D 22 55 53 41 4B 33 35 30 38 37    el-id="USAK35087
00003000: 30 36 41 22 20 74 76 67 2D 69 64 3D 22 55 53 41    06A" tvg-id="USA
00003010: 4B 33 35 30 38 37 30 36 41 22 20 74 76 67 2D 63    K3508706A" tvg-c
00003020: 68 6E 6F 3D 22 32 37 37 39 22 20 74 76 67 2D 6E    hno="2779" tvg-n
00003030: 61 6D 65 3D 22 58 74 72 65 6D 65 20 4F 75 74 64    ame="Xtreme Outd
00003040: 6F 6F 72 20 50 72 65 73 65 6E 74 65 64 20 62 79    oor Presented by
00003050: 20 48 49 53 54 4F 52 59 22 20 74 76 67 2D 6C 6F     HISTORY" tvg-lo
00003060: 67 6F 3D 22 68 74 74 70 73 3A 2F 2F 74 76 70 6E    go="https://tvpn
00003070: 6C 6F 67 6F 70 75 73 2E 73 61 6D 73 75 6E 67 63    logopus.samsungc
00003080: 6C 6F 75 64 2E 74 76 2F 70 6C 61 74 66 6F 72 6D    loud.tv/platform
00003090: 2F 69 6D 61 67 65 2F 73 6F 75 72 63 65 6C 6F 67    /image/sourcelog
000030a0: 6F 2F 76 63 2F 30 30 2F 30 32 2F 33 34 2F 55 53    o/vc/00/02/34/US
000030b0: 41 4B 33 35 30 38 37 30 36 41 5F 32 30 32 35 30    AK3508706A_20250
000030c0: 36 30 32 54 32 33 31 34 34 39 53 51 55 41 52 45    602T231449SQUARE
000030d0: 2E 70 6E 67 22 20 67 72 6F 75 70 2D 74 69 74 6C    .png" group-titl
000030e0: 65 3D 22 52 65 61 6C 69 74 79 20 43 6F 6D 70 65    e="Reality Compe
000030f0: 74 69 74 69 6F 6E 22 2C 58 74 72 65 6D 65 20 4F    tition",Xtreme O
00003100: 75 74 64 6F 6F 72 20 50 72 65 73 65 6E 74 65 64    utdoor Presented
00003110: 20 62 79 20 48 49 53 54 4F 52 59 0A 68 74 74 70     by HISTORY.http
00003120: 73 3A 2F 2F 6A 6D 70 32 2E 75 6B 2F 73 74 76 70    s://jmp2.uk/stvp
00003130: 2D 55 53 41 4B 33 35 30 38 37 30 36 41 0A 23 45    -USAK3508706A.#E
00003140: 58 54 49 4E 46 3A 2D 31 20 63 68 61 6E 6E 65 6C    XTINF:-1 channel
00003150: 2D 69 64 3D 22 55 53 41 4A 34 33 30 30 30 30 35    -id="USAJ4300005
00003160: 50 4A 22 20 74 76 67 2D 69 64 3D 22 55 53 41 4A    PJ" tvg-id="USAJ
00003170: 34 33 30 30 30 30 35 50 4A 22 20 74 76 67 2D 63    4300005PJ" tvg-c
00003180: 68 6E 6F 3D 22 31 31 36 35 22 20 74 76 67 2D 6E    hno="1165" tvg-n
00003190: 61 6D 65 3D 22 59 61 68 6F 6F 20 46 69 6E 61 6E    ame="Yahoo Finan
000031a0: 63 65 22 20 74 76 67 2D 6C 6F 67 6F 3D 22 68 74    ce" tvg-logo="ht
000031b0: 74 70 73 3A 2F 2F 74 76 70 6E 6C 6F 67 6F 70 75    tps://tvpnlogopu
000031c0: 73 2E 73 61 6D 73 75 6E 67 63 6C 6F 75 64 2E 74    s.samsungcloud.t
000031d0: 76 2F 70 6C 61 74 66 6F 72 6D 2F 69 6D 61 67 65    v/platform/image
000031e0: 2F 73 6F 75 72 63 65 6C 6F 67 6F 2F 76 63 2F 30    /sourcelogo/vc/0
000031f0: 30 2F 30 32 2F 33 34 2F 55 53 41 4A 34 33 30 30    0/02/34/USAJ4300
00003200: 30 30 35 50 4A 5F 32 30 32 35 30 33 32 35 54 30    005PJ_20250325T0
00003210: 32 30 32 35 37 53 51 55 41 52 45 2E 70 6E 67 22    20257SQUARE.png"
00003220: 20 67 72 6F 75 70 2D 74 69 74 6C 65 3D 22 4E 65     group-title="Ne
00003230: 77 73 20 26 20 4F 70 69 6E 69 6F 6E 22 2C 59 61    ws & Opinion",Ya
00003240: 68 6F 6F 20 46 69 6E 61 6E 63 65 0A 68 74 74 70    hoo Finance.http
00003250: 73 3A 2F 2F 6A 6D 70 32 2E 75 6B 2F 73 74 76 70    s://jmp2.uk/stvp
00003260: 2D 55 53 41 4A 34 33 30 30 30 30 35 50 4A 0A 23    -USAJ4300005PJ.#
00003270: 45 58 54 49 4E 46 3A 2D 31 20 63 68 61 6E 6E 65    EXTINF:-1 channe
00003280: 6C 2D 69 64 3D 22 55 53 33 32 30 30 30 31 32 4F    l-id="US3200012O
00003290: 38 22 20 74 76 67 2D 69 64 3D 22 55 53 33 32 30    8" tvg-id="US320
000032a0: 30 30 31 32 4F 38 22 20 74 76 67 2D 63 68 6E 6F    0012O8" tvg-chno
000032b0: 3D 22 32 33 34 31 22 20 74 76 67 2D 6E 61 6D 65    ="2341" tvg-name
000032c0: 3D 22 59 61 68 6F 6F 21 20 53 70 6F 72 74 73 20    ="Yahoo! Sports 
000032d0: 4E 65 74 77 6F 72 6B 22 20 74 76 67 2D 6C 6F 67    Network" tvg-log
000032e0: 6F 3D 22 68 74 74 70 73 3A 2F 2F 74 76 70 6E 6C    o="https://tvpnl
000032f0: 6F 67 6F 70 75 73 2E 73 61 6D 73 75 6E 67 63 6C    ogopus.samsungcl
00003300: 6F 75 64 2E 74 76 2F 70 6C 61 74 66 6F 72 6D 2F    oud.tv/platform/
00003310: 69 6D 61 67 65 2F 73 6F 75 72 63 65 6C 6F 67 6F    image/sourcelogo
00003320: 2F 76 63 2F 30 30 2F 30 32 2F 33 34 2F 55 53 33    /vc/00/02/34/US3
00003330: 32 30 30 30 31 32 4F 38 5F 32 30 32 35 31 32 30    200012O8_2025120
00003340: 39 54 30 31 30 30 30 35 53 51 55 41 52 45 2E 70    9T010005SQUARE.p
00003350: 6E 67 22 20 67 72 6F 75 70 2D 74 69 74 6C 65 3D    ng" group-title=
00003360: 22 53 70 6F 72 74 73 20 26 20 4F 75 74 64 6F 6F    "Sports & Outdoo
00003370: 72 73 22 2C 59 61 68 6F 6F 21 20 53 70 6F 72 74    rs",Yahoo! Sport
00003380: 73 20 4E 65 74 77 6F 72 6B 0A 68 74 74 70 73 3A    s Network.https:
00003390: 2F 2F 6A 6D 70 32 2E 75 6B 2F 73 74 76 70 2D 55    //jmp2.uk/stvp-U
000033a0: 53 33 32 30 30 30 31 32 4F 38 0A 23 45 58 54 49    S3200012O8.#EXTI
000033b0: 4E 46 3A 2D 31 20 63 68 61 6E 6E 65 6C 2D 69 64    NF:-1 channel-id
000033c0: 3D 22 55 53 31 30 30 30 30 30 33 47 38 22 20 74    ="US1000003G8" t
000033d0: 76 67 2D 69 64 3D 22 55 53 31 30 30 30 30 30 33    vg-id="US1000003
000033e0: 47 38 22 20 74 76 67 2D 63 68 6E 6F 3D 22 33 36    G8" tvg-chno="36
000033f0: 39 34 22 20 74 76 67 2D 6E 61 6D 65 3D 22 59 75    94" tvg-name="Yu
00003400: 2D 47 69 2D 4F 68 22 20 74 76 67 2D 6C 6F 67 6F    -Gi-Oh" tvg-logo
00003410: 3D 22 68 74 74 70 73 3A 2F 2F 74 76 70 6E 6C 6F    ="https://tvpnlo
00003420: 67 6F 70 75 73 2E 73 61 6D 73 75 6E 67 63 6C 6F    gopus.samsungclo
00003430: 75 64 2E 74 76 2F 70 6C 61 74 66 6F 72 6D 2F 69    ud.tv/platform/i
00003440: 6D 61 67 65 2F 73 6F 75 72 63 65 6C 6F 67 6F 2F    mage/sourcelogo/
00003450: 76 63 2F 30 30 2F 30 32 2F 33 34 2F 55 53 31 30    vc/00/02/34/US10
00003460: 30 30 30 30 33 47 38 5F 32 30 32 35 30 34 32 38    00003G8_20250428
00003470: 54 32 32 33 35 30 31 53 51 55 41 52 45 2E 70 6E    T223501SQUARE.pn
00003480: 67 22 20 67 72 6F 75 70 2D 74 69 74 6C 65 3D 22    g" group-title="
00003490: 4B 69 64 73 22 2C 59 75 2D 47 69 2D 4F 68 0A 68    Kids",Yu-Gi-Oh.h
000034a0: 74 74 70 73 3A 2F 2F 6A 6D 70 32 2E 75 6B 2F 73    ttps://jmp2.uk/s
000034b0: 74 76 70 2D 55 53 31 30 30 30 30 30 33 47 38 0A    tvp-US1000003G8.
000034c0: 23 45 58 54 49 4E 46 3A 2D 31 20 63 68 61 6E 6E    #EXTINF:-1 chann
000034d0: 65 6C 2D 69 64 3D 22 55 53 42 44 33 35 30 30 30    el-id="USBD35000
000034e0: 32 37 44 53 22 20 74 76 67 2D 69 64 3D 22 55 53    27DS" tvg-id="US
000034f0: 42 44 33 35 30 30 30 32 37 44 53 22 20 74 76 67    BD3500027DS" tvg
00003500: 2D 63 68 6E 6F 3D 22 34 35 37 38 22 20 74 76 67    -chno="4578" tvg
00003510: 2D 6E 61 6D 65 3D 22 5A 65 6E 4C 49 46 45 20 62    -name="ZenLIFE b
00003520: 79 20 53 74 69 6E 67 72 61 79 22 20 74 76 67 2D    y Stingray" tvg-
00003530: 6C 6F 67 6F 3D 22 68 74 74 70 73 3A 2F 2F 74 76    logo="https://tv
00003540: 70 6E 6C 6F 67 6F 70 75 73 2E 73 61 6D 73 75 6E    pnlogopus.samsun
00003550: 67 63 6C 6F 75 64 2E 74 76 2F 70 6C 61 74 66 6F    gcloud.tv/platfo
00003560: 72 6D 2F 69 6D 61 67 65 2F 73 6F 75 72 63 65 6C    rm/image/sourcel
00003570: 6F 67 6F 2F 76 63 2F 30 30 2F 30 32 2F 33 34 2F    ogo/vc/00/02/34/
00003580: 55 53 42 44 33 35 30 30 30 32 37 44 53 5F 32 30    USBD3500027DS_20
00003590: 32 35 31 31 32 35 54 30 33 30 38 34 37 53 51 55    251125T030847SQU
000035a0: 41 52 45 2E 70 6E 67 22 20 67 72 6F 75 70 2D 74    ARE.png" group-t
000035b0: 69 74 6C 65 3D 22 41 6D 62 69 61 6E 63 65 22 2C    itle="Ambiance",
000035c0: 5A 65 6E 4C 49 46 45 20 62 79 20 53 74 69 6E 67    ZenLIFE by Sting
000035d0: 72 61 79 0A 68 74 74 70 73 3A 2F 2F 6A 6D 70 32    ray.https://jmp2
000035e0: 2E 75 6B 2F 73 74 76 70 2D 55 53 42 44 33 35 30    .uk/stvp-USBD350
000035f0: 30 30 32 37 44 53 0A 23 45 58 54 49 4E 46 3A 2D    0027DS.#EXTINF:-
00003600: 31 20 63 68 61 6E 6E 65 6C 2D 69 64 3D 22 55 53    1 channel-id="US
00003610: 42 44 31 37 30 30 30 31 36 58 39 22 20 74 76 67    BD1700016X9" tvg
00003620: 2D 69 64 3D 22 55 53 42 44 31 37 30 30 30 31 36    -id="USBD1700016
00003630: 58 39 22 20 74 76 67 2D 63 68 6E 6F 3D 22 33 38    X9" tvg-chno="38
00003640: 32 30 22 20 74 76 67 2D 6E 61 6D 65 3D 22 5A 6F    20" tvg-name="Zo
00003650: 6E 61 20 54 55 44 4E 22 20 74 76 67 2D 6C 6F 67    na TUDN" tvg-log
00003660: 6F 3D 22 68 74 74 70 73 3A 2F 2F 74 76 70 6E 6C    o="https://tvpnl
00003670: 6F 67 6F 70 75 73 2E 73 61 6D 73 75 6E 67 63 6C    ogopus.samsungcl
00003680: 6F 75 64 2E 74 76 2F 70 6C 61 74 66 6F 72 6D 2F    oud.tv/platform/
00003690: 69 6D 61 67 65 2F 73 6F 75 72 63 65 6C 6F 67 6F    image/sourcelogo
000036a0: 2F 76 63 2F 30 30 2F 30 32 2F 33 34 2F 55 53 42    /vc/00/02/34/USB
000036b0: 44 31 37 30 30 30 31 36 58 39 5F 32 30 32 34 30    D1700016X9_20240
000036c0: 35 32 30 54 32 31 32 39 35 31 53 51 55 41 52 45    520T212951SQUARE
000036d0: 2E 70 6E 67 22 20 67 72 6F 75 70 2D 74 69 74 6C    .png" group-titl
000036e0: 65 3D 22 4C 61 74 69 6E 6F 22 2C 5A 6F 6E 61 20    e="Latino",Zona 
000036f0: 54 55 44 4E 0A 68 74 74 70 73 3A 2F 2F 6A 6D 70    TUDN.https://jmp
00003700: 32 2E 75 6B 2F 73 74 76 70 2D 55 53 42 44 31 37    2.uk/stvp-USBD17
00003710: 30 30 30 31 36 58 39 0A 23 45 58 54 49 4E 46 3A    00016X9.#EXTINF:
00003720: 2D 31 20 63 68 61 6E 6E 65 6C 2D 69 64 3D 22 55    -1 channel-id="U
00003730: 53 42 43 32 34 30 30 30 31 39 45 46 22 20 74 76    SBC2400019EF" tv
00003740: 67 2D 69 64 3D 22 55 53 42 43 32 34 30 30 30 31    g-id="USBC240001
00003750: 39 45 46 22 20 74 76 67 2D 63 68 6E 6F 3D 22 33    9EF" tvg-chno="3
00003760: 36 36 30 22 20 74 76 67 2D 6E 61 6D 65 3D 22 5A    660" tvg-name="Z
00003770: 6F 6F 4D 6F 6F 22 20 74 76 67 2D 6C 6F 67 6F 3D    ooMoo" tvg-logo=
00003780: 22 68 74 74 70 73 3A 2F 2F 74 76 70 6E 6C 6F 67    "https://tvpnlog
00003790: 6F 70 75 73 2E 73 61 6D 73 75 6E 67 63 6C 6F 75    opus.samsungclou
000037a0: 64 2E 74 76 2F 70 6C 61 74 66 6F 72 6D 2F 69 6D    d.tv/platform/im
000037b0: 61 67 65 2F 73 6F 75 72 63 65 6C 6F 67 6F 2F 76    age/sourcelogo/v
000037c0: 63 2F 30 30 2F 30 32 2F 33 34 2F 55 53 42 43 32    c/00/02/34/USBC2
000037d0: 34 30 30 30 31 39 45 46 5F 32 30 32 34 30 35 32    400019EF_2024052
000037e0: 30 54 32 31 34 39 30 34 53 51 55 41 52 45 2E 70    0T214904SQUARE.p
000037f0: 6E 67 22 20 67 72 6F 75 70 2D 74 69 74 6C 65 3D    ng" group-title=
00003800: 22 4B 69 64 73 22 2C 5A 6F 6F 4D 6F 6F 0A 68 74    "Kids",ZooMoo.ht
00003810: 74 70 73 3A 2F 2F 6A 6D 70 32 2E 75 6B 2F 73 74    tps://jmp2.uk/st
00003820: 76 70 2D 55 53 42 43 32 34 30 30 30 31 39 45 46    vp-USBC2400019EF
00003830: 0A 23 45 58 54 49 4E 46 3A 2D 31 20 63 68 61 6E    .#EXTINF:-1 chan
00003840: 6E 65 6C 2D 69 64 3D 22 55 53 32 37 30 30 30 30    nel-id="US270000
00003850: 32 39 38 22 20 74 76 67 2D 69 64 3D 22 55 53 32    298" tvg-id="US2
00003860: 37 30 30 30 30 32 39 38 22 20 74 76 67 2D 63 68    70000298" tvg-ch
00003870: 6E 6F 3D 22 33 39 30 37 22 20 74 76 67 2D 6E 61    no="3907" tvg-na
00003880: 6D 65 3D 22 BF 51 75 E9 20 43 75 6C 70 61 20 54    me=".Qu. Culpa T
00003890: 69 65 6E 65 20 46 61 74 6D 61 67 FC 6C 3F 22 20    iene Fatmag.l?" 
000038a0: 74 76 67 2D 6C 6F 67 6F 3D 22 68 74 74 70 73 3A    tvg-logo="https:
000038b0: 2F 2F 74 76 70 6E 6C 6F 67 6F 70 75 73 2E 73 61    //tvpnlogopus.sa
000038c0: 6D 73 75 6E 67 63 6C 6F 75 64 2E 74 76 2F 70 6C    msungcloud.tv/pl
000038d0: 61 74 66 6F 72 6D 2F 69 6D 61 67 65 2F 73 6F 75    atform/image/sou
000038e0: 72 63 65 6C 6F 67 6F 2F 76 63 2F 30 30 2F 30 32    rcelogo/vc/00/02
000038f0: 2F 33 34 2F 55 53 32 37 30 30 30 30 32 39 38 5F    /34/US270000298_
00003900: 32 30 32 34 31 31 31 39 54 30 32 30 34 30 32 53    20241119T020402S
00003910: 51 55 41 52 45 2E 70 6E 67 22 20 67 72 6F 75 70    QUARE.png" group
00003920: 2D 74 69 74 6C 65 3D 22 4C 61 74 69 6E 6F 22 2C    -title="Latino",
00003930: BF 51 75 E9 20 43 75 6C 70 61 20 54 69 65 6E 65    .Qu. Culpa Tiene
00003940: 20 46 61 74 6D 61 67 FC 6C 3F 0A 68 74 74 70 73     Fatmag.l?.https
00003950: 3A 2F 2F 6A 6D 70 32 2E 75 6B 2F 73 74 76 70 2D    ://jmp2.uk/stvp-
00003960: 55 53 32 37 30 30 30 30 32 39 38 0A                US270000298.
